Country,longitude,latitude,Town,Town-District,Fertilizer,Type,Unit,avg_2010,avg_2011,avg_2012,avg_2013,avg_2014,avg_2015,avg_2016,avg_2017,avg_2018
Burundi,29.625286,-2.921853,KAYA,kayanza,DAP,Commercial,BIF / 50kg,57876,71665,,,,83000,,,
Burundi,29.625286,-2.921853,KAYA,kayanza,DAP,Commercial,BIF / 25 kg,,,,,,32000,33000,,
Burundi,29.625286,-2.921853,KAYA,kayanza,DAP,Subsidized,BIF / 25 kg,,,,,,25500,25500,,
Burundi,29.625286,-2.921853,KAYA,kayanza,NPK 20 10 10,Commercial,BIF / 50kg,43407,58800,,,,67333,75000,,
Burundi,29.625286,-2.921853,KAYA,kayanza,NPK 20 10 10,Commercial,BIF / 25 kg,,,,,,31000,31000,,
Burundi,29.625286,-2.921853,KAYA,kayanza,NPK 20 10 10,Subsidized,BIF / 25 kg,,,,,,20000,20000,,
Burundi,29.625286,-2.921853,KAYA,kayanza,NPK 20 10 10,Subsidized,BIF / 50kg,,,,,,,62000,,
Burundi,29.625286,-2.921853,KAYA,kayanza,Urea,Commercial,BIF / 50kg,48230,54058,,,,63667,115000,,
Burundi,29.625286,-2.921853,KAYA,kayanza,Urea,Commercial,BIF / 25 kg,,,,,,35000,45250,,
Burundi,29.625286,-2.921853,KAYA,kayanza,Urea,Subsidized,BIF / 25 kg,,,,,,24000,24000,,
Burundi,29.625286,-2.921853,KAYA,kayanza,MOP,Commercial,BIF / 50kg,,67139,,,,61667,,,
Burundi,29.625286,-2.921853,KAYA,kayanza,MOP,Commercial,BIF / 25 kg,,,,,,27500,34000,,
Burundi,29.625286,-2.921853,KAYA,kayanza,MOP,Subsidized,BIF / 25 kg,,,,,,20000,20000,,
Burundi,29.625286,-2.921853,KAYA,kayanza,NPK 17 17 17,Commercial,BIF / 50kg,,54799,,,,71667,72000,,
Burundi,29.625286,-2.921853,KAYA,kayanza,NPK 17 17 17,Commercial,BIF / 25 kg,,,,,,35000,30000,,
Burundi,29.625286,-2.921853,KAYA,kayanza,NPK 25 5 5 + 5S,Commercial,BIF / 50kg,,57740,,,,,,,
Burundi,29.625286,-2.921853,KAYA,kayanza,NPK 22 6 12,Commercial,BIF / 50kg,,,,,,73667,75000,,
Burundi,29.625286,-2.921853,KAYA,kayanza,NPK 22 6 12,Commercial,BIF / 25 kg,,,,,,31000,31000,,
Burundi,29.625286,-2.921853,KAYA,kayanza,NPK 22 6 12,Subsidized,BIF / 25 kg,,,,,,20000,20000,,
Burundi,29.625286,-2.921853,KAYA,kayanza,NPK 22 6 12,Subsidized,BIF / 50kg,,,,,,,62000,,
Burundi,29.826549,-2.908352,Ngozi,Ngozi,DAP,Commercial,BIF / 50kg,57876,79693,,,,79333,,,
Burundi,29.826549,-2.908352,Ngozi,Ngozi,DAP,Commercial,BIF / 25 kg,,,,,,32000,32200,36750,45000
Burundi,29.826549,-2.908352,Ngozi,Ngozi,DAP,Subsidized,BIF / 25 kg,,,,,,25500,25500,28000,28000
Burundi,29.826549,-2.908352,Ngozi,Ngozi,NPK 17 17 17,Commercial,BIF / 50kg,33761,54833,,,,69667,,,
Burundi,29.826549,-2.908352,Ngozi,Ngozi,NPK 20 10 10,Commercial,BIF / 50kg,28938,63384,,,,67333,,,
Burundi,29.826549,-2.908352,Ngozi,Ngozi,NPK 20 10 10,Commercial,BIF / 25 kg,,,,,,34000,33000,,
Burundi,29.826549,-2.908352,Ngozi,Ngozi,NPK 20 10 10,Subsidized,BIF / 25 kg,,,,,,20000,20000,,
Burundi,29.826549,-2.908352,Ngozi,Ngozi,Urea,Commercial,BIF / 50kg,43407,57946,,,,65000,145000,,
Burundi,29.826549,-2.908352,Ngozi,Ngozi,Urea,Commercial,BIF / 25 kg,,,,,,36000,45500,34500,44300
Burundi,29.826549,-2.908352,Ngozi,Ngozi,Urea,Subsidized,BIF / 25 kg,,,,,,24000,24000,25000,25000
Burundi,29.826549,-2.908352,Ngozi,Ngozi,NPK 25 5 5 + 5S,Commercial,BIF / 50kg,,45686,,,,56667,,,
Burundi,29.826549,-2.908352,Ngozi,Ngozi,NPK 25 5 5 + 5S,Commercial,BIF / 25 kg,,,,,,27500,32000,,
Burundi,29.826549,-2.908352,Ngozi,Ngozi,MOP,Commercial,BIF / 50kg,,,,,,63333,,,
Burundi,29.826549,-2.908352,Ngozi,Ngozi,NPK 22 6 12,Commercial,BIF / 25 kg,,,,,,,,37500,35625
Burundi,29.826549,-2.908352,Ngozi,Ngozi,NPK 22 6 12,Subsidized,BIF / 25 kg,,,,,,,,27000,27000
Burundi,30.096179,-2.584868,Kirundo,Kirundo,Urea,Commercial,BIF / 50kg,40996,47516,,,,,,,
Burundi,30.096179,-2.584868,Kirundo,Kirundo,DAP,Commercial,BIF / 50kg,,60810,,,,,,,
Burundi,30.096179,-2.584868,Kirundo,Kirundo,NPK 17 17 17,Commercial,BIF / 50kg,,53216,,,,,,,
Burundi,29.359772,-3.414755,Bujumbura-Mairie,Bujumbura-Mairie,DAP,Commercial,BIF / 50kg,36991,75103,,,,82533,,,
Burundi,29.359772,-3.414755,Bujumbura-Mairie,Bujumbura-Mairie,DAP,Commercial,BIF / 25 kg,,,,,,31000,33474,38105,44780
Burundi,29.359772,-3.414755,Bujumbura-Mairie,Bujumbura-Mairie,DAP,Subsidized,BIF / 25 kg,,,,,,25500,25500,28000,28000
Burundi,29.359772,-3.414755,Bujumbura-Mairie,Bujumbura-Mairie,NPK 17 17 17,Commercial,BIF / 50kg,53619,55936,,,,75733,80000,,
Burundi,29.359772,-3.414755,Bujumbura-Mairie,Bujumbura-Mairie,NPK 17 17 17,Commercial,BIF / 25 kg,,,,,,36000,33265,39464,41563
Burundi,29.359772,-3.414755,Bujumbura-Mairie,Bujumbura-Mairie,NPK 17 17 17,Subsidized,BIF / 25 kg,,,,,,,27750,27000,27000
Burundi,29.359772,-3.414755,Bujumbura-Mairie,Bujumbura-Mairie,NPK 20 10 10,Commercial,BIF / 50kg,57957,63179,,,,65000,76667,,
Burundi,29.359772,-3.414755,Bujumbura-Mairie,Bujumbura-Mairie,NPK 20 10 10,Commercial,BIF / 25 kg,,,,,,36167,29909,42000,39750
Burundi,29.359772,-3.414755,Bujumbura-Mairie,Bujumbura-Mairie,NPK 20 10 10,Subsidized,BIF / 25 kg,,,,,,20000,20000,27000,27000
Burundi,29.359772,-3.414755,Bujumbura-Mairie,Bujumbura-Mairie,Urea,Commercial,BIF / 50kg,32593,52476,,,,66333,143750,,
Burundi,29.359772,-3.414755,Bujumbura-Mairie,Bujumbura-Mairie,Urea,Commercial,BIF / 25 kg,,,,,,39714,42400,34750,43880
Burundi,29.359772,-3.414755,Bujumbura-Mairie,Bujumbura-Mairie,Urea,Subsidized,BIF / 25 kg,,,,,,24000,24000,25000,25000
Burundi,29.359772,-3.414755,Bujumbura-Mairie,Bujumbura-Mairie,MOP,Commercial,BIF / 50kg,,52898,,,,63333,76000,,
Burundi,29.359772,-3.414755,Bujumbura-Mairie,Bujumbura-Mairie,MOP,Commercial,BIF / 25 kg,,,,,,32714,32375,40091,43682
Burundi,29.359772,-3.414755,Bujumbura-Mairie,Bujumbura-Mairie,MOP,Subsidized,BIF / 25 kg,,,,,,20000,20000,30000,29667
Burundi,29.359772,-3.414755,Bujumbura-Mairie,Bujumbura-Mairie,NPK 25 5 5 + 5S,Commercial,BIF / 50kg,,53806,,,,,,,
Burundi,29.359772,-3.414755,Bujumbura-Mairie,Bujumbura-Mairie,NPK 22 6 12,Commercial,BIF / 50kg,,,,,,75000,,,
Burundi,29.359772,-3.414755,Bujumbura-Mairie,Bujumbura-Mairie,NPK 22 6 12,Commercial,BIF / 25 kg,,,,,,30667,31929,39708,39719
Burundi,29.359772,-3.414755,Bujumbura-Mairie,Bujumbura-Mairie,NPK 22 6 12,Subsidized,BIF / 25 kg,,,,,,20000,20000,27000,27000
Burundi,29.343708,-3.509744,Kabezi,Kabezi,DAP,Commercial,BIF / 50kg,,84413,,,,,,,
Burundi,29.343708,-3.509744,Kabezi,Kabezi,NPK 17 17 17,Commercial,BIF / 50kg,,56330,,,,,,,
Burundi,29.343708,-3.509744,Kabezi,Kabezi,Urea,Commercial,BIF / 50kg,,60025,,,,,,,
Burundi,29.924903,-3.428803,Gitega,Gitega,DAP,Commercial,BIF / 50kg,,68823,,,,80000,,,
Burundi,29.924903,-3.428803,Gitega,Gitega,DAP,Commercial,BIF / 25 kg,,,,,,32500,31200,38250,45200
Burundi,29.924903,-3.428803,Gitega,Gitega,DAP,Subsidized,BIF / 25 kg,,,,,,25500,25500,28000,28000
Burundi,29.924903,-3.428803,Gitega,Gitega,NPK 17 17 17,Commercial,BIF / 50kg,,47622,,,,64000,,,
Burundi,29.924903,-3.428803,Gitega,Gitega,NPK 17 17 17,Commercial,BIF / 25 kg,,,,,,,,40250,41000
Burundi,29.924903,-3.428803,Gitega,Gitega,NPK 17 17 17,Subsidized,BIF / 25 kg,,,,,,,,27000,27000
Burundi,29.924903,-3.428803,Gitega,Gitega,Urea,Commercial,BIF / 50kg,,47549,,,,65667,135000,,
Burundi,29.924903,-3.428803,Gitega,Gitega,Urea,Commercial,BIF / 25 kg,,,,,,36000,44750,34813,45500
Burundi,29.924903,-3.428803,Gitega,Gitega,Urea,Subsidized,BIF / 25 kg,,,,,,24000,24000,25000,25000
Burundi,29.924903,-3.428803,Gitega,Gitega,NPK 20 10 10,Commercial,BIF / 50kg,,,,,,62667,78000,,
Burundi,29.924903,-3.428803,Gitega,Gitega,NPK 20 10 10,Commercial,BIF / 25 kg,,,,,,31000,32250,,
Burundi,29.924903,-3.428803,Gitega,Gitega,NPK 20 10 10,Subsidized,BIF / 25 kg,,,,,,20000,20000,,
Burundi,29.924903,-3.428803,Gitega,Gitega,NPK 25 5 5 + 5S,Commercial,BIF / 50kg,,,,,,68333,,,
Burundi,29.924903,-3.428803,Gitega,Gitega,NPK 25 5 5 + 5S,Commercial,BIF / 25 kg,,,,,,28000,32000,,
Burundi,29.924903,-3.428803,Gitega,Gitega,NPK 22 6 12,Commercial,BIF / 25 kg,,,,,,,,39000,38750
Burundi,29.924903,-3.428803,Gitega,Gitega,NPK 22 6 12,Subsidized,BIF / 25 kg,,,,,,,,27000,27000
Burundi,29.924903,-3.428803,Gitega,Gitega,MOP,Commercial,BIF / 25 kg,,,,,,,,40125,45333
Burundi,29.924903,-3.428803,Gitega,Gitega,MOP,Subsidized,BIF / 25 kg,,,,,,,,30000,30000
Burundi,30.219537,-2.523815,Busoni,Busoni,DAP,Commercial,BIF / 50kg,,,,,,,,,
Burundi,30.219537,-2.523815,Busoni,Busoni,Urea,Commercial,BIF / 50kg,,,,,,,,,
Burundi,29.306068,-3.192898,Bubanza/Gihanga,Gihanga,DAP,Commercial,BIF / 50kg,,,,,,84667,,,
Burundi,29.306068,-3.192898,Bubanza/Gihanga,Gihanga,DAP,Commercial,BIF / 25 kg,,,,,,32000,35200,,
Burundi,29.306068,-3.192898,Bubanza/Gihanga,Gihanga,DAP,Subsidized,BIF / 25 kg,,,,,,25500,25500,,
Burundi,29.306068,-3.192898,Bubanza/Gihanga,Gihanga,NPK 17 17 17,Commercial,BIF / 50kg,,,,,,73333,,,
Burundi,29.306068,-3.192898,Bubanza/Gihanga,Gihanga,NPK 17 17 17,Commercial,BIF / 25 kg,,,,,,35000,33750,,
Burundi,29.306068,-3.192898,Bubanza/Gihanga,Gihanga,NPK 20 10 10,Commercial,BIF / 50kg,,,,,,70000,,,
Burundi,29.306068,-3.192898,Bubanza/Gihanga,Gihanga,Urea,Commercial,BIF / 50kg,,,,,,70000,140000,,
Burundi,29.306068,-3.192898,Bubanza/Gihanga,Gihanga,Urea,Commercial,BIF / 25 kg,,,,,,35000,41250,,
Burundi,29.306068,-3.192898,Bubanza/Gihanga,Gihanga,Urea,Subsidized,BIF / 25 kg,,,,,,24000,24000,,
Burundi,29.403995,-3.171503,Bubanza/Mitakataka,mpanda,DAP,Commercial,BIF / 50kg,,,,,,86667,,,
Burundi,29.403995,-3.171503,Bubanza/Mitakataka,mpanda,DAP,Commercial,BIF / 25 kg,,,,,,32500,35200,,
Burundi,29.403995,-3.171503,Bubanza/Mitakataka,mpanda,DAP,Subsidized,BIF / 25 kg,,,,,,25500,25500,,
Burundi,29.403995,-3.171503,Bubanza/Mitakataka,mpanda,NPK 17 17 17,Commercial,BIF / 50kg,,,,,,73333,,,
Burundi,29.403995,-3.171503,Bubanza/Mitakataka,mpanda,Urea,Commercial,BIF / 50kg,,,,,,69667,130000,,
Burundi,29.403995,-3.171503,Bubanza/Mitakataka,mpanda,Urea,Commercial,BIF / 25 kg,,,,,,35000,44000,,
Burundi,29.403995,-3.171503,Bubanza/Mitakataka,mpanda,Urea,Subsidized,BIF / 25 kg,,,,,,24000,24000,,
Burundi,29.31624,-3.721653,Bugarama,Magara,DAP,Commercial,BIF / 50kg,,,,,,76000,,,
Burundi,29.31624,-3.721653,Bugarama,Magara,DAP,Commercial,BIF / 25 kg,,,,,,29000,30056,,
Burundi,29.31624,-3.721653,Bugarama,Magara,DAP,Subsidized,BIF / 25 kg,,,,,,25500,25500,,
Burundi,29.31624,-3.721653,Bugarama,Magara,NPK 17 17 17,Commercial,BIF / 50kg,,,,,,68000,,,
Burundi,29.31624,-3.721653,Bugarama,Magara,NPK 20 10 10,Commercial,BIF / 25 kg,,,,,,47600,31111,,
Burundi,29.31624,-3.721653,Bugarama,Magara,NPK 20 10 10,Subsidized,BIF / 25 kg,,,,,,20000,20000,,
Burundi,29.31624,-3.721653,Bugarama,Magara,Urea,Commercial,BIF / 25 kg,,,,,,56000,44286,,
Burundi,29.31624,-3.721653,Bugarama,Magara,Urea,Commercial,BIF / 50kg,,,,,,,133000,,
Burundi,29.31624,-3.721653,Bugarama,Magara,Urea,Subsidized,BIF / 25 kg,,,,,,24000,24000,,
Burundi,30.546801,-3.219291,Cankuzo,Cankuzo,DAP,Commercial,BIF / 50kg,,,,,,87333,,,
Burundi,30.546801,-3.219291,Cankuzo,Cankuzo,DAP,Commercial,BIF / 25 kg,,,,,,35000,36000,,
Burundi,30.546801,-3.219291,Cankuzo,Cankuzo,DAP,Subsidized,BIF / 25 kg,,,,,,25500,25500,,
Burundi,30.546801,-3.219291,Cankuzo,Cankuzo,NPK 25 5 5 + 5S,Commercial,BIF / 50kg,,,,,,73333,,,
Burundi,30.546801,-3.219291,Cankuzo,Cankuzo,Urea,Commercial,BIF / 50kg,,,,,,70000,150000,,
Burundi,30.546801,-3.219291,Cankuzo,Cankuzo,Urea,Commercial,BIF / 25 kg,,,,,,35000,46000,,
Burundi,30.546801,-3.219291,Cankuzo,Cankuzo,Urea,Subsidized,BIF / 25 kg,,,,,,24000,24000,,
Burundi,29.192994,-2.965121,Cibitoke/Buganda,Buganda,DAP,Commercial,BIF / 50kg,,,,,,87333,,,
Burundi,29.192994,-2.965121,Cibitoke/Buganda,Buganda,DAP,Commercial,BIF / 25 kg,,,,,,32500,33000,,
Burundi,29.192994,-2.965121,Cibitoke/Buganda,Buganda,DAP,Subsidized,BIF / 25 kg,,,,,,25500,25500,,
Burundi,29.192994,-2.965121,Cibitoke/Buganda,Buganda,Urea,Commercial,BIF / 50kg,,,,,,69333,125000,,
Burundi,29.192994,-2.965121,Cibitoke/Buganda,Buganda,Urea,Commercial,BIF / 25 kg,,,,,,35000,36667,,
Burundi,29.192994,-2.965121,Cibitoke/Buganda,Buganda,Urea,Subsidized,BIF / 25 kg,,,,,,24000,24000,,
Burundi,29.904622,-3.299384,Gitega/Giheta,Giheta,DAP,Commercial,BIF / 50kg,,,,,,80000,,,
Burundi,29.904622,-3.299384,Gitega/Giheta,Giheta,DAP,Commercial,BIF / 25 kg,,,,,,32500,30000,,
Burundi,29.904622,-3.299384,Gitega/Giheta,Giheta,DAP,Subsidized,BIF / 25 kg,,,,,,25500,25500,,
Burundi,29.904622,-3.299384,Gitega/Giheta,Giheta,Urea,Commercial,BIF / 50kg,,,,,,65667,130000,,
Burundi,29.904622,-3.299384,Gitega/Giheta,Giheta,Urea,Commercial,BIF / 25 kg,,,,,,36000,46333,,
Burundi,29.904622,-3.299384,Gitega/Giheta,Giheta,Urea,Subsidized,BIF / 25 kg,,,,,,24000,24000,,
Burundi,29.496994,-3.2843,Kinama/Mubimbi,Mubimbi,DAP,Commercial,BIF / 50kg,,,,,,77333,,,
Burundi,29.496994,-3.2843,Kinama/Mubimbi,Mubimbi,DAP,Commercial,BIF / 25 kg,,,,,,29000,30250,,
Burundi,29.496994,-3.2843,Kinama/Mubimbi,Mubimbi,DAP,Subsidized,BIF / 25 kg,,,,,,25500,25500,,
Burundi,29.496994,-3.2843,Kinama/Mubimbi,Mubimbi,NPK 22 6 12,Commercial,BIF / 50kg,,,,,,68667,,,
Burundi,29.496994,-3.2843,Kinama/Mubimbi,Mubimbi,Urea,Commercial,BIF / 50kg,,,,,,68000,135000,,
Burundi,29.496994,-3.2843,Kinama/Mubimbi,Mubimbi,Urea,Commercial,BIF / 25 kg,,,,,,35000,45000,,
Burundi,29.496994,-3.2843,Kinama/Mubimbi,Mubimbi,Urea,Subsidized,BIF / 25 kg,,,,,,24000,24000,,
Burundi,29.800393,-4.132672,Makamba,Makamba,DAP,Commercial,BIF / 50kg,,,,,,83000,,,
Burundi,29.800393,-4.132672,Makamba,Makamba,DAP,Commercial,BIF / 25 kg,,,,,,32500,34200,43875,52700
Burundi,29.800393,-4.132672,Makamba,Makamba,DAP,Subsidized,BIF / 25 kg,,,,,,25500,25500,28000,28000
Burundi,29.800393,-4.132672,Makamba,Makamba,NPK 17 17 17,Commercial,BIF / 50kg,,,,,,72667,,,
Burundi,29.800393,-4.132672,Makamba,Makamba,NPK 20 10 10,Commercial,BIF / 50kg,,,,,,64667,80000,,
Burundi,29.800393,-4.132672,Makamba,Makamba,NPK 20 10 10,Commercial,BIF / 25 kg,,,,,,34000,33500,,
Burundi,29.800393,-4.132672,Makamba,Makamba,NPK 20 10 10,Subsidized,BIF / 25 kg,,,,,,20000,20000,,
Burundi,29.800393,-4.132672,Makamba,Makamba,NPK 25 5 5 + 5S,Commercial,BIF / 50kg,,,,,,69667,,,
Burundi,29.800393,-4.132672,Makamba,Makamba,NPK 25 5 5 + 5S,Commercial,BIF / 25 kg,,,,,,27000,32000,,
Burundi,29.800393,-4.132672,Makamba,Makamba,Urea,Commercial,BIF / 50kg,,,,,,70000,150000,,
Burundi,29.800393,-4.132672,Makamba,Makamba,Urea,Commercial,BIF / 25 kg,,,,,,36500,45250,37563,49000
Burundi,29.800393,-4.132672,Makamba,Makamba,Urea,Subsidized,BIF / 25 kg,,,,,,24000,24000,25000,25000
Burundi,29.800393,-4.132672,Makamba,Makamba,NPK 22 6 12,Commercial,BIF / 25 kg,,,,,,,,47000,46600
Burundi,29.800393,-4.132672,Makamba,Makamba,NPK 22 6 12,Subsidized,BIF / 25 kg,,,,,,,,27000,27000
Burundi,29.438249,-3.973145,Rumonge,Rumonge,DAP,Commercial,BIF / 50kg,,,,,,86667,,,
Burundi,29.438249,-3.973145,Rumonge,Rumonge,DAP,Commercial,BIF / 25 kg,,,,,,35000,35200,43000,41500
Burundi,29.438249,-3.973145,Rumonge,Rumonge,DAP,Subsidized,BIF / 25 kg,,,,,,25500,25500,28000,28000
Burundi,29.438249,-3.973145,Rumonge,Rumonge,NPK 17 17 17,Commercial,BIF / 50kg,,,,,,77333,74000,,
Burundi,29.438249,-3.973145,Rumonge,Rumonge,NPK 17 17 17,Commercial,BIF / 25 kg,,,,,,35000,32750,,
Burundi,29.438249,-3.973145,Rumonge,Rumonge,Urea,Commercial,BIF / 50kg,,,,,,71333,155000,,
Burundi,29.438249,-3.973145,Rumonge,Rumonge,Urea,Commercial,BIF / 25 kg,,,,,,35000,46500,36500,40800
Burundi,29.438249,-3.973145,Rumonge,Rumonge,Urea,Subsidized,BIF / 25 kg,,,,,,24000,24000,25000,25000
Burundi,29.438249,-3.973145,Rumonge,Rumonge,NPK 22 6 12,Commercial,BIF / 25 kg,,,,,,,,42500,35000
Burundi,29.438249,-3.973145,Rumonge,Rumonge,NPK 22 6 12,Subsidized,BIF / 25 kg,,,,,,,,27000,27000
Burundi,29.438249,-3.973145,Rumonge,Rumonge,MOP,Commercial,BIF / 25 kg,,,,,,,,41250,37500
Burundi,29.438249,-3.973145,Rumonge,Rumonge,MOP,Subsidized,BIF / 25 kg,,,,,,,,30000,30000
Burundi,29.989951,-3.92572,Rutana,Rutana,DAP,Commercial,BIF / 50kg,,,,,,89000,,,
Burundi,29.989951,-3.92572,Rutana,Rutana,DAP,Commercial,BIF / 25 kg,,,,,,35000,35200,44500,48400
Burundi,29.989951,-3.92572,Rutana,Rutana,DAP,Subsidized,BIF / 25 kg,,,,,,25500,25500,28000,28000
Burundi,29.989951,-3.92572,Rutana,Rutana,NPK 20 10 10,Commercial,BIF / 50kg,,,,,,73333,,,
Burundi,29.989951,-3.92572,Rutana,Rutana,Urea,Commercial,BIF / 50kg,,,,,,69333,154000,,
Burundi,29.989951,-3.92572,Rutana,Rutana,Urea,Commercial,BIF / 25 kg,,,,,,35000,47500,36750,45800
Burundi,29.989951,-3.92572,Rutana,Rutana,Urea,Subsidized,BIF / 25 kg,,,,,,24000,24000,25000,25000
Burundi,29.383103,-3.325112,Kinama-Mubimbi,Kinama,DAP,Commercial,BIF / 25 kg,,,,,,,29000,,
Burundi,29.383103,-3.325112,Kinama-Mubimbi,Kinama,DAP,Subsidized,BIF / 25 kg,,,,,,,25500,,
Burundi,29.383103,-3.325112,Kinama-Mubimbi,Kinama,NPK 17 17 17,Commercial,BIF / 25 kg,,,,,,,36000,,
Burundi,29.383103,-3.325112,Kinama-Mubimbi,Kinama,NPK 20 10 10,Commercial,BIF / 25 kg,,,,,,,30000,,
Burundi,29.383103,-3.325112,Kinama-Mubimbi,Kinama,NPK 20 10 10,Subsidized,BIF / 25 kg,,,,,,,20000,,
Burundi,29.383103,-3.325112,Kinama-Mubimbi,Kinama,NPK 22 6 12,Commercial,BIF / 25 kg,,,,,,,31000,,
Burundi,29.383103,-3.325112,Kinama-Mubimbi,Kinama,NPK 22 6 12,Subsidized,BIF / 25 kg,,,,,,,20000,,
Burundi,29.383103,-3.325112,Kinama-Mubimbi,Kinama,MOP,Commercial,BIF / 25 kg,,,,,,,35000,,
Burundi,29.383103,-3.325112,Kinama-Mubimbi,Kinama,MOP,Subsidized,BIF / 25 kg,,,,,,,20000,,
Burundi,29.383103,-3.325112,Kinama-Mubimbi,Kinama,Urea,Commercial,BIF / 25 kg,,,,,,,40000,,
Burundi,29.383103,-3.325112,Kinama-Mubimbi,Kinama,Urea,Subsidized,BIF / 25 kg,,,,,,,24000,,
Burundi,29.62202,-3.267411,Muramvya,Muramvya,DAP,Commercial,BIF / 25 kg,,,,,,,29000,,
Burundi,29.62202,-3.267411,Muramvya,Muramvya,DAP,Subsidized,BIF / 25 kg,,,,,,,25500,,
Burundi,29.62202,-3.267411,Muramvya,Muramvya,NPK 20 10 10,Commercial,BIF / 25 kg,,,,,,,30000,,
Burundi,29.62202,-3.267411,Muramvya,Muramvya,NPK 20 10 10,Subsidized,BIF / 25 kg,,,,,,,20000,,
Burundi,29.62202,-3.267411,Muramvya,Muramvya,Urea,Commercial,BIF / 25 kg,,,,,,,40000,,
Burundi,29.62202,-3.267411,Muramvya,Muramvya,Urea,Subsidized,BIF / 25 kg,,,,,,,24000,,
Burundi,29.398529,-3.086654,BUBANZA,BUBANZA,DAP,Commercial,BIF / 25 kg,,,,,,,,37500,41500
Burundi,29.398529,-3.086654,BUBANZA,BUBANZA,DAP,Subsidized,BIF / 25 kg,,,,,,,,28000,28000
Burundi,29.398529,-3.086654,BUBANZA,BUBANZA,NPK 17 17 17,Commercial,BIF / 25 kg,,,,,,,,33625,35650
Burundi,29.398529,-3.086654,BUBANZA,BUBANZA,NPK 17 17 17,Subsidized,BIF / 25 kg,,,,,,,,27000,27000
Burundi,29.398529,-3.086654,BUBANZA,BUBANZA,MOP,Commercial,BIF / 25 kg,,,,,,,,37500,37500
Burundi,29.398529,-3.086654,BUBANZA,BUBANZA,MOP,Subsidized,BIF / 25 kg,,,,,,,,30000,30000
Burundi,29.398529,-3.086654,BUBANZA,BUBANZA,Urea,Commercial,BIF / 25 kg,,,,,,,,33500,40067
Burundi,29.398529,-3.086654,BUBANZA,BUBANZA,Urea,Subsidized,BIF / 25 kg,,,,,,,,25000,25000
Burundi,29.483352,-3.345039,Bujumbura rural,Isare,DAP,Commercial,BIF / 25 kg,,,,,,,,37792,42500
Burundi,29.483352,-3.345039,Bujumbura rural,Isare,DAP,Subsidized,BIF / 25 kg,,,,,,,,28000,28000
Burundi,29.483352,-3.345039,Bujumbura rural,Isare,NPK 17 17 17,Commercial,BIF / 25 kg,,,,,,,,40000,35000
Burundi,29.483352,-3.345039,Bujumbura rural,Isare,NPK 17 17 17,Subsidized,BIF / 25 kg,,,,,,,,27000,27000
Burundi,29.483352,-3.345039,Bujumbura rural,Isare,MOP,Commercial,BIF / 25 kg,,,,,,,,42000,42500
Burundi,29.483352,-3.345039,Bujumbura rural,Isare,MOP,Subsidized,BIF / 25 kg,,,,,,,,30000,30000
Burundi,29.483352,-3.345039,Bujumbura rural,Isare,Urea,Commercial,BIF / 25 kg,,,,,,,,33833,41429
Burundi,29.483352,-3.345039,Bujumbura rural,Isare,Urea,Subsidized,BIF / 25 kg,,,,,,,,25000,25000
Burundi,29.119978,-2.88857,CIBITOKE,CIBITOKE,DAP,Commercial,BIF / 25 kg,,,,,,,,41091,45636
Burundi,29.119978,-2.88857,CIBITOKE,CIBITOKE,DAP,Subsidized,BIF / 25 kg,,,,,,,,28000,28000
Burundi,29.119978,-2.88857,CIBITOKE,CIBITOKE,MOP,Commercial,BIF / 25 kg,,,,,,,,40000,41500
Burundi,29.119978,-2.88857,CIBITOKE,CIBITOKE,MOP,Subsidized,BIF / 25 kg,,,,,,,,30000,30000
Burundi,29.119978,-2.88857,CIBITOKE,CIBITOKE,Urea,Commercial,BIF / 25 kg,,,,,,,,36818,46909
Burundi,29.119978,-2.88857,CIBITOKE,CIBITOKE,Urea,Subsidized,BIF / 25 kg,,,,,,,,25000,25000
Burundi,29.625286,-2.921853,Kayanza,Kayanza,DAP,Commercial,BIF / 25 kg,,,,,,,,34938,41100
Burundi,29.625286,-2.921853,Kayanza,Kayanza,DAP,Subsidized,BIF / 25 kg,,,,,,,,28000,28000
Burundi,29.625286,-2.921853,Kayanza,Kayanza,NPK 17 17 17,Commercial,BIF / 25 kg,,,,,,,,37500,36550
Burundi,29.625286,-2.921853,Kayanza,Kayanza,NPK 17 17 17,Subsidized,BIF / 25 kg,,,,,,,,27000,27000
Burundi,29.625286,-2.921853,Kayanza,Kayanza,NPK 22 6 12,Commercial,BIF / 25 kg,,,,,,,,37500,35500
Burundi,29.625286,-2.921853,Kayanza,Kayanza,NPK 22 6 12,Subsidized,BIF / 25 kg,,,,,,,,27000,27000
Burundi,29.625286,-2.921853,Kayanza,Kayanza,Urea,Commercial,BIF / 25 kg,,,,,,,,32500,40600
Burundi,29.625286,-2.921853,Kayanza,Kayanza,Urea,Subsidized,BIF / 25 kg,,,,,,,,25000,25000
