Country,longitude,latitude,Town,Town-District,Fertilizer,Type,Unit,avg_2010,avg_2011,avg_2012,avg_2013,avg_2014,avg_2015,avg_2016,avg_2017,avg_2018
Benin,1.935578,7.346157,DJIDJA,DJIDJA,NPK 14 23 14 + 5S + 1B,Commercial,XOF / 50kg,19956,15080,10225,10011,,,,,
Benin,1.935578,7.346157,DJIDJA,DJIDJA,Urea,Commercial,XOF / 50kg,19956,14561,16530,19025,,,,,
Benin,1.935578,7.346157,DJIDJA,DJIDJA,NPK 16 16 16,Commercial,XOF / 50kg,11655,11397,,17509,,,,,
Benin,1.935578,7.346157,DJIDJA,DJIDJA,NPK 15 15 15,Commercial,XOF / 50kg,,12056,,15015,,,,,
Benin,1.935578,7.346157,DJIDJA,DJIDJA,NPK 14 25 14,Commercial,XOF / 50kg,,10823,,,,,,,
Benin,1.935578,7.346157,DJIDJA,DJIDJA,NPK 10 10 20,Commercial,XOF / 50kg,,,12380,,,,,,
Benin,1.935578,7.346157,DJIDJA,DJIDJA,NPK 15 20 15 + 3.5MgO,Commercial,XOF / 50kg,,,13969,12767,,,,,
Benin,1.666461,9.699544,DJOUGOU,DJOUGOU,NPK 14 23 14 + 5S + 1B,Commercial,XOF / 50kg,20350,20391,11322,,,,,,
Benin,1.666461,9.699544,DJOUGOU,DJOUGOU,NPK 14 25 14,Commercial,XOF / 50kg,23188,16106,,,,,,,
Benin,1.666461,9.699544,DJOUGOU,DJOUGOU,Urea,Commercial,XOF / 50kg,24451,19309,10579,,,,,,
Benin,1.666461,9.699544,DJOUGOU,DJOUGOU,NPK 15 20 15 + 3.5MgO,Commercial,XOF / 50kg,,,13427,,,,,,
Benin,1.666461,9.699544,DJOUGOU,DJOUGOU,NPK 10 20 20,Subsidized,XOF / 50kg,,,,,9989,11400,,,
Benin,1.666461,9.699544,DJOUGOU,DJOUGOU,NPK 10 20 20,Commercial,XOF / 50kg,,,,,12956,,,,
Benin,1.966946,7.933245,SAVALOU,SAVALOU,NPK 14 23 14 + 5S + 1B,Commercial,XOF / 50kg,18500,15057,14833,13524,11959,,,,
Benin,1.966946,7.933245,SAVALOU,SAVALOU,NPK 14 23 14 + 5S + 1B,Subsidized,XOF / 50kg,,,,,9989,11400,,,
Benin,1.966946,7.933245,SAVALOU,SAVALOU,NPK 15 15 15,Commercial,XOF / 50kg,13826,,,,,,,,
Benin,1.966946,7.933245,SAVALOU,SAVALOU,NPK 16 16 16,Commercial,XOF / 50kg,14481,14293,,13026,,,,,
Benin,1.966946,7.933245,SAVALOU,SAVALOU,Urea,Commercial,XOF / 50kg,12540,14036,13939,13776,12956,,,,
Benin,1.966946,7.933245,SAVALOU,SAVALOU,Urea,Subsidized,XOF / 50kg,,,,,10029,11400,,,
Benin,1.966946,7.933245,SAVALOU,SAVALOU,NPK 15 20 15 + 3.5MgO,Commercial,XOF / 50kg,,,12993,,,,,,
Benin,1.673499,6.942219,APLAHOUE,APLAHOUE,NPK 15 15 15,Commercial,XOF / 50kg,14635,14095,13868,,,,,,
Benin,1.673499,6.942219,APLAHOUE,APLAHOUE,NPK 16 16 16,Commercial,XOF / 50kg,15120,15053,,,,,,,
Benin,1.673499,6.942219,APLAHOUE,APLAHOUE,Urea,Commercial,XOF / 50kg,15441,15348,15756,,,,,,
Benin,1.673499,6.942219,APLAHOUE,APLAHOUE,NPK 14 23 14 + 5S + 1B,Commercial,XOF / 50kg,16264,15705,15058,,,,,,
Benin,1.673499,6.942219,APLAHOUE,APLAHOUE,NPK 14 25 14,Commercial,XOF / 50kg,,15021,,,,,,,
Benin,1.673499,6.942219,APLAHOUE,APLAHOUE,NPK 10 10 20,Commercial,XOF / 50kg,,,13567,,,,,,
Benin,2.199076,7.784909,DASSA,DASSA,Urea,Commercial,XOF / 50kg,11448,11411,11917,12007,,,,,
Benin,2.199076,7.784909,DASSA,DASSA,NPK 16 16 16,Commercial,XOF / 50kg,11655,,,,,,,,
Benin,2.199076,7.784909,DASSA,DASSA,NPK 14 23 14 + 5S + 1B,Commercial,XOF / 50kg,,12022,14195,10682,,,,,
Benin,2.199076,7.784909,DASSA,DASSA,NPK 15 20 15 + 3.5MgO,Commercial,XOF / 50kg,,,10786,11877,,,,,
Benin,2.607781,7.358215,KETOU,KETOU,Urea,Commercial,XOF / 50kg,14270,13005,12821,13019,12457,,,,
Benin,2.607781,7.358215,KETOU,KETOU,Urea,Subsidized,XOF / 50kg,,,,,10029,11400,,,
Benin,2.607781,7.358215,KETOU,KETOU,NPK 14 23 14 + 5S + 1B,Commercial,XOF / 50kg,11578,12929,12909,13019,,,,,
Benin,2.607781,7.358215,KETOU,KETOU,NPK 16 16 16,Commercial,XOF / 50kg,14428,13266,12749,13019,,,,,
Benin,2.607781,7.358215,KETOU,KETOU,NPK 15 15 15,Commercial,XOF / 50kg,17586,13025,,15007,,,,,
Benin,2.607781,7.358215,KETOU,KETOU,NPK 14 25 14,Commercial,XOF / 50kg,,11030,,,,,,,
Benin,2.607781,7.358215,KETOU,KETOU,NPK 15 20 15 + 3.5MgO,Commercial,XOF / 50kg,,,11755,,,,,,
Benin,2.607781,7.358215,KETOU,KETOU,NPK 10 10 20,Commercial,XOF / 50kg,,,12027,,,,,,
Benin,2.383831,10.343826,SINENDE,SINENDE,Urea,Commercial,XOF / 50kg,11448,11681,12230,,10963,,,,
Benin,2.383831,10.343826,SINENDE,SINENDE,Urea,Subsidized,XOF / 50kg,,,,,10029,11400,,,
Benin,2.383831,10.343826,SINENDE,SINENDE,NPK 14 23 14 + 5S + 1B,Commercial,XOF / 50kg,11655,11596,11448,,10963,,,,
Benin,2.383831,10.343826,SINENDE,SINENDE,NPK 14 23 14 + 5S + 1B,Subsidized,XOF / 50kg,,,,,9989,11400,,,
Benin,2.383831,10.343826,SINENDE,SINENDE,NPK 14 25 14,Commercial,XOF / 50kg,,11933,,,,,,,
Benin,2.383831,10.343826,SINENDE,SINENDE,NPK 10 10 20,Commercial,XOF / 50kg,,12077,11565,,,,,,
Benin,2.383831,10.343826,SINENDE,SINENDE,NPK 15 15 15,Commercial,XOF / 50kg,,,11884,,,,,,
Benin,2.383831,10.343826,SINENDE,SINENDE,NPK 15 20 15 + 3.5MgO,Commercial,XOF / 50kg,,,11268,,,,,,
Benin,2.383831,10.343826,SINENDE,SINENDE,NPK 16 16 16,Subsidized,XOF / 50kg,,,,,9989,11400,,,
Benin,2.383831,10.343826,SINENDE,SINENDE,NPK 16 16 16,Commercial,XOF / 50kg,,,,,11959,,,,
Benin,2.433283,11.299983,BANIKOARA,BANIKOARA,NPK 14 23 14 + 5S + 1B,Commercial,XOF / 50kg,13501,13546,9742,,,,,,
Benin,2.433283,11.299983,BANIKOARA,BANIKOARA,NPK 15 15 15,Commercial,XOF / 50kg,,12623,9789,11016,,,,,
Benin,2.433283,11.299983,BANIKOARA,BANIKOARA,NPK 16 16 16,Commercial,XOF / 50kg,,12623,10061,11010,,,,,
Benin,2.433283,11.299983,BANIKOARA,BANIKOARA,Urea,Commercial,XOF / 50kg,,15206,11303,11010,14949,,,,
Benin,2.433283,11.299983,BANIKOARA,BANIKOARA,Urea,Subsidized,XOF / 50kg,,,,,10029,11400,,,
Benin,2.433283,11.299983,BANIKOARA,BANIKOARA,NPK 14 25 14,Commercial,XOF / 50kg,,16173,,,,,,,
Benin,2.433283,11.299983,BANIKOARA,BANIKOARA,NPK 10 10 20,Commercial,XOF / 50kg,,,15792,,,,,,
Benin,2.433283,11.299983,BANIKOARA,BANIKOARA,NPK 15 20 15 + 3.5MgO,Commercial,XOF / 50kg,,,,11016,,,,,
Benin,2.432286,6.366687,Cotonou,Cotonou,NPK 15 15 15,Commercial,XOF / 50kg,14566,14738,14510,15012,,,,,
Benin,2.432286,6.366687,Cotonou,Cotonou,NPK 16 16 16,Commercial,XOF / 50kg,16986,17171,16655,17049,16942,,,,
Benin,2.432286,6.366687,Cotonou,Cotonou,NPK 16 16 16,Subsidized,XOF / 50kg,,,,,9989,11400,,,
Benin,2.432286,6.366687,Cotonou,Cotonou,Urea,Commercial,XOF / 50kg,16986,17194,16363,15354,15447,,,,
Benin,2.432286,6.366687,Cotonou,Cotonou,Urea,Subsidized,XOF / 50kg,,,,,10029,11400,,,
Benin,2.432286,6.366687,Cotonou,Cotonou,NPK 14 23 14 + 5S + 1B,Commercial,XOF / 50kg,,13817,,10017,12457,,,,
Benin,2.432286,6.366687,Cotonou,Cotonou,NPK 14 23 14 + 5S + 1B,Subsidized,XOF / 50kg,,,,,9989,11400,,,
Benin,2.432286,6.366687,Cotonou,Cotonou,NPK 10 10 20,Commercial,XOF / 50kg,,,,15026,,,,,
Benin,2.432286,6.366687,Cotonou,Cotonou,NPK 10 20 20,Subsidized,XOF / 50kg,,,,,9989,11400,,,
Benin,2.432286,6.366687,Cotonou,Cotonou,NPK 10 20 20,Commercial,XOF / 50kg,,,,,14949,,,,
Benin,2.109755,10.825017,Kerou,Kerou,NPK 14 23 14 + 5S + 1B,Commercial,XOF / 50kg,,13588,10554,10008,,,,,
Benin,2.109755,10.825017,Kerou,Kerou,NPK 16 16 16,Commercial,XOF / 50kg,,13588,,10005,,,,,
Benin,2.109755,10.825017,Kerou,Kerou,Urea,Commercial,XOF / 50kg,,13588,10552,10004,,,,,
Benin,2.109755,10.825017,Kerou,Kerou,NPK 10 10 20,Commercial,XOF / 50kg,,,11165,15026,,,,,
Benin,2.109755,10.825017,Kerou,Kerou,NPK 15 20 15 + 3.5MgO,Commercial,XOF / 50kg,,,11542,12506,,,,,
Benin,2.109755,10.825017,Kerou,Kerou,NPK 15 15 15,Commercial,XOF / 50kg,,,,11029,,,,,
Benin,1.702803,6.947411,AZOVE,AZOVE,Urea,Commercial,XOF / 50kg,,14955,,,,,,,
Benin,2.315834,9.30769,Country wide,,NPK 14 23 14 + 5S + 1B,Commercial,XOF / 50kg,,,,,,,12000,12000,
Benin,2.315834,9.30769,Country wide,,NPK 15 20 15 + 5S + 3.5MgO + 1.5Zn,Commercial,XOF / 50kg,,,,,,,12000,,
Benin,2.315834,9.30769,Country wide,,Urea,Commercial,XOF / 50kg,,,,,,,12000,12200,
Benin,2.315834,9.30769,Country wide,,NPK 15 15 15,Commercial,XOF / 50kg,,,,,,,12000,12167,
Benin,2.315834,9.30769,Country wide,,MOP,Commercial,XOF / 50kg,,,,,,,,11500,
Benin,2.315834,9.30769,Country wide,,SOP,Commercial,XOF / 50kg,,,,,,,,11500,
