Country,longitude,latitude,Town,Town-District,Fertilizer,Type,Unit,avg_2010,avg_2011,avg_2012,avg_2013,avg_2014,avg_2015,avg_2016,avg_2017,avg_2018
Burkina Faso,-2.921347,9.873865,Batie,Batie,NPK 14 23 14,Commercial,XOF / 50kg,17312,18608,17683,18518,,,,,
Burkina Faso,-2.921347,9.873865,Batie,Batie,NPK 15 15 15,Commercial,XOF / 50kg,17550,17719,17720,15012,,,,,
Burkina Faso,-2.921347,9.873865,Batie,Batie,Urea,Commercial,XOF / 50kg,,17990,15511,17762,,,,,
Burkina Faso,-2.921347,9.873865,Batie,Batie,NPK 15 25 15 + 3.5S + 2.5MgO,Commercial,XOF / 50kg,,18320,,,,,,,
Burkina Faso,-2.921347,9.873865,Batie,Batie,DAP,Commercial,XOF / 50kg,,,,16021,,,,,
Burkina Faso,-4.305154,11.164922,Bobo Dioulasso,Bobo Dioulasso,NPK 14 23 14,Commercial,XOF / 50kg,16235,17220,19423,18014,,,19167,17682,18000
Burkina Faso,-4.305154,11.164922,Bobo Dioulasso,Bobo Dioulasso,NPK 14 23 14,Subsidized,XOF / 50kg,,,,,,,13500,12600,12000
Burkina Faso,-4.305154,11.164922,Bobo Dioulasso,Bobo Dioulasso,NPK 15 15 15,Commercial,XOF / 50kg,14966,16030,18143,,,,17031,17000,
Burkina Faso,-4.305154,11.164922,Bobo Dioulasso,Bobo Dioulasso,NPK 15 15 15,Subsidized,XOF / 50kg,,,,,,,13500,12643,
Burkina Faso,-4.305154,11.164922,Bobo Dioulasso,Bobo Dioulasso,Urea,Commercial,XOF / 50kg,,15331,19237,17509,16444,18605,17333,16097,13333
Burkina Faso,-4.305154,11.164922,Bobo Dioulasso,Bobo Dioulasso,Urea,Subsidized,XOF / 50kg,,,,,12536,14750,12500,12333,
Burkina Faso,-4.305154,11.164922,Bobo Dioulasso,Bobo Dioulasso,NPK 15 25 15 + 3.5S + 2.5MgO,Commercial,XOF / 50kg,,,17904,,,,,,
Burkina Faso,-4.305154,11.164922,Bobo Dioulasso,Bobo Dioulasso,Burkina phosphate,Subsidized,XOF / 50kg,,,,,2507,2850,,,
Burkina Faso,-4.305154,11.164922,Bobo Dioulasso,Bobo Dioulasso,DAP,Subsidized,XOF / 50kg,,,,,13539,15390,,,
Burkina Faso,-4.305154,11.164922,Bobo Dioulasso,Bobo Dioulasso,DAP,Commercial,XOF / 50kg,,,,,19932,,,,
Burkina Faso,-4.305154,11.164922,Bobo Dioulasso,Bobo Dioulasso,NPK 14 23 14 + 6S + 1B,Subsidized,XOF / 50kg,,,,,13539,15390,,12000,12000
Burkina Faso,-4.305154,11.164922,Bobo Dioulasso,Bobo Dioulasso,NPK 14 23 14 + 6S + 1B,Commercial,XOF / 50kg,,,,,20934,,,17167,17000
Burkina Faso,-4.305154,11.164922,Bobo Dioulasso,Bobo Dioulasso,NPK 10 18 18,Commercial,XOF / 50kg,,,,,,14000,,,
Burkina Faso,-4.305154,11.164922,Bobo Dioulasso,Bobo Dioulasso,NPK 12 24 18 + 4S + 3MgO,Commercial,XOF / 50kg,,,,,,16220,,,
Burkina Faso,-4.305154,11.164922,Bobo Dioulasso,Bobo Dioulasso,NPK 12 24 18 + 4S + 3MgO,Subsidized,XOF / 50kg,,,,,,13500,,,
Burkina Faso,-4.305154,11.164922,Bobo Dioulasso,Bobo Dioulasso,NPK 19 17 14 + 4S + 3MgO + 0.4Zn,Commercial,XOF / 50kg,,,,,,17900,17900,,
Burkina Faso,-4.305154,11.164922,Bobo Dioulasso,Bobo Dioulasso,NPK 19 17 14 + 4S + 3MgO + 0.4Zn,Subsidized,XOF / 50kg,,,,,,13500,,,
Burkina Faso,-4.305154,11.164922,Bobo Dioulasso,Bobo Dioulasso,NPK 23 10 5 + 3S + 2MgO + 0.3Zn,Commercial,XOF / 50kg,,,,,,17000,17000,,
Burkina Faso,-4.305154,11.164922,Bobo Dioulasso,Bobo Dioulasso,Organic fertilizer,Commercial,XOF / 1 litre,,,,,,8000,,,
Burkina Faso,-4.305154,11.164922,Bobo Dioulasso,Bobo Dioulasso,NPK 23 10 5,Commercial,XOF / 50kg,,,,,,,18500,16313,16500
Burkina Faso,-4.305154,11.164922,Bobo Dioulasso,Bobo Dioulasso,NPK 23 10 5,Subsidized,XOF / 50kg,,,,,,,,13500,
Burkina Faso,-4.305154,11.164922,Bobo Dioulasso,Bobo Dioulasso,NPK 14 23 14 + 6S,Commercial,XOF / 50kg,,,,,,,17500,17375,
Burkina Faso,-4.305154,11.164922,Bobo Dioulasso,Bobo Dioulasso,NPK 15 15 15 + 2MgO + 2CaO + TE,Commercial,XOF / 50kg,,,,,,,,15750,
Burkina Faso,-4.305154,11.164922,Bobo Dioulasso,Bobo Dioulasso,NPK 15 15 15 + 2MgO + 2CaO + TE,Subsidized,XOF / 50kg,,,,,,,,12000,
Burkina Faso,-0.023321,14.024647,Dori,Dori,NPK 14 23 14,Commercial,XOF / 50kg,24170,24199,21685,,,,,,
Burkina Faso,-0.023321,14.024647,Dori,Dori,NPK 15 15 15,Commercial,XOF / 50kg,21750,22622,19144,,,,,,
Burkina Faso,-0.023321,14.024647,Dori,Dori,Urea,Commercial,XOF / 50kg,,22063,20494,,,,,,
Burkina Faso,-1.087355,13.09104,KAYA,KAYA,NPK 14 23 14,Commercial,XOF / 50kg,18839,21559,19047,21045,,,18250,18023,18000
Burkina Faso,-1.087355,13.09104,KAYA,KAYA,NPK 14 23 14,Subsidized,XOF / 50kg,,,,,,,13500,12500,12000
Burkina Faso,-1.087355,13.09104,KAYA,KAYA,NPK 15 15 15,Commercial,XOF / 50kg,17874,19298,18583,18041,,,,17429,17300
Burkina Faso,-1.087355,13.09104,KAYA,KAYA,NPK 15 15 15,Subsidized,XOF / 50kg,,,,,,,,12000,12000
Burkina Faso,-1.087355,13.09104,KAYA,KAYA,NPK 15 25 15 + 3.5S + 2.5MgO,Commercial,XOF / 50kg,18107,18627,15490,,,,,,
Burkina Faso,-1.087355,13.09104,KAYA,KAYA,Urea,Commercial,XOF / 50kg,,17974,18377,18256,,,16500,15571,13313
Burkina Faso,-1.087355,13.09104,KAYA,KAYA,Urea,Subsidized,XOF / 50kg,,,,,12536,14250,12500,12100,12000
Burkina Faso,-1.087355,13.09104,KAYA,KAYA,Phosphate rock,Commercial,XOF / 50kg,,,4800,,,,,,
Burkina Faso,-1.087355,13.09104,KAYA,KAYA,DAP,Commercial,XOF / 50kg,,,,17536,21427,,,,
Burkina Faso,-1.087355,13.09104,KAYA,KAYA,DAP,Subsidized,XOF / 50kg,,,,,13539,15390,,,
Burkina Faso,-1.087355,13.09104,KAYA,KAYA,Burkina phosphate,Subsidized,XOF / 50kg,,,,,2507,2850,,,
Burkina Faso,-1.087355,13.09104,KAYA,KAYA,NPK 14 23 14 + 6S + 1B,Subsidized,XOF / 50kg,,,,,13539,15390,,,
Burkina Faso,-1.087355,13.09104,KAYA,KAYA,NPK 14 23 14 + 6S + 1B,Commercial,XOF / 50kg,,,,,21426,,,,18000
Burkina Faso,-1.087355,13.09104,KAYA,KAYA,NPK 10 20 20,Commercial,XOF / 50kg,,,,,,,24000,,24000
Burkina Faso,-1.087355,13.09104,KAYA,KAYA,NPK 23 10 5,Commercial,XOF / 50kg,,,,,,,18000,17280,16389
Burkina Faso,-1.087355,13.09104,KAYA,KAYA,NPK 15 15 15 + 2MgO + 2CaO + TE,Commercial,XOF / 50kg,,,,,,,,17500,
Burkina Faso,-1.087355,13.09104,KAYA,KAYA,NPK 15 15 15 + 2MgO + 2CaO + TE,Subsidized,XOF / 50kg,,,,,,,,12000,
Burkina Faso,-1.51966,12.371428,Ouagadougou,Ouagadougou,NPK 14 23 14,Commercial,XOF / 50kg,22884,22607,19851,21792,,,18500,18375,
Burkina Faso,-1.51966,12.371428,Ouagadougou,Ouagadougou,NPK 14 23 14,Subsidized,XOF / 50kg,,,,,,,13500,12500,
Burkina Faso,-1.51966,12.371428,Ouagadougou,Ouagadougou,NPK 15 15 15,Commercial,XOF / 50kg,17886,19422,18392,19061,,,18545,17450,
Burkina Faso,-1.51966,12.371428,Ouagadougou,Ouagadougou,NPK 15 15 15,Subsidized,XOF / 50kg,,,,,,,13500,12375,
Burkina Faso,-1.51966,12.371428,Ouagadougou,Ouagadougou,NPK 23 13 13 + 3.6S + 2.6MgO + 0.3Zn,Commercial,XOF / 50kg,17640,,,,,,,,
Burkina Faso,-1.51966,12.371428,Ouagadougou,Ouagadougou,Urea,Commercial,XOF / 50kg,22234,22553,20832,20003,,,16273,15420,
Burkina Faso,-1.51966,12.371428,Ouagadougou,Ouagadougou,Urea,Subsidized,XOF / 50kg,,,,,12536,14250,12500,12200,
Burkina Faso,-1.51966,12.371428,Ouagadougou,Ouagadougou,NPK 15 25 15 + 3.5S + 2.5MgO,Commercial,XOF / 50kg,17909,18619,17653,18036,,,,,
Burkina Faso,-1.51966,12.371428,Ouagadougou,Ouagadougou,Phosphate rock,Commercial,XOF / 50kg,,,4899,,,,,,
Burkina Faso,-1.51966,12.371428,Ouagadougou,Ouagadougou,Burkina phosphate,Subsidized,XOF / 50kg,,,,,2507,2850,,,
Burkina Faso,-1.51966,12.371428,Ouagadougou,Ouagadougou,DAP,Subsidized,XOF / 50kg,,,,,13539,15390,,,
Burkina Faso,-1.51966,12.371428,Ouagadougou,Ouagadougou,DAP,Commercial,XOF / 50kg,,,,,21427,,23000,,
Burkina Faso,-1.51966,12.371428,Ouagadougou,Ouagadougou,NPK 14 23 14 + 6S + 1B,Subsidized,XOF / 50kg,,,,,13539,15390,,,
Burkina Faso,-1.51966,12.371428,Ouagadougou,Ouagadougou,NPK 14 23 14 + 6S + 1B,Commercial,XOF / 50kg,,,,,21426,,,18000,
Burkina Faso,-1.51966,12.371428,Ouagadougou,Ouagadougou,NPK 19 17 14 + 4S + 3MgO + 0.4Zn,Commercial,XOF / 50kg,,,,,,,23000,,
Burkina Faso,-1.51966,12.371428,Ouagadougou,Ouagadougou,NPK 23 10 5,Commercial,XOF / 50kg,,,,,,,19000,17600,
Burkina Faso,-1.51966,12.371428,Ouagadougou,Ouagadougou,NPK 14 23 14 + 6S,Commercial,XOF / 50kg,,,,,,,,18500,
Burkina Faso,-1.51966,12.371428,Ouagadougou,Ouagadougou,NPK 14 18 18,Commercial,XOF / 50kg,,,,,,,,18250,
Burkina Faso,-1.51966,12.371428,Ouagadougou,Ouagadougou,NPK 14 18 18 + 6S + 1B,Commercial,XOF / 50kg,,,,,,,,19000,
Burkina Faso,-2.410991,13.566826,OUAHIGOUYA,OUAHIGOUYA,NPK 14 23 14,Commercial,XOF / 50kg,15766,17631,18176,,,,,,
Burkina Faso,-2.410991,13.566826,OUAHIGOUYA,OUAHIGOUYA,NPK 15 25 15 + 3.5S + 2.5MgO,Commercial,XOF / 50kg,17874,17669,16529,19025,,,,,
Burkina Faso,-2.410991,13.566826,OUAHIGOUYA,OUAHIGOUYA,Urea,Commercial,XOF / 50kg,14310,16804,18137,17271,,,16000,14333,
Burkina Faso,-2.410991,13.566826,OUAHIGOUYA,OUAHIGOUYA,Urea,Subsidized,XOF / 50kg,,,,,,,,12000,
Burkina Faso,-2.410991,13.566826,OUAHIGOUYA,OUAHIGOUYA,NPK 15 15 15,Commercial,XOF / 50kg,16123,16972,17075,18771,,,17000,17000,
Burkina Faso,-2.410991,13.566826,OUAHIGOUYA,OUAHIGOUYA,NPK 15 15 15,Subsidized,XOF / 50kg,,,,,,,,12000,
Burkina Faso,-2.410991,13.566826,OUAHIGOUYA,OUAHIGOUYA,DAP,Commercial,XOF / 50kg,,,,18015,,,,,
Burkina Faso,-2.410991,13.566826,OUAHIGOUYA,OUAHIGOUYA,NPK 17 17 17,Commercial,XOF / 50kg,,,,,,,17000,16333,
Burkina Faso,-2.410991,13.566826,OUAHIGOUYA,OUAHIGOUYA,NPK 23 10 5,Commercial,XOF / 50kg,,,,,,,17500,17250,
Burkina Faso,-0.36542,11.786332,TENKODOGO,TENKODOGO,NPK 15 15 15,Commercial,XOF / 50kg,15942,15864,19088,16880,,,,,
Burkina Faso,-0.36542,11.786332,TENKODOGO,TENKODOGO,Urea,Commercial,XOF / 50kg,,15681,19238,17042,,,18000,18000,
Burkina Faso,-0.36542,11.786332,TENKODOGO,TENKODOGO,NPK 14 23 14,Commercial,XOF / 50kg,,15961,19454,23044,,,18000,18000,
Burkina Faso,-0.36542,11.786332,TENKODOGO,TENKODOGO,NPK 15 25 15 + 3.5S + 2.5MgO,Commercial,XOF / 50kg,,19298,18667,,,,,,
Burkina Faso,-4.758804,10.640016,BANFORA,BANFORA,Urea,Commercial,XOF / 50kg,12879,15745,18070,18542,16942,,15542,14969,
Burkina Faso,-4.758804,10.640016,BANFORA,BANFORA,Urea,Subsidized,XOF / 50kg,,,,,12536,14250,12800,12405,
Burkina Faso,-4.758804,10.640016,BANFORA,BANFORA,NPK 15 15 15,Commercial,XOF / 50kg,13620,16970,17429,17895,,,15958,15979,
Burkina Faso,-4.758804,10.640016,BANFORA,BANFORA,NPK 15 15 15,Subsidized,XOF / 50kg,,,,,,,13500,12938,
Burkina Faso,-4.758804,10.640016,BANFORA,BANFORA,NPK 14 23 14,Commercial,XOF / 50kg,,17354,17021,20034,,,16500,16250,
Burkina Faso,-4.758804,10.640016,BANFORA,BANFORA,NPK 14 23 14,Subsidized,XOF / 50kg,,,,,,,13500,13313,
Burkina Faso,-4.758804,10.640016,BANFORA,BANFORA,NPK 15 25 15 + 3.5S + 2.5MgO,Commercial,XOF / 50kg,,,17904,,,,,,
Burkina Faso,-4.758804,10.640016,BANFORA,BANFORA,Burkina phosphate,Subsidized,XOF / 50kg,,,,,2507,2850,,,
Burkina Faso,-4.758804,10.640016,BANFORA,BANFORA,DAP,Subsidized,XOF / 50kg,,,,,13539,15390,,,
Burkina Faso,-4.758804,10.640016,BANFORA,BANFORA,DAP,Commercial,XOF / 50kg,,,,,20929,,,,
Burkina Faso,-4.758804,10.640016,BANFORA,BANFORA,NPK 14 23 14 + 6S + 1B,Subsidized,XOF / 50kg,,,,,13539,15390,,,
Burkina Faso,-4.758804,10.640016,BANFORA,BANFORA,NPK 14 23 14 + 6S + 1B,Commercial,XOF / 50kg,,,,,20934,,,17500,
Burkina Faso,-4.758804,10.640016,BANFORA,BANFORA,NPK 14 23 14 + 5S + 1B,Commercial,XOF / 50kg,,,,,,,17000,,
Burkina Faso,-4.758804,10.640016,BANFORA,BANFORA,NPK 23 10 5,Commercial,XOF / 50kg,,,,,,,16500,16000,
Burkina Faso,-4.758804,10.640016,BANFORA,BANFORA,NPK 23 10 5,Subsidized,XOF / 50kg,,,,,,,13500,,
Burkina Faso,-4.758804,10.640016,BANFORA,BANFORA,NPK 14 23 14 + 6S,Commercial,XOF / 50kg,,,,,,,,17500,
Burkina Faso,-4.758804,10.640016,BANFORA,BANFORA,NPK 14 23 14 + 6S,Subsidized,XOF / 50kg,,,,,,,,13500,
Burkina Faso,-4.758804,10.640016,BANFORA,BANFORA,NPK 15 15 15 + 6S + 1B,Commercial,XOF / 50kg,,,,,,,,16000,
Burkina Faso,-4.758804,10.640016,BANFORA,BANFORA,NPK 15 15 15 + 6S + 1B,Subsidized,XOF / 50kg,,,,,,,,13500,
Burkina Faso,-4.758804,10.640016,BANFORA,BANFORA,NPK 17 17 17,Commercial,XOF / 50kg,,,,,,,,16000,
Burkina Faso,-4.758804,10.640016,BANFORA,BANFORA,NPK 17 17 17,Subsidized,XOF / 50kg,,,,,,,,13500,
Burkina Faso,0.36542,12.060165,Fada N'Gourman,Fada N'Gourman,NPK 14 23 14,Commercial,XOF / 50kg,,17371,19893,18420,,,20000,,
Burkina Faso,0.36542,12.060165,Fada N'Gourman,Fada N'Gourman,Urea,Commercial,XOF / 50kg,,18347,17626,17509,,15500,16929,17500,
Burkina Faso,0.36542,12.060165,Fada N'Gourman,Fada N'Gourman,Urea,Subsidized,XOF / 50kg,,,,,12536,14250,,,
Burkina Faso,0.36542,12.060165,Fada N'Gourman,Fada N'Gourman,NPK 15 15 15,Commercial,XOF / 50kg,,,17983,,,,18750,,
Burkina Faso,0.36542,12.060165,Fada N'Gourman,Fada N'Gourman,NPK 15 25 15 + 3.5S + 2.5MgO,Commercial,XOF / 50kg,,,,13541,,,,,
Burkina Faso,0.36542,12.060165,Fada N'Gourman,Fada N'Gourman,Burkina phosphate,Subsidized,XOF / 50kg,,,,,2507,2850,,,
Burkina Faso,0.36542,12.060165,Fada N'Gourman,Fada N'Gourman,DAP,Subsidized,XOF / 50kg,,,,,13539,15390,,,
Burkina Faso,0.36542,12.060165,Fada N'Gourman,Fada N'Gourman,DAP,Commercial,XOF / 50kg,,,,,21427,,,,
Burkina Faso,0.36542,12.060165,Fada N'Gourman,Fada N'Gourman,NPK 14 23 14 + 6S + 1B,Subsidized,XOF / 50kg,,,,,13539,15390,,,
Burkina Faso,0.36542,12.060165,Fada N'Gourman,Fada N'Gourman,NPK 14 23 14 + 6S + 1B,Commercial,XOF / 50kg,,,,,21426,,,,
Burkina Faso,0.36542,12.060165,Fada N'Gourman,Fada N'Gourman,NPK 19 17 14 + 4S + 3MgO + 0.4Zn,Commercial,XOF / 50kg,,,,,,15500,17750,,
Burkina Faso,0.36542,12.060165,Fada N'Gourman,Fada N'Gourman,NPK 14 18 18,Commercial,XOF / 50kg,,,,,,,17500,16600,
Burkina Faso,0.36542,12.060165,Fada N'Gourman,Fada N'Gourman,NPK 14 18 18 + 6S + 0.1B,Commercial,XOF / 50kg,,,,,,,17500,,
Burkina Faso,-3.46627,12.450718,Dedougou,Dedougou,NPK 14 23 14,Commercial,XOF / 50kg,,,19260,18863,,,17750,17292,
Burkina Faso,-3.46627,12.450718,Dedougou,Dedougou,NPK 14 23 14,Subsidized,XOF / 50kg,,,,,,,13500,12000,
Burkina Faso,-3.46627,12.450718,Dedougou,Dedougou,NPK 15 15 15,Commercial,XOF / 50kg,,,18115,18036,,,17500,17250,
Burkina Faso,-3.46627,12.450718,Dedougou,Dedougou,NPK 15 15 15,Subsidized,XOF / 50kg,,,,,,,,12300,
Burkina Faso,-3.46627,12.450718,Dedougou,Dedougou,Urea,Commercial,XOF / 50kg,,,18488,20698,,17500,16938,15556,
Burkina Faso,-3.46627,12.450718,Dedougou,Dedougou,Urea,Subsidized,XOF / 50kg,,,,,,,12500,12250,
Burkina Faso,-3.46627,12.450718,Dedougou,Dedougou,NPK 15 25 15 + 3.5S + 2.5MgO,Commercial,XOF / 50kg,,,,19022,,,,,
Burkina Faso,-3.46627,12.450718,Dedougou,Dedougou,DAP,Commercial,XOF / 50kg,,,,17509,,,,,
Burkina Faso,-3.46627,12.450718,Dedougou,Dedougou,NPK 19 17 14 + 4S + 3MgO + 0.4Zn,Commercial,XOF / 50kg,,,,,,16000,,,
Burkina Faso,-3.46627,12.450718,Dedougou,Dedougou,NPK 23 10 5 + 3S + 2MgO + 0.3Zn,Commercial,XOF / 50kg,,,,,,15500,,,
Burkina Faso,-3.46627,12.450718,Dedougou,Dedougou,NPK 10 10 5,Commercial,XOF / 50kg,,,,,,,16000,,
Burkina Faso,-3.46627,12.450718,Dedougou,Dedougou,NPK 10 23 5,Commercial,XOF / 50kg,,,,,,,16500,,
Burkina Faso,-3.46627,12.450718,Dedougou,Dedougou,NPK 14 17 17,Commercial,XOF / 50kg,,,,,,,17500,,
Burkina Faso,-3.46627,12.450718,Dedougou,Dedougou,NPK 14 18 18,Commercial,XOF / 50kg,,,,,,,17500,17188,
Burkina Faso,-3.46627,12.450718,Dedougou,Dedougou,NPK 14 23 14 + 6S,Commercial,XOF / 50kg,,,,,,,19000,18600,
Burkina Faso,-3.46627,12.450718,Dedougou,Dedougou,NPK 23 10 5,Commercial,XOF / 50kg,,,,,,,18000,17083,
Burkina Faso,-3.46627,12.450718,Dedougou,Dedougou,NPK 23 10 5,Subsidized,XOF / 50kg,,,,,,,,12000,
Burkina Faso,-3.46627,12.450718,Dedougou,Dedougou,NPK 15 15 15 + 2MgO + 2CaO + TE,Commercial,XOF / 50kg,,,,,,,,17000,
Burkina Faso,-3.46627,12.450718,Dedougou,Dedougou,NPK 15 15 15 + 2MgO + 2CaO + TE,Subsidized,XOF / 50kg,,,,,,,,12000,
Burkina Faso,-3.46627,12.450718,Dedougou,Dedougou,NPK 10 20 20,Commercial,XOF / 50kg,,,,,,,,15000,
Burkina Faso,-3.46627,12.450718,Dedougou,Dedougou,NPK 20 10 10,Commercial,XOF / 50kg,,,,,,,,16000,
Burkina Faso,-2.351761,12.25622,KOUDOUGOU,KOUDOUGOU,NPK 14 23 14,Commercial,XOF / 50kg,,,,18542,,,18625,18500,
Burkina Faso,-2.351761,12.25622,KOUDOUGOU,KOUDOUGOU,Urea,Commercial,XOF / 50kg,,,,19277,,15000,16500,16500,
Burkina Faso,-2.351761,12.25622,KOUDOUGOU,KOUDOUGOU,DAP,Commercial,XOF / 50kg,,,,18014,,,,,
Burkina Faso,-2.351761,12.25622,KOUDOUGOU,KOUDOUGOU,NPK 19 17 14 + 4S + 3MgO + 0.4Zn,Commercial,XOF / 50kg,,,,,,15000,16600,,
Burkina Faso,-2.351761,12.25622,KOUDOUGOU,KOUDOUGOU,NPK 10 18 18,Commercial,XOF / 50kg,,,,,,,18000,,
Burkina Faso,-2.351761,12.25622,KOUDOUGOU,KOUDOUGOU,NPK 14 18 18 + 6S + 0.1B,Commercial,XOF / 50kg,,,,,,,17500,,
Burkina Faso,-2.351761,12.25622,KOUDOUGOU,KOUDOUGOU,NPK 15 15 15,Commercial,XOF / 50kg,,,,,,,17500,17500,
Burkina Faso,-2.351761,12.25622,KOUDOUGOU,KOUDOUGOU,NPK 15 15 15 +13SO3 + 9CaO,Commercial,XOF / 50kg,,,,,,,16750,,
Burkina Faso,-2.351761,12.25622,KOUDOUGOU,KOUDOUGOU,NPK 15 9 20 + 9.5 S + TE,Commercial,XOF / 50kg,,,,,,,18000,,
Burkina Faso,-3.866779,12.733439,Nouna,Nouna,NPK 19 17 14 + 4S + 3MgO + 0.4Zn,Commercial,XOF / 50kg,,,,,,16000,,,
Burkina Faso,-3.866779,12.733439,Nouna,Nouna,Urea,Commercial,XOF / 50kg,,,,,,17500,15000,16000,
Burkina Faso,-3.866779,12.733439,Nouna,Nouna,Urea,Subsidized,XOF / 50kg,,,,,,,,12167,
Burkina Faso,-3.866779,12.733439,Nouna,Nouna,DAP,Commercial,XOF / 50kg,,,,,,,18500,,
Burkina Faso,-3.866779,12.733439,Nouna,Nouna,NPK 23 10 5,Commercial,XOF / 50kg,,,,,,,18000,16000,
Burkina Faso,-3.866779,12.733439,Nouna,Nouna,NPK 14 23 14,Commercial,XOF / 50kg,,,,,,,18000,18000,
Burkina Faso,-3.866779,12.733439,Nouna,Nouna,NPK 14 23 14,Subsidized,XOF / 50kg,,,,,,,13500,13500,
Burkina Faso,-3.866779,12.733439,Nouna,Nouna,NPK 15 15 15,Commercial,XOF / 50kg,,,,,,,18500,,
Burkina Faso,-3.866779,12.733439,Nouna,Nouna,NPK 15 15 15 + 2MgO + 2CaO + TE,Commercial,XOF / 50kg,,,,,,,,18000,
Burkina Faso,-3.866779,12.733439,Nouna,Nouna,NPK 15 15 15 + 2MgO + 2CaO + TE,Subsidized,XOF / 50kg,,,,,,,,12000,
Burkina Faso,-3.866779,12.733439,Nouna,Nouna,NPK 17 17 17,Commercial,XOF / 50kg,,,,,,,,17500,
Burkina Faso,-3.866779,12.733439,Nouna,Nouna,NPK 20 10 10,Commercial,XOF / 50kg,,,,,,,,17000,
Burkina Faso,-2.258534,12.962167,Yako,Yako,Urea,Commercial,XOF / 50kg,,,,,,16000,16875,14800,
Burkina Faso,-2.258534,12.962167,Yako,Yako,Urea,Subsidized,XOF / 50kg,,,,,,,,12000,
Burkina Faso,-2.258534,12.962167,Yako,Yako,NPK 19 17 14 + 4S + 3MgO + 0.4Zn,Commercial,XOF / 50kg,,,,,,,18500,,
Burkina Faso,-2.258534,12.962167,Yako,Yako,NPK 15 15 15,Commercial,XOF / 50kg,,,,,,,18214,17912,
Burkina Faso,-2.258534,12.962167,Yako,Yako,NPK 15 15 15,Subsidized,XOF / 50kg,,,,,,,12500,12222,
Burkina Faso,-2.258534,12.962167,Yako,Yako,NPK 14 23 14,Commercial,XOF / 50kg,,,,,,,18500,18214,
Burkina Faso,-2.258534,12.962167,Yako,Yako,NPK 14 23 14,Subsidized,XOF / 50kg,,,,,,,13500,13200,
Burkina Faso,-2.258534,12.962167,Yako,Yako,NPK 15 15 15 + 6S + 1B,Commercial,XOF / 50kg,,,,,,,17750,17900,
Burkina Faso,-2.258534,12.962167,Yako,Yako,NPK 23 10 5,Commercial,XOF / 50kg,,,,,,,17750,17750,
Burkina Faso,-2.258534,12.962167,Yako,Yako,NPK 15 15 15 + 2MgO + 2CaO + TE,Commercial,XOF / 50kg,,,,,,,,17500,
Burkina Faso,-2.258534,12.962167,Yako,Yako,NPK 15 15 15 + 2MgO + 2CaO + TE,Subsidized,XOF / 50kg,,,,,,,,12000,
Burkina Faso,-2.466479,12.316543,Reo,Reo,NPK 10 18 18,Commercial,XOF / 50kg,,,,,,,18000,,
Burkina Faso,-2.466479,12.316543,Reo,Reo,NPK 15 15 15,Commercial,XOF / 50kg,,,,,,,19000,,
Burkina Faso,-2.466479,12.316543,Reo,Reo,NPK 19 17 14 + 4S + 3MgO + 0.4Zn,Commercial,XOF / 50kg,,,,,,,17500,,
Burkina Faso,-2.466479,12.316543,Reo,Reo,Urea,Commercial,XOF / 50kg,,,,,,,17000,,
Burkina Faso,-2.466479,12.316543,Reo,Reo,NPK 14 23 14,Commercial,XOF / 50kg,,,,,,,19000,,
Burkina Faso,-2.226127,12.06013,SABOU,SABOU,NPK 14 18 13,Commercial,XOF / 50kg,,,,,,,17000,,
Burkina Faso,-2.226127,12.06013,SABOU,SABOU,NPK 15 15 15,Commercial,XOF / 50kg,,,,,,,17500,,
Burkina Faso,-2.226127,12.06013,SABOU,SABOU,Urea,Commercial,XOF / 50kg,,,,,,,16643,16500,
Burkina Faso,-2.226127,12.06013,SABOU,SABOU,Urea,Subsidized,XOF / 50kg,,,,,,,12500,12500,
Burkina Faso,-2.226127,12.06013,SABOU,SABOU,NPK 14 18 18,Commercial,XOF / 50kg,,,,,,,17500,17500,
Burkina Faso,-2.226127,12.06013,SABOU,SABOU,NPK 14 23 14,Commercial,XOF / 50kg,,,,,,,18000,,
Burkina Faso,-2.226127,12.06013,SABOU,SABOU,NPK 14 23 14,Subsidized,XOF / 50kg,,,,,,,13500,,
Burkina Faso,-3.523092,11.489424,HOUNDE,HOUNDE,NPK 14 23 14,Commercial,XOF / 50kg,,,,,,,18100,17000,
Burkina Faso,-3.523092,11.489424,HOUNDE,HOUNDE,NPK 14 23 14,Subsidized,XOF / 50kg,,,,,,,13500,13500,
Burkina Faso,-3.523092,11.489424,HOUNDE,HOUNDE,NPK 15 15 15 + 6S + 1B,Commercial,XOF / 50kg,,,,,,,19000,,
Burkina Faso,-3.523092,11.489424,HOUNDE,HOUNDE,NPK 15 15 15 +13SO3 + 9CaO,Commercial,XOF / 50kg,,,,,,,18000,,
Burkina Faso,-3.523092,11.489424,HOUNDE,HOUNDE,Urea,Commercial,XOF / 50kg,,,,,,,17333,16350,
Burkina Faso,-3.523092,11.489424,HOUNDE,HOUNDE,Urea,Subsidized,XOF / 50kg,,,,,,,12500,12250,
Burkina Faso,-3.523092,11.489424,HOUNDE,HOUNDE,NPK 15 15 15,Commercial,XOF / 50kg,,,,,,,17625,17059,
Burkina Faso,-3.523092,11.489424,HOUNDE,HOUNDE,NPK 15 15 15,Subsidized,XOF / 50kg,,,,,,,,12000,
Burkina Faso,-3.523092,11.489424,HOUNDE,HOUNDE,NPK 23 10 5,Commercial,XOF / 50kg,,,,,,,18200,16667,
Burkina Faso,-3.523092,11.489424,HOUNDE,HOUNDE,NPK 17 17 17,Commercial,XOF / 50kg,,,,,,,,17000,
Burkina Faso,-3.523092,11.489424,HOUNDE,HOUNDE,NPK 15 15 15 + 2MgO + 2CaO + TE,Commercial,XOF / 50kg,,,,,,,,17000,
Burkina Faso,-3.523092,11.489424,HOUNDE,HOUNDE,NPK 15 15 15 + 2MgO + 2CaO + TE,Subsidized,XOF / 50kg,,,,,,,,12000,
Burkina Faso,-1.298695,12.582851,ZINIARE,ZINIARE,NPK 14 14 14,Commercial,XOF / 50kg,,,,,,,18750,18750,
Burkina Faso,-1.298695,12.582851,ZINIARE,ZINIARE,NPK 14 23 14,Commercial,XOF / 50kg,,,,,,,18375,18050,17889
Burkina Faso,-1.298695,12.582851,ZINIARE,ZINIARE,NPK 14 23 14,Subsidized,XOF / 50kg,,,,,,,,12000,12000
Burkina Faso,-1.298695,12.582851,ZINIARE,ZINIARE,NPK 15 15 15,Commercial,XOF / 50kg,,,,,,,18250,17450,17000
Burkina Faso,-1.298695,12.582851,ZINIARE,ZINIARE,NPK 15 15 15,Subsidized,XOF / 50kg,,,,,,,,12000,12000
Burkina Faso,-1.298695,12.582851,ZINIARE,ZINIARE,Urea,Commercial,XOF / 50kg,,,,,,,17000,15750,14125
Burkina Faso,-1.298695,12.582851,ZINIARE,ZINIARE,Urea,Subsidized,XOF / 50kg,,,,,,,,12000,12000
Burkina Faso,-1.298695,12.582851,ZINIARE,ZINIARE,NPK 15 15 15 + 6S + 1B,Commercial,XOF / 50kg,,,,,,,,18500,
Burkina Faso,-1.298695,12.582851,ZINIARE,ZINIARE,NPK 23 10 5,Commercial,XOF / 50kg,,,,,,,,18056,16500
Burkina Faso,-1.298695,12.582851,ZINIARE,ZINIARE,NPK 15 15 15 + 2MgO + 2CaO + TE,Commercial,XOF / 50kg,,,,,,,,17250,
Burkina Faso,-1.298695,12.582851,ZINIARE,ZINIARE,NPK 14 18 18,Commercial,XOF / 50kg,,,,,,,,,14000
Burkina Faso,-1.525704,13.325295,KONGOUSSI,KONGOUSSI,NPK 14 23 14,Commercial,XOF / 50kg,,,,,,,18000,17667,18000
Burkina Faso,-1.525704,13.325295,KONGOUSSI,KONGOUSSI,NPK 14 23 14,Subsidized,XOF / 50kg,,,,,,,,12000,12000
Burkina Faso,-1.525704,13.325295,KONGOUSSI,KONGOUSSI,NPK 15 15 15,Commercial,XOF / 50kg,,,,,,,18000,17833,17500
Burkina Faso,-1.525704,13.325295,KONGOUSSI,KONGOUSSI,NPK 15 15 15,Subsidized,XOF / 50kg,,,,,,,,12000,12000
Burkina Faso,-1.525704,13.325295,KONGOUSSI,KONGOUSSI,NPK 23 10 5,Commercial,XOF / 50kg,,,,,,,18000,18000,17500
Burkina Faso,-1.525704,13.325295,KONGOUSSI,KONGOUSSI,NPK 25 10 10 + 3S + 2MgO + 2Zn,Commercial,XOF / 50kg,,,,,,,20000,,
Burkina Faso,-1.525704,13.325295,KONGOUSSI,KONGOUSSI,Organic fertilizer,Commercial,XOF / 50kg,,,,,,,6000,,
Burkina Faso,-1.525704,13.325295,KONGOUSSI,KONGOUSSI,Urea,Commercial,XOF / 50kg,,,,,,,17500,16333,14800
Burkina Faso,-1.525704,13.325295,KONGOUSSI,KONGOUSSI,Urea,Subsidized,XOF / 50kg,,,,,,,,12000,12000
Burkina Faso,-1.525704,13.325295,KONGOUSSI,KONGOUSSI,NPK 14 23 14 + 6S + 1B,Commercial,XOF / 50kg,,,,,,,,19000,
Burkina Faso,-0.351302,12.180204,KOUPELA,KOUPELA,NPK 14 23 14,Commercial,XOF / 50kg,,,,,,,18000,18400,18500
Burkina Faso,-0.351302,12.180204,KOUPELA,KOUPELA,NPK 14 23 14,Subsidized,XOF / 50kg,,,,,,,,12000,12000
Burkina Faso,-0.351302,12.180204,KOUPELA,KOUPELA,NPK 23 10 5,Commercial,XOF / 50kg,,,,,,,17375,16577,16083
Burkina Faso,-0.351302,12.180204,KOUPELA,KOUPELA,Urea,Commercial,XOF / 50kg,,,,,,,16000,14556,12000
Burkina Faso,-0.351302,12.180204,KOUPELA,KOUPELA,Urea,Subsidized,XOF / 50kg,,,,,,,,12000,12000
Burkina Faso,-0.351302,12.180204,KOUPELA,KOUPELA,NPK 15 15 15,Commercial,XOF / 50kg,,,,,,,,17500,18000
Burkina Faso,-0.351302,12.180204,KOUPELA,KOUPELA,NPK 15 15 15,Subsidized,XOF / 50kg,,,,,,,,12000,
Burkina Faso,-0.351302,12.180204,KOUPELA,KOUPELA,NPK 14 18 18,Commercial,XOF / 50kg,,,,,,,,18250,
Burkina Faso,-0.351302,12.180204,KOUPELA,KOUPELA,NPK 15 15 15 + 2MgO + 2CaO + TE,Commercial,XOF / 50kg,,,,,,,,17500,
Burkina Faso,-0.351302,12.180204,KOUPELA,KOUPELA,NPK 15 15 15 + 2MgO + 2CaO + TE,Subsidized,XOF / 50kg,,,,,,,,12000,
Burkina Faso,-2.095943,11.097881,LEO,LEO,NPK 14 23 14,Commercial,XOF / 50kg,,,,,,,16667,16850,17500
Burkina Faso,-2.095943,11.097881,LEO,LEO,NPK 14 23 14,Subsidized,XOF / 50kg,,,,,,,,12300,12000
Burkina Faso,-2.095943,11.097881,LEO,LEO,NPK 23 10 5,Commercial,XOF / 50kg,,,,,,,16444,15923,15000
Burkina Faso,-2.095943,11.097881,LEO,LEO,NPK 23 10 5 + 3S + 3MgO + 0.5Zn,Commercial,XOF / 50kg,,,,,,,16000,,
Burkina Faso,-2.095943,11.097881,LEO,LEO,Urea,Commercial,XOF / 50kg,,,,,,,16000,15208,14000
Burkina Faso,-2.095943,11.097881,LEO,LEO,Urea,Subsidized,XOF / 50kg,,,,,,,,12000,12000
Burkina Faso,-2.095943,11.097881,LEO,LEO,NPK 15 15 15,Commercial,XOF / 50kg,,,,,,,,15250,
Burkina Faso,-2.095943,11.097881,LEO,LEO,NPK 15 15 15,Subsidized,XOF / 50kg,,,,,,,,12000,
Burkina Faso,-2.095943,11.097881,LEO,LEO,NPK 15 15 15 + 6S + 1B,Commercial,XOF / 50kg,,,,,,,,18500,
Burkina Faso,-2.095943,11.097881,LEO,LEO,NPK 14 18 18,Commercial,XOF / 50kg,,,,,,,,16000,
Burkina Faso,-2.095943,11.097881,LEO,LEO,NPK 20 10 10,Commercial,XOF / 50kg,,,,,,,,13333,
Burkina Faso,-4.908911,10.981969,ORODARA,ORODARA,NPK 15 15 15,Commercial,XOF / 50kg,,,,,,,16357,16333,17000
Burkina Faso,-4.908911,10.981969,ORODARA,ORODARA,NPK 15 15 15,Subsidized,XOF / 50kg,,,,,,,13500,13200,
Burkina Faso,-4.908911,10.981969,ORODARA,ORODARA,NPK 17 17 17 + 4S,Commercial,XOF / 50kg,,,,,,,17000,,
Burkina Faso,-4.908911,10.981969,ORODARA,ORODARA,Urea,Commercial,XOF / 50kg,,,,,,,15800,15231,15000
Burkina Faso,-4.908911,10.981969,ORODARA,ORODARA,Urea,Subsidized,XOF / 50kg,,,,,,,12500,12222,
Burkina Faso,-4.908911,10.981969,ORODARA,ORODARA,NPK 15 15 15 + 2MgO + 2CaO + TE,Commercial,XOF / 50kg,,,,,,,,17000,
Burkina Faso,-4.908911,10.981969,ORODARA,ORODARA,NPK 15 15 15 + 2MgO + 2CaO + TE,Subsidized,XOF / 50kg,,,,,,,,12000,
Burkina Faso,-4.908911,10.981969,ORODARA,ORODARA,NPK 14 23 14,Commercial,XOF / 50kg,,,,,,,,17500,
Burkina Faso,-4.908911,10.981969,ORODARA,ORODARA,NPK 14 23 14,Subsidized,XOF / 50kg,,,,,,,,12000,
Burkina Faso,-4.908911,10.981969,ORODARA,ORODARA,NPK 15 15 15 + 6S + 1B,Commercial,XOF / 50kg,,,,,,,,17000,
Burkina Faso,-4.908911,10.981969,ORODARA,ORODARA,NPK 23 10 5,Commercial,XOF / 50kg,,,,,,,,16250,16000
Burkina Faso,-4.908911,10.981969,ORODARA,ORODARA,NPK 17 17 17,Commercial,XOF / 50kg,,,,,,,,17000,
Burkina Faso,-4.908911,10.981969,ORODARA,ORODARA,NPK 14 17 17,Commercial,XOF / 50kg,,,,,,,,,16500
Burkina Faso,-3.46627,12.450718,Dedougou,Dedougou,NPK 14 18 18,Commercial,XOF / 50kg,,,,,,,,17000,17100
Burkina Faso,-3.46627,12.450718,Dedougou,Dedougou,NPK 14 23 14,Commercial,XOF / 50kg,,,,,,,,16750,17200
Burkina Faso,-3.46627,12.450718,Dedougou,Dedougou,NPK 14 23 14,Subsidized,XOF / 50kg,,,,,,,,12000,12000
Burkina Faso,-3.46627,12.450718,Dedougou,Dedougou,NPK 15 15 15,Commercial,XOF / 50kg,,,,,,,,17000,
Burkina Faso,-3.46627,12.450718,Dedougou,Dedougou,NPK 15 15 15,Subsidized,XOF / 50kg,,,,,,,,12000,
Burkina Faso,-3.46627,12.450718,Dedougou,Dedougou,Urea,Commercial,XOF / 50kg,,,,,,,,15250,14300
Burkina Faso,-3.46627,12.450718,Dedougou,Dedougou,Urea,Subsidized,XOF / 50kg,,,,,,,,12000,12000
Burkina Faso,-3.46627,12.450718,Dedougou,Dedougou,NPK 10 20 20,Commercial,XOF / 50kg,,,,,,,,15000,
Burkina Faso,-3.46627,12.450718,Dedougou,Dedougou,NPK 20 10 10,Commercial,XOF / 50kg,,,,,,,,,16000
Burkina Faso,-3.46627,12.450718,Dedougou,Dedougou,NPK 23 10 5,Commercial,XOF / 50kg,,,,,,,,,16000
Burkina Faso,-3.46627,12.450718,Dedougou,Dedougou,NPK 23 10 5,Subsidized,XOF / 50kg,,,,,,,,,12000
Burkina Faso,-3.46627,12.450718,Dedougou,Dedougou,NPK 12 22 22,Commercial,XOF / 50kg,,,,,,,,,21000
Burkina Faso,-1.517481,12.369943,Ouagadougou,Ouagadougou,NPK 14 18 18,Commercial,XOF / 50kg,,,,,,,,18500,16250
Burkina Faso,-1.517481,12.369943,Ouagadougou,Ouagadougou,NPK 14 23 14 + 6S + 1B,Commercial,XOF / 50kg,,,,,,,,18000,
Burkina Faso,-1.517481,12.369943,Ouagadougou,Ouagadougou,NPK 23 10 5,Commercial,XOF / 50kg,,,,,,,,17000,15375
Burkina Faso,-1.517481,12.369943,Ouagadougou,Ouagadougou,Urea,Commercial,XOF / 50kg,,,,,,,,16100,14375
Burkina Faso,-1.517481,12.369943,Ouagadougou,Ouagadougou,NPK 14 18 18 + 6S + 1B,Commercial,XOF / 50kg,,,,,,,,19000,
Burkina Faso,-1.517481,12.369943,Ouagadougou,Ouagadougou,NPK 14 23 14,Commercial,XOF / 50kg,,,,,,,,18500,16875
Burkina Faso,-1.517481,12.369943,Ouagadougou,Ouagadougou,NPK 15 15 15,Commercial,XOF / 50kg,,,,,,,,17000,16167
Burkina Faso,-1.517481,12.369943,Ouagadougou,Ouagadougou,NPK 17 17 17,Commercial,XOF / 50kg,,,,,,,,,17000
Burkina Faso,-2.258534,12.962167,Yako,Yako,NPK 15 15 15,Commercial,XOF / 50kg,,,,,,,,17750,17750
Burkina Faso,-2.258534,12.962167,Yako,Yako,NPK 15 15 15,Subsidized,XOF / 50kg,,,,,,,,12000,12000
Burkina Faso,-2.258534,12.962167,Yako,Yako,NPK 23 10 5,Commercial,XOF / 50kg,,,,,,,,17500,
Burkina Faso,-2.258534,12.962167,Yako,Yako,Urea,Commercial,XOF / 50kg,,,,,,,,16000,16000
Burkina Faso,-2.258534,12.962167,Yako,Yako,Urea,Subsidized,XOF / 50kg,,,,,,,,12000,12000
Burkina Faso,-2.258534,12.962167,Yako,Yako,NPK 14 23 14,Commercial,XOF / 50kg,,,,,,,,,17500
Burkina Faso,-2.258534,12.962167,Yako,Yako,NPK 14 23 14,Subsidized,XOF / 50kg,,,,,,,,,12000
