Country,longitude,latitude,Town,Town-District,Fertilizer,Type,Unit,avg_2010,avg_2011,avg_2012,avg_2013,avg_2014,avg_2015,avg_2016,avg_2017,avg_2018
Cote dIvoire,-5.365206,5.837781,DIVO,DIVO,NPK 15 15 15,Commercial,XOF / 50kg,,17404,17857,22593,16942,,,,
Cote dIvoire,-5.365206,5.837781,DIVO,DIVO,PK 0 23 19 + 6.5S + 5MgO + 10CaO,Commercial,XOF / 50kg,,15895,17544,18006,16942,,,,
Cote dIvoire,-5.365206,5.837781,DIVO,DIVO,Urea,Commercial,XOF / 50kg,,,16347,17010,16942,,,,
Cote dIvoire,-5.365206,5.837781,DIVO,DIVO,NPK 15 25 15 + 3.5S + 2.5MgO,Commercial,XOF / 50kg,,,19066,,,,,,
Cote dIvoire,-5.365206,5.837781,DIVO,DIVO,NPK 13 23 17 + 4.5S + 3MgO,Commercial,XOF / 50kg,,,18998,,,,,,
Cote dIvoire,-5.365206,5.837781,DIVO,DIVO,NPK 19 17 14 + 3S + 4MgO +0.4Zn,Commercial,XOF / 50kg,,,,,17939,,,,
Cote dIvoire,-5.365206,5.837781,DIVO,DIVO,NPK 23 10 5 + 3S + 2MgO + 0.3Zn,Commercial,XOF / 50kg,,,,,17939,,,,
Cote dIvoire,-5.614256,9.466934,KORHOGO,KORHOGO,NPK 15 15 15,Commercial,XOF / 50kg,,19645,19385,,16942,19125,16917,,
Cote dIvoire,-5.614256,9.466934,KORHOGO,KORHOGO,Urea,Commercial,XOF / 50kg,,19880,14525,17074,17939,17292,15446,14000,13833
Cote dIvoire,-5.614256,9.466934,KORHOGO,KORHOGO,NPK 23 13 13 + 3.6S + 2.6MgO + 0.3Zn,Commercial,XOF / 50kg,,,18906,,,,,,
Cote dIvoire,-5.614256,9.466934,KORHOGO,KORHOGO,NPK 13 23 17 + 4.5S + 3MgO,Commercial,XOF / 50kg,,,19362,,,,,,
Cote dIvoire,-5.614256,9.466934,KORHOGO,KORHOGO,NPK 15 25 15 + 3.5S + 2.5MgO,Commercial,XOF / 50kg,,,19283,,,,,,
Cote dIvoire,-5.614256,9.466934,KORHOGO,KORHOGO,NPK 17 17 17,Commercial,XOF / 50kg,,,19435,,,,,,
Cote dIvoire,-5.614256,9.466934,KORHOGO,KORHOGO,PK 0 23 19 + 6.5S + 5MgO + 10CaO,Commercial,XOF / 50kg,,,19366,18080,,,,,
Cote dIvoire,-5.614256,9.466934,KORHOGO,KORHOGO,NPK 19 17 14 + 3S + 4MgO +0.4Zn,Commercial,XOF / 50kg,,,,,17939,,,,
Cote dIvoire,-5.614256,9.466934,KORHOGO,KORHOGO,NPK 23 10 5 + 3S + 2MgO + 0.3Zn,Commercial,XOF / 50kg,,,,,17939,17460,,,
Cote dIvoire,-5.614256,9.466934,KORHOGO,KORHOGO,NPK 15 15 15 + 6S + 1B,Commercial,XOF / 50kg,,,,,,17250,16550,14000,
Cote dIvoire,-5.614256,9.466934,KORHOGO,KORHOGO,NPK 10 18 18,Commercial,XOF / 50kg,,,,,,19500,16500,,
Cote dIvoire,-5.614256,9.466934,KORHOGO,KORHOGO,NPK 12 22 22,Commercial,XOF / 50kg,,,,,,24000,15500,,
Cote dIvoire,-5.614256,9.466934,KORHOGO,KORHOGO,NPK 12 24 18 + 4S + 3MgO,Commercial,XOF / 50kg,,,,,,17800,,,
Cote dIvoire,-5.614256,9.466934,KORHOGO,KORHOGO,NPK 19 17 14 + 4S + 3MgO + 0.4Zn,Commercial,XOF / 50kg,,,,,,17900,,,
Cote dIvoire,-5.614256,9.466934,KORHOGO,KORHOGO,Calcium nitrate,Commercial,XOF / 25 kg,,,,,,,9500,9000,9000
Cote dIvoire,-5.614256,9.466934,KORHOGO,KORHOGO,Calcium nitrate,Commercial,XOF / 50kg,,,,,,,,,9000
Cote dIvoire,-5.614256,9.466934,KORHOGO,KORHOGO,NPK + 9 CaO + 1B + 0.2 Zn,Commercial,XOF / 50kg,,,,,,,15000,,
Cote dIvoire,-5.614256,9.466934,KORHOGO,KORHOGO,NPK 12 11 18 + 8S + 3MgO,Commercial,XOF / 25 kg,,,,,,,10750,11864,12500
Cote dIvoire,-5.614256,9.466934,KORHOGO,KORHOGO,NPK 12 11 18 + 8S + 3MgO,Commercial,XOF / 50kg,,,,,,,,12500,
Cote dIvoire,-5.614256,9.466934,KORHOGO,KORHOGO,NPK 15 9 20 + 9.5 S + TE,Commercial,XOF / 50kg,,,,,,,16000,,
Cote dIvoire,-5.614256,9.466934,KORHOGO,KORHOGO,NPK 15 9 20 + 9.5 S + TE,Commercial,XOF / 25 kg,,,,,,,11000,11000,11000
Cote dIvoire,-5.614256,9.466934,KORHOGO,KORHOGO,NPK 19 13 45 + 3Mgo(S) + 0.4Zn,Commercial,XOF / 50kg,,,,,,,15000,,
Cote dIvoire,-6.589017,5.786623,Soubre,Soubre,NPK 15 15 15,Commercial,XOF / 50kg,,19645,,,,,,,
Cote dIvoire,-6.589017,5.786623,Soubre,Soubre,Urea,Commercial,XOF / 50kg,,19880,,23044,,,16000,16000,
Cote dIvoire,-6.589017,5.786623,Soubre,Soubre,PK 0 23 19 + 6.5S + 5MgO + 10CaO,Commercial,XOF / 50kg,,,,,,16250,16159,15545,
Cote dIvoire,-6.589017,5.786623,Soubre,Soubre,Calcium nitrate,Commercial,XOF / 25 kg,,,,,,,9000,,
Cote dIvoire,-6.589017,5.786623,Soubre,Soubre,Super Grow,Commercial,XOF / 25 kg,,,,,,,13000,,
Cote dIvoire,-2.807864,8.047883,BONDOUKOU,BONDOUKOU,Urea,Commercial,XOF / 50kg,,15895,17232,22173,,18000,18714,16917,16000
Cote dIvoire,-2.807864,8.047883,BONDOUKOU,BONDOUKOU,NPK 15 15 15,Commercial,XOF / 50kg,,,18206,22384,,16500,18278,16917,16500
Cote dIvoire,-2.807864,8.047883,BONDOUKOU,BONDOUKOU,PK 0 23 19 + 6.5S + 5MgO + 10CaO,Commercial,XOF / 50kg,,,22004,21869,,,,,
Cote dIvoire,-2.807864,8.047883,BONDOUKOU,BONDOUKOU,NPK 15 25 15 + 3.5S + 2.5MgO,Commercial,XOF / 50kg,,,19111,,,,,,
Cote dIvoire,-2.807864,8.047883,BONDOUKOU,BONDOUKOU,NPK 13 23 17 + 4.5S + 3MgO,Commercial,XOF / 50kg,,,19283,,,,,,
Cote dIvoire,-2.807864,8.047883,BONDOUKOU,BONDOUKOU,NPK 10 10 20,Commercial,XOF / 50kg,,,,19895,,,,,
Cote dIvoire,-2.807864,8.047883,BONDOUKOU,BONDOUKOU,NPK 10 18 18,Commercial,XOF / 50kg,,,,,,17000,16625,,
Cote dIvoire,-2.807864,8.047883,BONDOUKOU,BONDOUKOU,NPK 12 24 18 + 4S + 3MgO,Commercial,XOF / 50kg,,,,,,,15500,,
Cote dIvoire,-2.807864,8.047883,BONDOUKOU,BONDOUKOU,NPK 12 22 22,Commercial,XOF / 50kg,,,,,,,18900,16917,16500
Cote dIvoire,-4.032783,5.316652,ABIDJAN,ABIDJAN,NPK 15 15 15,Commercial,XOF / 50kg,,,17260,,14949,,,,
Cote dIvoire,-4.032783,5.316652,ABIDJAN,ABIDJAN,Urea,Commercial,XOF / 50kg,,,17995,19834,14949,,14333,14000,14000
Cote dIvoire,-4.032783,5.316652,ABIDJAN,ABIDJAN,NPK 13 23 17 + 4.5S + 3MgO,Commercial,XOF / 50kg,,,21714,,,,,,
Cote dIvoire,-4.032783,5.316652,ABIDJAN,ABIDJAN,NPK 17 17 17,Commercial,XOF / 50kg,,,19233,,,,,,
Cote dIvoire,-4.032783,5.316652,ABIDJAN,ABIDJAN,PK 0 23 19 + 6.5S + 5MgO + 10CaO,Commercial,XOF / 50kg,,,19233,,14949,,,,
Cote dIvoire,-4.032783,5.316652,ABIDJAN,ABIDJAN,NPK 15 25 15 + 3.5S + 2.5MgO,Commercial,XOF / 50kg,,,24121,,,,,,
Cote dIvoire,-4.032783,5.316652,ABIDJAN,ABIDJAN,NPK 19 17 14 + 3S + 4MgO +0.4Zn,Commercial,XOF / 50kg,,,,,16942,,,,
Cote dIvoire,-4.032783,5.316652,ABIDJAN,ABIDJAN,NPK 23 10 5 + 3S + 2MgO + 0.3Zn,Commercial,XOF / 50kg,,,,,17440,,,,
Cote dIvoire,-4.032783,5.316652,ABIDJAN,ABIDJAN,NPK 12 22 22,Commercial,XOF / 50kg,,,,,,,17188,17000,17000
Cote dIvoire,-4.032783,5.316652,ABIDJAN,ABIDJAN,NPK 14 10 18,Commercial,XOF / 50kg,,,,,,,16500,16500,
Cote dIvoire,-4.032783,5.316652,ABIDJAN,ABIDJAN,NPK 14 10 18 + TE,Commercial,XOF / 50kg,,,,,,,,16500,16500
Cote dIvoire,-6.091752,4.951276,SASSANDRA,SASSANDRA,NPK 15 15 15,Commercial,XOF / 50kg,,,19022,19025,,,,,
Cote dIvoire,-6.091752,4.951276,SASSANDRA,SASSANDRA,NPK 15 25 15 + 3.5S + 2.5MgO,Commercial,XOF / 50kg,,,19135,,,,,,
Cote dIvoire,-6.091752,4.951276,SASSANDRA,SASSANDRA,PK 0 23 19 + 6.5S + 5MgO + 10CaO,Commercial,XOF / 50kg,,,18771,18531,,,,,
Cote dIvoire,-6.091752,4.951276,SASSANDRA,SASSANDRA,NPK 13 23 17 + 4.5S + 3MgO,Commercial,XOF / 50kg,,,19385,,,,,,
Cote dIvoire,-5.281948,6.816903,YAMOUSSOUKRO,YAMOUSSOUKRO,NPK 15 15 15,Commercial,XOF / 50kg,,,16266,17530,,,,,
Cote dIvoire,-5.281948,6.816903,YAMOUSSOUKRO,YAMOUSSOUKRO,PK 0 23 19 + 6.5S + 5MgO + 10CaO,Commercial,XOF / 50kg,,,19135,19554,,,,,
Cote dIvoire,-5.281948,6.816903,YAMOUSSOUKRO,YAMOUSSOUKRO,Urea,Commercial,XOF / 50kg,,,,17049,,,15000,14083,14000
Cote dIvoire,-5.281948,6.816903,YAMOUSSOUKRO,YAMOUSSOUKRO,NPK 12 22 22,Commercial,XOF / 50kg,,,,,,,16750,16292,17000
Cote dIvoire,-3.972538,6.674616,ARRAH,ARRAH,PK 0 23 19 + 6.5S + 5MgO + 10CaO,Commercial,XOF / 50kg,,,19303,22884,,,,,
Cote dIvoire,-3.972538,6.674616,ARRAH,ARRAH,NPK 12 22 22,Commercial,XOF / 50kg,,,21048,22564,,,,,
Cote dIvoire,-3.972538,6.674616,ARRAH,ARRAH,Urea,Commercial,XOF / 50kg,,,19986,21684,,,,,
Cote dIvoire,-3.972538,6.674616,ARRAH,ARRAH,NPK 15 15 15,Commercial,XOF / 50kg,,,19485,22006,,,,,
Cote dIvoire,-3.972538,6.674616,ARRAH,ARRAH,NPK 15 25 15 + 3.5S + 2.5MgO,Commercial,XOF / 50kg,,,18477,,,,,,
Cote dIvoire,-3.972538,6.674616,ARRAH,ARRAH,NPK 13 23 17 + 4.5S + 3MgO,Commercial,XOF / 50kg,,,19022,,,,,,
Cote dIvoire,-3.972538,6.674616,ARRAH,ARRAH,NPK 17 17 17,Commercial,XOF / 50kg,,,19157,,,,,,
Cote dIvoire,-3.972538,6.674616,ARRAH,ARRAH,NPK 10 10 20,Commercial,XOF / 50kg,,,,21230,,,,,
Cote dIvoire,-3.484275,6.72312,ABENGOUROU,ABENGOUROU,NPK 15 15 15,Commercial,XOF / 50kg,,,21644,21964,,,,,
Cote dIvoire,-3.484275,6.72312,ABENGOUROU,ABENGOUROU,PK 0 23 19 + 6.5S + 5MgO + 10CaO,Commercial,XOF / 50kg,,,21644,22003,,16275,16300,15917,13625
Cote dIvoire,-3.484275,6.72312,ABENGOUROU,ABENGOUROU,Urea,Commercial,XOF / 50kg,,,21644,22002,,16250,15800,14500,14333
Cote dIvoire,-3.484275,6.72312,ABENGOUROU,ABENGOUROU,Calcium nitrate,Commercial,XOF / 25 kg,,,,,,,8786,8625,7500
Cote dIvoire,-3.484275,6.72312,ABENGOUROU,ABENGOUROU,NPK 15 9 20 + 9.5 S + TE,Commercial,XOF / 25 kg,,,,,,,11250,16800,16000
Cote dIvoire,-3.484275,6.72312,ABENGOUROU,ABENGOUROU,NPK 15 9 20 + 9.5 S + TE,Commercial,XOF / 50kg,,,,,,,16800,16700,
Cote dIvoire,-3.484275,6.72312,ABENGOUROU,ABENGOUROU,NPK 23 10 5 + 3S + 2MgO + 0.3Zn,Commercial,XOF / 50kg,,,,,,,18000,,
Cote dIvoire,-3.484275,6.72312,ABENGOUROU,ABENGOUROU,NPK 12 11 18 + 8S + 3MgO,Commercial,XOF / 50kg,,,,,,,16800,,
Cote dIvoire,-3.484275,6.72312,ABENGOUROU,ABENGOUROU,NPK 12 11 18 + 8S + 3MgO,Commercial,XOF / 25 kg,,,,,,,7500,7500,7500
Cote dIvoire,-4.699939,6.649798,DIMBOKRO,DIMBOKRO,NPK 10 10 20,Commercial,XOF / 50kg,,,,22564,,,,,
Cote dIvoire,-4.699939,6.649798,DIMBOKRO,DIMBOKRO,NPK 12 22 22,Commercial,XOF / 50kg,,,,23044,,,,,
Cote dIvoire,-4.699939,6.649798,DIMBOKRO,DIMBOKRO,NPK 15 15 15,Commercial,XOF / 50kg,,,,22058,,,,,
Cote dIvoire,-4.699939,6.649798,DIMBOKRO,DIMBOKRO,Urea,Commercial,XOF / 50kg,,,,23044,,,,,
Cote dIvoire,-6.638891,4.751338,SAN PEDRO,SAN PEDRO,PK 0 23 19 + 6.5S + 5MgO + 10CaO,Commercial,XOF / 50kg,,,,17419,17440,16083,15975,15833,14667
Cote dIvoire,-6.638891,4.751338,SAN PEDRO,SAN PEDRO,NPK 15 15 15,Commercial,XOF / 50kg,,,,,16942,,,,
Cote dIvoire,-6.638891,4.751338,SAN PEDRO,SAN PEDRO,NPK 19 17 14 + 3S + 4MgO +0.4Zn,Commercial,XOF / 50kg,,,,,17939,,,,
Cote dIvoire,-6.638891,4.751338,SAN PEDRO,SAN PEDRO,NPK 23 10 5 + 3S + 2MgO + 0.3Zn,Commercial,XOF / 50kg,,,,,17939,,,,
Cote dIvoire,-6.638891,4.751338,SAN PEDRO,SAN PEDRO,Urea,Commercial,XOF / 50kg,,,,,16942,,15333,15000,14667
Cote dIvoire,-6.638891,4.751338,SAN PEDRO,SAN PEDRO,Calcium nitrate,Commercial,XOF / 25 kg,,,,,,,9333,,
Cote dIvoire,-6.638891,4.751338,SAN PEDRO,SAN PEDRO,NPK 12 22 22,Commercial,XOF / 50kg,,,,,,,17300,16667,17500
Cote dIvoire,-6.451111,6.883486,DALOA,DALOA,NPK 15 15 15,Commercial,XOF / 50kg,,,,,14949,,,,
Cote dIvoire,-6.451111,6.883486,DALOA,DALOA,NPK 19 17 14 + 3S + 4MgO +0.4Zn,Commercial,XOF / 50kg,,,,,17939,,,,
Cote dIvoire,-6.451111,6.883486,DALOA,DALOA,NPK 23 10 5 + 3S + 2MgO + 0.3Zn,Commercial,XOF / 50kg,,,,,17939,,,,
Cote dIvoire,-6.451111,6.883486,DALOA,DALOA,Urea,Commercial,XOF / 50kg,,,,,16444,,15000,14625,14500
Cote dIvoire,-6.451111,6.883486,DALOA,DALOA,PK 0 23 19 + 6.5S + 5MgO + 10CaO,Commercial,XOF / 50kg,,,,,,17500,16650,15833,14667
Cote dIvoire,-6.451111,6.883486,DALOA,DALOA,Calcium nitrate,Commercial,XOF / 25 kg,,,,,,,9625,,
Cote dIvoire,-6.451111,6.883486,DALOA,DALOA,NPK 12 22 22,Commercial,XOF / 50kg,,,,,,,17000,17000,17000
Cote dIvoire,-5.149938,9.966691,OUANGOLODOUGOU,OUANGOLODOUGOU,NPK 15 15 15 + 6S + 1B,Commercial,XOF / 50kg,,,,,,17250,15167,,
Cote dIvoire,-5.149938,9.966691,OUANGOLODOUGOU,OUANGOLODOUGOU,Urea,Commercial,XOF / 50kg,,,,,,16875,15250,15167,15667
Cote dIvoire,-5.149938,9.966691,OUANGOLODOUGOU,OUANGOLODOUGOU,NPK 15 15 15,Commercial,XOF / 50kg,,,,,,17750,15357,14750,15000
Cote dIvoire,-5.149938,9.966691,OUANGOLODOUGOU,OUANGOLODOUGOU,NPK 12 22 22,Commercial,XOF / 50kg,,,,,,,15500,,
Cote dIvoire,-7.316555,9.543332,TIEME,TIEME,NPK 12 22 22,Commercial,XOF / 50kg,,,,,,16000,14800,,
Cote dIvoire,-7.316555,9.543332,TIEME,TIEME,Urea,Commercial,XOF / 50kg,,,,,,16000,16000,15833,15000
Cote dIvoire,-7.316555,9.543332,TIEME,TIEME,NPK 12 24 18 + 4S + 3MgO,Commercial,XOF / 50kg,,,,,,15500,,,
Cote dIvoire,-7.316555,9.543332,TIEME,TIEME,NPK 15 15 15,Commercial,XOF / 50kg,,,,,,,15000,15042,15000
Cote dIvoire,-7.316555,9.543332,TIEME,TIEME,NPK 10 18 18,Commercial,XOF / 50kg,,,,,,,15000,,
Cote dIvoire,-7.68166,8.283984,TOUBA,TOUBA,NPK 12 24 18 + 4S + 3MgO,Commercial,XOF / 50kg,,,,,,16000,16200,,
Cote dIvoire,-7.68166,8.283984,TOUBA,TOUBA,Urea,Commercial,XOF / 50kg,,,,,,16250,16550,16250,15333
Cote dIvoire,-7.68166,8.283984,TOUBA,TOUBA,NPK 12 24 18,Commercial,XOF / 50kg,,,,,,,16500,,
Cote dIvoire,-7.68166,8.283984,TOUBA,TOUBA,NPK 15 15 15,Commercial,XOF / 50kg,,,,,,,16500,15750,15500
Cote dIvoire,-5.951185,6.148797,GAGNOA,GAGNOA,PK 0 23 19 + 6.5S + 5MgO + 10CaO,Commercial,XOF / 50kg,,,,,,16250,16000,14667,13708
Cote dIvoire,-5.951185,6.148797,GAGNOA,GAGNOA,Calcium nitrate,Commercial,XOF / 25 kg,,,,,,,8975,7500,7250
Cote dIvoire,-5.951185,6.148797,GAGNOA,GAGNOA,NPK 15 15 15,Commercial,XOF / 50kg,,,,,,,16500,16500,16500
Cote dIvoire,-5.951185,6.148797,GAGNOA,GAGNOA,NPK 23 10 5 + 3S + 2MgO + 0.3Zn,Commercial,XOF / 50kg,,,,,,,18000,,
Cote dIvoire,-5.951185,6.148797,GAGNOA,GAGNOA,NPK 15 9 20 + 9.5 S + TE,Commercial,XOF / 25 kg,,,,,,,9000,8833,8000
Cote dIvoire,-7.496889,6.548336,GUGLO,Guiglo,PK 0 23 19 + 6.5S + 5MgO + 10CaO,Commercial,XOF / 50kg,,,,,,17500,16909,15917,15083
Cote dIvoire,-7.496889,6.548336,GUGLO,Guiglo,Calcium nitrate,Commercial,XOF / 25 kg,,,,,,,8800,8708,9000
Cote dIvoire,-7.496889,6.548336,GUGLO,Guiglo,NPK 12 22 22,Commercial,XOF / 50kg,,,,,,,17000,16292,16000
Cote dIvoire,-7.496889,6.548336,GUGLO,Guiglo,Urea,Commercial,XOF / 50kg,,,,,,,15000,15583,15500
Cote dIvoire,-5.740508,6.982746,BOUAFLE,BOUAFLE,NPK 15 15 15,Commercial,XOF / 50kg,,,,,,16500,15600,15500,15500
Cote dIvoire,-5.740508,6.982746,BOUAFLE,BOUAFLE,Urea,Commercial,XOF / 50kg,,,,,,17000,16182,15250,14667
Cote dIvoire,-5.740508,6.982746,BOUAFLE,BOUAFLE,PK 0 23 19 + 6.5S + 5MgO + 10CaO,Commercial,XOF / 50kg,,,,,,,17000,15958,15042
Cote dIvoire,-6.41306,10.481959,TENGRELA,TENGRELA,NPK 15 15 15,Commercial,XOF / 50kg,,,,,,16000,15000,,
Cote dIvoire,-6.41306,10.481959,TENGRELA,TENGRELA,Urea,Commercial,XOF / 50kg,,,,,,16000,15200,16000,
Cote dIvoire,-6.41306,10.481959,TENGRELA,TENGRELA,NPK 15 15 15 + 6S + 1B,Commercial,XOF / 50kg,,,,,,,15000,15000,
Cote dIvoire,-6.540016,6.107636,MEAGUI,Zadieguhe,PK 0 23 19 + 6.5S + 5MgO + 10CaO,Commercial,XOF / 50kg,,,,,,16500,16500,16083,15000
Cote dIvoire,-6.540016,6.107636,MEAGUI,Zadieguhe,NPK 10 18 18,Commercial,XOF / 50kg,,,,,,,17000,,
Cote dIvoire,-6.540016,6.107636,MEAGUI,Zadieguhe,Urea,Commercial,XOF / 50kg,,,,,,,16000,,
Cote dIvoire,-6.540016,6.107636,MEAGUI,Zadieguhe,Calcium nitrate,Commercial,XOF / 25 kg,,,,,,,9625,8750,8333
Cote dIvoire,-7.362448,6.747369,Duekue,Duekue,PK 0 23 19 + 6.5S + 5MgO + 10CaO,Commercial,XOF / 50kg,,,,,,,17000,,
Cote dIvoire,-6.482318,9.518362,BOUNDIALI,BOUNDIALI,NPK 15 15 15,Commercial,XOF / 50kg,,,,,,,17000,,
Cote dIvoire,-6.482318,9.518362,BOUNDIALI,BOUNDIALI,Urea,Commercial,XOF / 50kg,,,,,,,15750,15000,
Cote dIvoire,-6.482318,9.518362,BOUNDIALI,BOUNDIALI,NPK 12 22 22,Commercial,XOF / 50kg,,,,,,,15000,,
Cote dIvoire,-6.482318,9.518362,BOUNDIALI,BOUNDIALI,NPK 15 15 15 + 6S + 1B,Commercial,XOF / 50kg,,,,,,,15000,15000,
Cote dIvoire,-7.562372,9.507074,Odienne,Odienne,Urea,Commercial,XOF / 50kg,,,,,,,16000,,
Cote dIvoire,-5.016628,7.683267,BOUAKE,BOUAKE,NPK 12 22 22,Commercial,XOF / 50kg,,,,,,,16500,17000,17000
Cote dIvoire,-5.016628,7.683267,BOUAKE,BOUAKE,NPK 15 15 15,Commercial,XOF / 50kg,,,,,,,15000,15000,15000
Cote dIvoire,-5.016628,7.683267,BOUAKE,BOUAKE,Urea,Commercial,XOF / 50kg,,,,,,,15000,15250,14667
Cote dIvoire,-6.583675,6.487616,ISSIA,ISSIA,PK 0 23 19 + 6.5S + 5MgO + 10CaO,Commercial,XOF / 50kg,,,,,,,16750,16250,15417
Cote dIvoire,-6.589017,5.786623,Soubre,SOUBRE,PK 0 23 19 + 6.5S + 5MgO + 10CaO,Commercial,XOF / 50kg,,,,,,,,15500,14542
Cote dIvoire,-6.589017,5.786623,Soubre,SOUBRE,Urea,Commercial,XOF / 50kg,,,,,,,,16000,15333
