Country,longitude,latitude,Town,Town-District,Fertilizer,Type,Unit,avg_2010,avg_2011,avg_2012,avg_2013,avg_2014,avg_2015,avg_2016,avg_2017,avg_2018
Ghana,-0.849292,10.783858,Bolgatanga,Bolgatanga,Ammonium sulphate,Commercial,GHS / 50kg,20,29,,50,,,,,
Ghana,-0.849292,10.783858,Bolgatanga,Bolgatanga,NPK 15 15 15,Commercial,GHS / 50kg,30,39,,,,,,,
Ghana,-0.849292,10.783858,Bolgatanga,Bolgatanga,NPK 23 10 5 + 4MgO + 2Zn,Commercial,GHS / 50kg,30,36,,62,,,,,
Ghana,-0.849292,10.783858,Bolgatanga,Bolgatanga,Urea,Commercial,GHS / 50kg,26,35,,,,,,,
Ghana,-1.279473,5.131522,CAPE COAST,CAPE COAST,Ammonium sulphate,Commercial,GHS / 50kg,21,18,,,,,,,
Ghana,-1.279473,5.131522,CAPE COAST,CAPE COAST,NPK 15 15 15,Commercial,GHS / 50kg,30,27,63,,,,,,
Ghana,-1.279473,5.131522,CAPE COAST,CAPE COAST,Urea,Commercial,GHS / 50kg,32,,,,,,,,
Ghana,-1.279473,5.131522,CAPE COAST,CAPE COAST,NPK 23 10 5 + 4MgO + 2Zn,Commercial,GHS / 50kg,26,27,,,,,,,
Ghana,0.470228,6.612334,Ho,Ho,Ammonium sulphate,Commercial,GHS / 50kg,20,27,34,47,,95,89,83,88
Ghana,0.470228,6.612334,Ho,Ho,Ammonium sulphate,Subsidized,GHS / 50kg,,,,,,,,,40
Ghana,0.470228,6.612334,Ho,Ho,NPK 15 15 15,Commercial,GHS / 50kg,31,36,38,57,,114,109,103,100
Ghana,0.470228,6.612334,Ho,Ho,NPK 15 15 15,Subsidized,GHS / 50kg,,,,,,89,85,58,68
Ghana,0.470228,6.612334,Ho,Ho,NPK 23 10 5 + 4MgO + 2Zn,Commercial,GHS / 50kg,30,36,46,51,,,,,
Ghana,0.470228,6.612334,Ho,Ho,Urea,Commercial,GHS / 50kg,27,35,,54,,114,108,92,90
Ghana,0.470228,6.612334,Ho,Ho,Urea,Subsidized,GHS / 50kg,,,,,,84,80,48,63
Ghana,0.470228,6.612334,Ho,Ho,NPK 20 10 10,Subsidized,GHS / 50kg,,,,,,89,85,,
Ghana,0.470228,6.612334,Ho,Ho,NPK 20 20 20,Subsidized,GHS / 50kg,,,,,,89,,,
Ghana,0.470228,6.612334,Ho,Ho,NPK 23 10 5,Subsidized,GHS / 50kg,,,,,,89,85,,
Ghana,0.470228,6.612334,Ho,Ho,NPK 23 10 5,Commercial,GHS / 50kg,,,,,,,110,,
Ghana,0.470228,6.612334,Ho,Ho,NPK 25 10 10,Subsidized,GHS / 50kg,,,,,,89,85,,
Ghana,-0.249823,6.082759,Koforidua,Koforidua,Ammonium sulphate,Commercial,GHS / 50kg,20,25,,44,,,,,
Ghana,-0.249823,6.082759,Koforidua,Koforidua,NPK 15 15 15,Commercial,GHS / 50kg,30,29,,,,,,,
Ghana,-0.249823,6.082759,Koforidua,Koforidua,Urea,Commercial,GHS / 50kg,27,28,,,,,,,
Ghana,-0.249823,6.082759,Koforidua,Koforidua,NPK 23 10 5 + 4MgO + 2Zn,Commercial,GHS / 50kg,27,,,,,,,,
Ghana,-1.615845,6.665838,Kumasi,Kumasi,Ammonium sulphate,Commercial,GHS / 50kg,21,30,,,,84,85,81,80
Ghana,-1.615845,6.665838,Kumasi,Kumasi,Ammonium sulphate,Subsidized,GHS / 50kg,,,,,,,,,40
Ghana,-1.615845,6.665838,Kumasi,Kumasi,NPK 15 15 15,Commercial,GHS / 50kg,27,40,,,,106,105,104,99
Ghana,-1.615845,6.665838,Kumasi,Kumasi,NPK 15 15 15,Subsidized,GHS / 50kg,,,,,,89,85,58,68
Ghana,-1.615845,6.665838,Kumasi,Kumasi,Urea,Commercial,GHS / 50kg,25,33,,,,,,,
Ghana,-1.615845,6.665838,Kumasi,Kumasi,Urea,Subsidized,GHS / 50kg,,,,,,84,80,,
Ghana,-1.615845,6.665838,Kumasi,Kumasi,NPK 23 10 5 + 4MgO + 2Zn,Commercial,GHS / 50kg,27,34,,,,,,,
Ghana,-1.615845,6.665838,Kumasi,Kumasi,NPK 20 10 10,Subsidized,GHS / 50kg,,,,,,89,85,,
Ghana,-1.615845,6.665838,Kumasi,Kumasi,NPK 20 20 20,Subsidized,GHS / 50kg,,,,,,89,,,
Ghana,-1.615845,6.665838,Kumasi,Kumasi,NPK 23 10 5,Subsidized,GHS / 50kg,,,,,,89,85,,
Ghana,-1.615845,6.665838,Kumasi,Kumasi,NPK 25 10 10,Subsidized,GHS / 50kg,,,,,,89,85,,
Ghana,-1.993047,5.301832,Tarkwa,Tarkwa,Ammonium sulphate,Commercial,GHS / 50kg,19,27,,,,84,85,85,78
Ghana,-1.993047,5.301832,Tarkwa,Tarkwa,Ammonium sulphate,Subsidized,GHS / 50kg,,,,,,,,,40
Ghana,-1.993047,5.301832,Tarkwa,Tarkwa,NPK 15 15 15,Commercial,GHS / 50kg,30,38,,,,110,111,91,91
Ghana,-1.993047,5.301832,Tarkwa,Tarkwa,NPK 15 15 15,Subsidized,GHS / 50kg,,,,,,89,85,58,68
Ghana,-1.993047,5.301832,Tarkwa,Tarkwa,NPK 23 10 5 + 4MgO + 2Zn,Commercial,GHS / 50kg,30,38,,,,,,,
Ghana,-1.993047,5.301832,Tarkwa,Tarkwa,Urea,Commercial,GHS / 50kg,24,32,,,,115,113,,94
Ghana,-1.993047,5.301832,Tarkwa,Tarkwa,Urea,Subsidized,GHS / 50kg,,,,,,84,80,,63
Ghana,-1.993047,5.301832,Tarkwa,Tarkwa,NPK 23 10 5,Subsidized,GHS / 50kg,,,,,,89,85,58,68
Ghana,-1.993047,5.301832,Tarkwa,Tarkwa,NPK 23 10 5,Commercial,GHS / 50kg,,,,,,113,110,118,109
Ghana,-1.993047,5.301832,Tarkwa,Tarkwa,NPK 20 10 10,Subsidized,GHS / 50kg,,,,,,89,85,,
Ghana,-1.993047,5.301832,Tarkwa,Tarkwa,NPK 20 20 20,Subsidized,GHS / 50kg,,,,,,89,,,
Ghana,-1.993047,5.301832,Tarkwa,Tarkwa,NPK 25 10 10,Subsidized,GHS / 50kg,,,,,,89,85,,
Ghana,-1.342265,5.105625,ELMINA,ELMINA,NPK 15 15 15,Commercial,GHS / 50kg,30,31,46,49,,,,,
Ghana,-1.342265,5.105625,ELMINA,ELMINA,Urea,Commercial,GHS / 50kg,28,28,44,56,,,,,
Ghana,-1.342265,5.105625,ELMINA,ELMINA,Ammonium sulphate,Commercial,GHS / 50kg,18,26,34,45,,,,,
Ghana,-1.342265,5.105625,ELMINA,ELMINA,NPK 23 10 5 + 4MgO + 2Zn,Commercial,GHS / 50kg,27,30,,,,,,,
Ghana,-0.983349,9.400116,Nyankpala,Nyankpala,NPK 15 15 15,Commercial,GHS / 50kg,30,47,,,,,,,
Ghana,-0.983349,9.400116,Nyankpala,Nyankpala,Ammonium sulphate,Commercial,GHS / 50kg,18,33,,,,,,,
Ghana,-0.983349,9.400116,Nyankpala,Nyankpala,NPK 23 10 5 + 4MgO + 2Zn,Commercial,GHS / 50kg,27,45,,,,,,,
Ghana,-0.983349,9.400116,Nyankpala,Nyankpala,Urea,Commercial,GHS / 50kg,25,,,,,,,,
Ghana,-0.199895,5.549765,Accra,Accra,Ammonium sulphate,Commercial,GHS / 50kg,18,30,41,48,,,,,
Ghana,-0.199895,5.549765,Accra,Accra,NPK 15 15 15,Commercial,GHS / 50kg,27,37,42,50,100,120,120,120,120
Ghana,-0.199895,5.549765,Accra,Accra,NPK 15 15 15,Subsidized,GHS / 50kg,,,,,,89,85,58,68
Ghana,-0.199895,5.549765,Accra,Accra,Urea,Commercial,GHS / 50kg,25,32,,59,90,,120,120,
Ghana,-0.199895,5.549765,Accra,Accra,Urea,Subsidized,GHS / 50kg,,,,,,84,80,48,
Ghana,-0.199895,5.549765,Accra,Accra,NPK 23 10 5 + 4MgO + 2Zn,Commercial,GHS / 50kg,27,29,,,,,,,
Ghana,-0.199895,5.549765,Accra,Accra,Sulfan (Ammonium sulphate),Commercial,GHS / 50kg,,,,,90,,,,
Ghana,-0.199895,5.549765,Accra,Accra,NPK 20 10 10,Commercial,GHS / 50kg,,,,,,117,106,111,110
Ghana,-0.199895,5.549765,Accra,Accra,NPK 20 10 10,Subsidized,GHS / 50kg,,,,,,89,85,58,68
Ghana,-0.199895,5.549765,Accra,Accra,NPK 20 20 20,Subsidized,GHS / 50kg,,,,,,89,,,
Ghana,-0.199895,5.549765,Accra,Accra,NPK 20 20 20,Commercial,GHS / 50kg,,,,,,115,,,
Ghana,-0.199895,5.549765,Accra,Accra,NPK 23 10 5,Subsidized,GHS / 50kg,,,,,,89,85,58,68
Ghana,-0.199895,5.549765,Accra,Accra,NPK 23 10 5,Commercial,GHS / 50kg,,,,,,,,120,120
Ghana,-0.199895,5.549765,Accra,Accra,NPK 25 10 10,Subsidized,GHS / 50kg,,,,,,89,85,,
Ghana,-0.199895,5.549765,Accra,Accra,Crop Max,Commercial,GHS / 1 kg,,,,,,,23,29,
Ghana,-2.499555,10.065982,Wa,Wa,Ammonium sulphate,Commercial,GHS / 50kg,18,25,,48,,,,,
Ghana,-2.499555,10.065982,Wa,Wa,NPK 15 15 15,Commercial,GHS / 50kg,27,29,,52,,,,,
Ghana,-2.499555,10.065982,Wa,Wa,NPK 23 10 5 + 4MgO + 2Zn,Commercial,GHS / 50kg,27,29,,,,,,,
Ghana,-2.499555,10.065982,Wa,Wa,Urea,Commercial,GHS / 50kg,25,,,,,,,,
Ghana,-0.238539,11.054112,Bawku,Bawku,Ammonium sulphate,Commercial,GHS / 50kg,18,26,,,,,,,
Ghana,-0.238539,11.054112,Bawku,Bawku,NPK 15 15 15,Commercial,GHS / 50kg,27,35,,,,,,,
Ghana,-0.238539,11.054112,Bawku,Bawku,NPK 23 10 5 + 4MgO + 2Zn,Commercial,GHS / 50kg,27,32,,,,,,,
Ghana,-0.238539,11.054112,Bawku,Bawku,Urea,Commercial,GHS / 50kg,25,31,,,,,,,
Ghana,-1.766724,4.899954,TAKORADI,TAKORADI,Ammonium sulphate,Commercial,GHS / 50kg,18,28,36,,,,,,
Ghana,-1.766724,4.899954,TAKORADI,TAKORADI,NPK 15 15 15,Commercial,GHS / 50kg,27,35,42,,,,,,
Ghana,-1.766724,4.899954,TAKORADI,TAKORADI,NPK 23 10 5 + 4MgO + 2Zn,Commercial,GHS / 50kg,27,29,,,,,,,
Ghana,-1.766724,4.899954,TAKORADI,TAKORADI,Urea,Commercial,GHS / 50kg,25,32,,,,,,,
Ghana,-1.934356,7.59088,Techiman,Techiman,Ammonium sulphate,Commercial,GHS / 50kg,18,26,39,43,,92,86,80,
Ghana,-1.934356,7.59088,Techiman,Techiman,NPK 15 15 15,Commercial,GHS / 50kg,27,35,41,49,,113,112,115,100
Ghana,-1.934356,7.59088,Techiman,Techiman,NPK 15 15 15,Subsidized,GHS / 50kg,,,,,,89,85,58,68
Ghana,-1.934356,7.59088,Techiman,Techiman,NPK 23 10 5 + 4MgO + 2Zn,Commercial,GHS / 50kg,27,34,42,51,,,,,
Ghana,-1.934356,7.59088,Techiman,Techiman,Urea,Commercial,GHS / 50kg,25,28,53,51,,,,85,85
Ghana,-1.934356,7.59088,Techiman,Techiman,Urea,Subsidized,GHS / 50kg,,,,,,84,80,,63
Ghana,-1.934356,7.59088,Techiman,Techiman,NPK 23 10 5,Subsidized,GHS / 50kg,,,,,,89,85,58,68
Ghana,-1.934356,7.59088,Techiman,Techiman,NPK 23 10 5,Commercial,GHS / 50kg,,,,,,,117,115,120
Ghana,-1.934356,7.59088,Techiman,Techiman,NPK 20 10 10,Subsidized,GHS / 50kg,,,,,,89,85,,
Ghana,-1.934356,7.59088,Techiman,Techiman,NPK 20 20 20,Subsidized,GHS / 50kg,,,,,,89,,,
Ghana,-1.934356,7.59088,Techiman,Techiman,NPK 25 10 10,Subsidized,GHS / 50kg,,,,,,89,85,,
Ghana,-0.762788,6.54574,NKAWKAW,NKAWKAW,Ammonium sulphate,Commercial,GHS / 50kg,18,28,,,,,,,
Ghana,-0.762788,6.54574,NKAWKAW,NKAWKAW,NPK 15 15 15,Commercial,GHS / 50kg,27,37,,,,,,,
Ghana,-0.762788,6.54574,NKAWKAW,NKAWKAW,NPK 23 10 5 + 4MgO + 2Zn,Commercial,GHS / 50kg,27,54,,,,,,,
Ghana,-0.762788,6.54574,NKAWKAW,NKAWKAW,Urea,Commercial,GHS / 50kg,25,64,,,,,,,
Ghana,-0.851037,9.405751,Tamale,Tamale,Ammonium sulphate,Commercial,GHS / 50kg,18,25,,,,,85,78,76
Ghana,-0.851037,9.405751,Tamale,Tamale,Ammonium sulphate,Subsidized,GHS / 50kg,,,,,,,,,40
Ghana,-0.851037,9.405751,Tamale,Tamale,NPK 15 15 15,Commercial,GHS / 50kg,27,32,,,,,106,93,93
Ghana,-0.851037,9.405751,Tamale,Tamale,NPK 15 15 15,Subsidized,GHS / 50kg,,,,,,89,85,58,68
Ghana,-0.851037,9.405751,Tamale,Tamale,NPK 23 10 5 + 4MgO + 2Zn,Commercial,GHS / 50kg,27,34,,,,,,,
Ghana,-0.851037,9.405751,Tamale,Tamale,Urea,Commercial,GHS / 50kg,25,28,,,,110,100,89,85
Ghana,-0.851037,9.405751,Tamale,Tamale,Urea,Subsidized,GHS / 50kg,,,,,,84,80,48,63
Ghana,-0.851037,9.405751,Tamale,Tamale,NPK 23 10 5,Subsidized,GHS / 50kg,,,,,,89,85,58,68
Ghana,-0.851037,9.405751,Tamale,Tamale,NPK 23 10 5,Commercial,GHS / 50kg,,,,,,111,118,107,99
Ghana,-0.851037,9.405751,Tamale,Tamale,NPK 20 10 10,Subsidized,GHS / 50kg,,,,,,89,85,58,68
Ghana,-0.851037,9.405751,Tamale,Tamale,NPK 20 10 10,Commercial,GHS / 50kg,,,,,,,100,90,90
Ghana,-0.851037,9.405751,Tamale,Tamale,NPK 20 20 20,Subsidized,GHS / 50kg,,,,,,89,,,
Ghana,-0.851037,9.405751,Tamale,Tamale,NPK 25 10 10,Subsidized,GHS / 50kg,,,,,,89,85,,
Ghana,-0.705779,5.529817,Agona Swedru,Agona Swedru,Ammonium sulphate,Commercial,GHS / 50kg,,35,42,49,,,,,
Ghana,-0.705779,5.529817,Agona Swedru,Agona Swedru,NPK 15 15 15,Commercial,GHS / 50kg,,33,45,54,,,,,
Ghana,-0.705779,5.529817,Agona Swedru,Agona Swedru,Urea,Commercial,GHS / 50kg,,30,37,57,,,,,
Ghana,-0.425274,5.534415,Kasoa,Kasoa,Ammonium sulphate,Commercial,GHS / 50kg,,24,40,41,,,,,
Ghana,-0.425274,5.534415,Kasoa,Kasoa,NPK 15 15 15,Commercial,GHS / 50kg,,29,43,51,,,,,
Ghana,-0.425274,5.534415,Kasoa,Kasoa,Urea,Commercial,GHS / 50kg,,28,52,47,,,,,
Ghana,-0.629892,5.362229,Winneba,Winneba,Ammonium sulphate,Commercial,GHS / 50kg,,27,41,50,,,,,
Ghana,-0.629892,5.362229,Winneba,Winneba,NPK 15 15 15,Commercial,GHS / 50kg,,32,48,54,,,,,
Ghana,-0.629892,5.362229,Winneba,Winneba,Urea,Commercial,GHS / 50kg,,,48,59,,,,,
Ghana,-0.629892,5.362229,Winneba,Winneba,NPK 23 10 5 + 4MgO + 2Zn,Commercial,GHS / 50kg,,,55,,,,,,
Ghana,-0.972508,5.929556,Akim Oda,Akim Oda,Urea,Commercial,GHS / 50kg,,,37,45,,,,,
Ghana,-0.972508,5.929556,Akim Oda,Akim Oda,NPK 15 15 15,Commercial,GHS / 50kg,,,,45,,,,,
Ghana,-0.972508,5.929556,Akim Oda,Akim Oda,Ammonium sulphate,Commercial,GHS / 50kg,,,,45,,,,,
Ghana,0.030235,5.734812,Tema,Tema,NPK 15 15 15,Commercial,GHS / 50kg,,,,60,,,,,
Ghana,0.798459,6.128252,Akatsi/Ada (Volta),Akatsi,Sulfan (Ammonium sulphate),Commercial,GHS / 50kg,,,,,90,,,,
Ghana,0.798459,6.128252,Akatsi/Ada (Volta),Akatsi,NPK 15 15 15,Commercial,GHS / 50kg,,,,,100,,,,
Ghana,0.798459,6.128252,Akatsi/Ada (Volta),Akatsi,Urea,Commercial,GHS / 50kg,,,,,95,,,,
Ghana,0.360732,5.882449,Sege,Sege,NPK 23 10 5,Subsidized,GHS / 50kg,,,,,,89,85,,
Ghana,0.360732,5.882449,Sege,Sege,NPK 23 10 5,Commercial,GHS / 50kg,,,,,,,115,,
Ghana,0.360732,5.882449,Sege,Sege,Urea,Subsidized,GHS / 50kg,,,,,,84,81,48,63
Ghana,0.360732,5.882449,Sege,Sege,Urea,Commercial,GHS / 50kg,,,,,,,110,70,78
Ghana,0.360732,5.882449,Sege,Sege,Ammonium sulphate,Commercial,GHS / 50kg,,,,,,90,89,86,83
Ghana,0.360732,5.882449,Sege,Sege,Ammonium sulphate,Subsidized,GHS / 50kg,,,,,,,,,40
Ghana,0.360732,5.882449,Sege,Sege,NPK 20 10 10,Commercial,GHS / 50kg,,,,,,120,,,
Ghana,0.360732,5.882449,Sege,Sege,NPK 20 10 10,Subsidized,GHS / 50kg,,,,,,89,85,,
Ghana,0.360732,5.882449,Sege,Sege,NPK 15 15 15,Subsidized,GHS / 50kg,,,,,,89,85,58,68
Ghana,0.360732,5.882449,Sege,Sege,NPK 15 15 15,Commercial,GHS / 50kg,,,,,,120,115,104,95
Ghana,0.360732,5.882449,Sege,Sege,NPK 20 20 20,Subsidized,GHS / 50kg,,,,,,89,,,
Ghana,0.360732,5.882449,Sege,Sege,NPK 25 10 10,Subsidized,GHS / 50kg,,,,,,89,85,,
Ghana,-0.667687,5.860731,Asamankese,Asamankase,Urea,Subsidized,GHS / 50kg,,,,,,84,,,
Ghana,-0.667687,5.860731,Asamankese,Asamankase,Urea,Commercial,GHS / 50kg,,,,,,110,,,
Ghana,-0.667687,5.860731,Asamankese,Asamankase,NPK 15 15 15,Commercial,GHS / 50kg,,,,,,110,,,
Ghana,-0.667687,5.860731,Asamankese,Asamankase,NPK 15 15 15,Subsidized,GHS / 50kg,,,,,,89,,,
Ghana,-0.667687,5.860731,Asamankese,Asamankase,NPK 20 10 10,Subsidized,GHS / 50kg,,,,,,89,,,
Ghana,-0.667687,5.860731,Asamankese,Asamankase,NPK 20 20 20,Subsidized,GHS / 50kg,,,,,,89,,,
Ghana,-0.667687,5.860731,Asamankese,Asamankase,NPK 23 10 5,Subsidized,GHS / 50kg,,,,,,89,,,
Ghana,-2.016814,5.566761,Bogoso,Bogoso,Urea,Subsidized,GHS / 50kg,,,,,,84,80,,
Ghana,-2.016814,5.566761,Bogoso,Bogoso,Ammonium sulphate,Commercial,GHS / 50kg,,,,,,105,105,86,80
Ghana,-2.016814,5.566761,Bogoso,Bogoso,Ammonium sulphate,Subsidized,GHS / 50kg,,,,,,,,,40
Ghana,-2.016814,5.566761,Bogoso,Bogoso,NPK 15 15 15,Commercial,GHS / 50kg,,,,,,120,120,103,100
Ghana,-2.016814,5.566761,Bogoso,Bogoso,NPK 15 15 15,Subsidized,GHS / 50kg,,,,,,89,85,58,68
Ghana,-2.016814,5.566761,Bogoso,Bogoso,NPK 20 10 10,Subsidized,GHS / 50kg,,,,,,89,85,,
Ghana,-2.016814,5.566761,Bogoso,Bogoso,NPK 20 20 20,Subsidized,GHS / 50kg,,,,,,89,,,
Ghana,-2.016814,5.566761,Bogoso,Bogoso,NPK 23 10 5,Subsidized,GHS / 50kg,,,,,,89,85,,
Ghana,-2.016814,5.566761,Bogoso,Bogoso,NPK 25 10 10,Subsidized,GHS / 50kg,,,,,,89,85,,
Ghana,-1.270065,10.857475,Chiana,Chiana,Urea,Subsidized,GHS / 50kg,,,,,,84,80,,
Ghana,-1.270065,10.857475,Chiana,Chiana,Ammonium sulphate,Commercial,GHS / 50kg,,,,,,90,90,86,85
Ghana,-1.270065,10.857475,Chiana,Chiana,Ammonium sulphate,Subsidized,GHS / 50kg,,,,,,,,,40
Ghana,-1.270065,10.857475,Chiana,Chiana,NPK 25 10 10,Commercial,GHS / 50kg,,,,,,92,92,117,120
Ghana,-1.270065,10.857475,Chiana,Chiana,NPK 25 10 10,Subsidized,GHS / 50kg,,,,,,89,85,58,68
Ghana,-1.270065,10.857475,Chiana,Chiana,NPK 15 15 15,Subsidized,GHS / 50kg,,,,,,89,85,,
Ghana,-1.270065,10.857475,Chiana,Chiana,NPK 20 10 10,Subsidized,GHS / 50kg,,,,,,89,85,58,68
Ghana,-1.270065,10.857475,Chiana,Chiana,NPK 20 10 10,Commercial,GHS / 50kg,,,,,,,89,116,120
Ghana,-1.270065,10.857475,Chiana,Chiana,NPK 20 20 20,Subsidized,GHS / 50kg,,,,,,89,,,
Ghana,-1.270065,10.857475,Chiana,Chiana,NPK 23 10 5,Subsidized,GHS / 50kg,,,,,,89,85,,
Ghana,-1.783216,5.966828,Dunkwa-On-Offin,Dunkwa-On- Offin,Urea,Subsidized,GHS / 50kg,,,,,,84,80,48,63
Ghana,-1.783216,5.966828,Dunkwa-On-Offin,Dunkwa-On- Offin,Urea,Commercial,GHS / 50kg,,,,,,115,106,99,90
Ghana,-1.783216,5.966828,Dunkwa-On-Offin,Dunkwa-On- Offin,Ammonium sulphate,Commercial,GHS / 50kg,,,,,,91,91,93,90
Ghana,-1.783216,5.966828,Dunkwa-On-Offin,Dunkwa-On- Offin,Ammonium sulphate,Subsidized,GHS / 50kg,,,,,,,,,40
Ghana,-1.783216,5.966828,Dunkwa-On-Offin,Dunkwa-On- Offin,NPK 15 15 15,Subsidized,GHS / 50kg,,,,,,89,85,58,68
Ghana,-1.783216,5.966828,Dunkwa-On-Offin,Dunkwa-On- Offin,NPK 15 15 15,Commercial,GHS / 50kg,,,,,,120,118,101,110
Ghana,-1.783216,5.966828,Dunkwa-On-Offin,Dunkwa-On- Offin,NPK 20 10 10,Subsidized,GHS / 50kg,,,,,,89,85,,
Ghana,-1.783216,5.966828,Dunkwa-On-Offin,Dunkwa-On- Offin,NPK 20 10 10,Commercial,GHS / 50kg,,,,,,,110,,
Ghana,-1.783216,5.966828,Dunkwa-On-Offin,Dunkwa-On- Offin,NPK 20 20 20,Subsidized,GHS / 50kg,,,,,,89,,,
Ghana,-1.783216,5.966828,Dunkwa-On-Offin,Dunkwa-On- Offin,NPK 23 10 5,Subsidized,GHS / 50kg,,,,,,89,85,,
Ghana,-1.783216,5.966828,Dunkwa-On-Offin,Dunkwa-On- Offin,NPK 23 10 5,Commercial,GHS / 50kg,,,,,,120,,,
Ghana,-1.783216,5.966828,Dunkwa-On-Offin,Dunkwa-On- Offin,NPK 25 10 10,Subsidized,GHS / 50kg,,,,,,89,85,,
Ghana,-1.445884,6.111001,Fumso,Fumso,Urea,Subsidized,GHS / 50kg,,,,,,84,80,48,63
Ghana,-1.445884,6.111001,Fumso,Fumso,Urea,Commercial,GHS / 50kg,,,,,,,,,90
Ghana,-1.445884,6.111001,Fumso,Fumso,Ammonium sulphate,Commercial,GHS / 50kg,,,,,,94,109,110,88
Ghana,-1.445884,6.111001,Fumso,Fumso,Ammonium sulphate,Subsidized,GHS / 50kg,,,,,,,,,40
Ghana,-1.445884,6.111001,Fumso,Fumso,NPK 15 15 15,Commercial,GHS / 50kg,,,,,,104,115,123,110
Ghana,-1.445884,6.111001,Fumso,Fumso,NPK 15 15 15,Subsidized,GHS / 50kg,,,,,,89,85,58,68
Ghana,-1.445884,6.111001,Fumso,Fumso,NPK 20 10 10,Subsidized,GHS / 50kg,,,,,,89,85,,
Ghana,-1.445884,6.111001,Fumso,Fumso,NPK 20 20 20,Subsidized,GHS / 50kg,,,,,,89,,,
Ghana,-1.445884,6.111001,Fumso,Fumso,NPK 23 10 5,Subsidized,GHS / 50kg,,,,,,89,85,,
Ghana,-1.445884,6.111001,Fumso,Fumso,NPK 25 10 10,Subsidized,GHS / 50kg,,,,,,89,85,,
Ghana,-0.219005,9.921042,Gushegu,Gushegu,Urea,Subsidized,GHS / 50kg,,,,,,84,80,,
Ghana,-0.219005,9.921042,Gushegu,Gushegu,Ammonium sulphate,Commercial,GHS / 50kg,,,,,,89,89,77,75
Ghana,-0.219005,9.921042,Gushegu,Gushegu,Ammonium sulphate,Subsidized,GHS / 50kg,,,,,,,,,40
Ghana,-0.219005,9.921042,Gushegu,Gushegu,NPK 15 15 15,Subsidized,GHS / 50kg,,,,,,89,85,58,68
Ghana,-0.219005,9.921042,Gushegu,Gushegu,NPK 15 15 15,Commercial,GHS / 50kg,,,,,,,106,87,80
Ghana,-0.219005,9.921042,Gushegu,Gushegu,NPK 20 10 10,Subsidized,GHS / 50kg,,,,,,89,85,58,68
Ghana,-0.219005,9.921042,Gushegu,Gushegu,NPK 20 10 10,Commercial,GHS / 50kg,,,,,,,94,110,110
Ghana,-0.219005,9.921042,Gushegu,Gushegu,NPK 20 20 20,Subsidized,GHS / 50kg,,,,,,89,,,
Ghana,-0.219005,9.921042,Gushegu,Gushegu,NPK 20 20 20,Commercial,GHS / 50kg,,,,,,,,85,
Ghana,-0.219005,9.921042,Gushegu,Gushegu,NPK 23 10 5,Subsidized,GHS / 50kg,,,,,,89,85,58,68
Ghana,-0.219005,9.921042,Gushegu,Gushegu,NPK 23 10 5,Commercial,GHS / 50kg,,,,,,,,82,70
Ghana,-0.219005,9.921042,Gushegu,Gushegu,NPK 25 10 10,Subsidized,GHS / 50kg,,,,,,89,85,,
Ghana,-2.221207,10.981123,Gwollu,Gwollu,Urea,Subsidized,GHS / 50kg,,,,,,84,80,48,
Ghana,-2.221207,10.981123,Gwollu,Gwollu,Ammonium sulphate,Commercial,GHS / 50kg,,,,,,84,81,75,70
Ghana,-2.221207,10.981123,Gwollu,Gwollu,Ammonium sulphate,Subsidized,GHS / 50kg,,,,,,,,,40
Ghana,-2.221207,10.981123,Gwollu,Gwollu,NPK 15 15 15,Commercial,GHS / 50kg,,,,,,115,108,106,110
Ghana,-2.221207,10.981123,Gwollu,Gwollu,NPK 15 15 15,Subsidized,GHS / 50kg,,,,,,89,85,58,68
Ghana,-2.221207,10.981123,Gwollu,Gwollu,NPK 20 10 10,Subsidized,GHS / 50kg,,,,,,89,85,58,68
Ghana,-2.221207,10.981123,Gwollu,Gwollu,NPK 20 10 10,Commercial,GHS / 50kg,,,,,,,,100,100
Ghana,-2.221207,10.981123,Gwollu,Gwollu,NPK 20 20 20,Subsidized,GHS / 50kg,,,,,,89,,,
Ghana,-2.221207,10.981123,Gwollu,Gwollu,NPK 23 10 5,Subsidized,GHS / 50kg,,,,,,89,85,58,68
Ghana,-2.221207,10.981123,Gwollu,Gwollu,NPK 23 10 5,Commercial,GHS / 50kg,,,,,,,,105,111
Ghana,-2.221207,10.981123,Gwollu,Gwollu,NPK 25 10 10,Subsidized,GHS / 50kg,,,,,,89,85,,
Ghana,-0.83416,6.09376,KADE,KADE,Urea,Subsidized,GHS / 50kg,,,,,,84,80,,
Ghana,-0.83416,6.09376,KADE,KADE,Ammonium sulphate,Commercial,GHS / 50kg,,,,,,95,105,90,87
Ghana,-0.83416,6.09376,KADE,KADE,Ammonium sulphate,Subsidized,GHS / 50kg,,,,,,,,,40
Ghana,-0.83416,6.09376,KADE,KADE,NPK 15 15 15,Commercial,GHS / 50kg,,,,,,108,115,106,113
Ghana,-0.83416,6.09376,KADE,KADE,NPK 15 15 15,Subsidized,GHS / 50kg,,,,,,89,85,58,68
Ghana,-0.83416,6.09376,KADE,KADE,NPK 20 10 10,Subsidized,GHS / 50kg,,,,,,89,85,,
Ghana,-0.83416,6.09376,KADE,KADE,NPK 20 20 20,Subsidized,GHS / 50kg,,,,,,89,,,
Ghana,-0.83416,6.09376,KADE,KADE,NPK 23 10 5,Subsidized,GHS / 50kg,,,,,,89,85,,
Ghana,-0.83416,6.09376,KADE,KADE,NPK 25 10 10,Subsidized,GHS / 50kg,,,,,,89,85,,
Ghana,0.29488,6.990628,Kpando,Kpando,Urea,Subsidized,GHS / 50kg,,,,,,84,80,48,63
Ghana,0.29488,6.990628,Kpando,Kpando,Urea,Commercial,GHS / 50kg,,,,,,115,113,98,76
Ghana,0.29488,6.990628,Kpando,Kpando,Ammonium sulphate,Commercial,GHS / 50kg,,,,,,90,89,84,80
Ghana,0.29488,6.990628,Kpando,Kpando,Ammonium sulphate,Subsidized,GHS / 50kg,,,,,,,,,40
Ghana,0.29488,6.990628,Kpando,Kpando,NPK 15 15 15,Commercial,GHS / 50kg,,,,,,115,118,,
Ghana,0.29488,6.990628,Kpando,Kpando,NPK 15 15 15,Subsidized,GHS / 50kg,,,,,,89,85,,
Ghana,0.29488,6.990628,Kpando,Kpando,NPK 23 10 5,Commercial,GHS / 50kg,,,,,,115,114,104,112
Ghana,0.29488,6.990628,Kpando,Kpando,NPK 23 10 5,Subsidized,GHS / 50kg,,,,,,89,85,58,68
Ghana,0.29488,6.990628,Kpando,Kpando,NPK 20 10 10,Subsidized,GHS / 50kg,,,,,,89,85,,
Ghana,0.29488,6.990628,Kpando,Kpando,NPK 20 20 20,Subsidized,GHS / 50kg,,,,,,89,,,
Ghana,0.29488,6.990628,Kpando,Kpando,NPK 25 10 10,Subsidized,GHS / 50kg,,,,,,89,85,,
Ghana,-2.882653,10.645898,Lawra,Lawra,Urea,Subsidized,GHS / 50kg,,,,,,84,80,,
Ghana,-2.882653,10.645898,Lawra,Lawra,Ammonium sulphate,Commercial,GHS / 50kg,,,,,,98,99,83,82
Ghana,-2.882653,10.645898,Lawra,Lawra,Ammonium sulphate,Subsidized,GHS / 50kg,,,,,,,,,40
Ghana,-2.882653,10.645898,Lawra,Lawra,NPK 15 15 15,Commercial,GHS / 50kg,,,,,,118,122,110,110
Ghana,-2.882653,10.645898,Lawra,Lawra,NPK 15 15 15,Subsidized,GHS / 50kg,,,,,,89,85,58,68
Ghana,-2.882653,10.645898,Lawra,Lawra,NPK 20 10 10,Subsidized,GHS / 50kg,,,,,,89,85,,
Ghana,-2.882653,10.645898,Lawra,Lawra,NPK 20 20 20,Subsidized,GHS / 50kg,,,,,,89,,,
Ghana,-2.882653,10.645898,Lawra,Lawra,NPK 23 10 5,Subsidized,GHS / 50kg,,,,,,89,85,58,68
Ghana,-2.882653,10.645898,Lawra,Lawra,NPK 23 10 5,Commercial,GHS / 50kg,,,,,,120,118,119,120
Ghana,-2.882653,10.645898,Lawra,Lawra,NPK 25 10 10,Subsidized,GHS / 50kg,,,,,,89,85,,
Ghana,-1.015539,5.272844,Mankessim,Mankessim,Urea,Subsidized,GHS / 50kg,,,,,,84,80,48,63
Ghana,-1.015539,5.272844,Mankessim,Mankessim,Urea,Commercial,GHS / 50kg,,,,,,,124,130,123
Ghana,-1.015539,5.272844,Mankessim,Mankessim,Ammonium sulphate,Commercial,GHS / 50kg,,,,,,118,127,125,123
Ghana,-1.015539,5.272844,Mankessim,Mankessim,Ammonium sulphate,Subsidized,GHS / 50kg,,,,,,,,,40
Ghana,-1.015539,5.272844,Mankessim,Mankessim,NPK 15 15 15,Commercial,GHS / 50kg,,,,,,123,128,133,130
Ghana,-1.015539,5.272844,Mankessim,Mankessim,NPK 15 15 15,Subsidized,GHS / 50kg,,,,,,89,85,58,68
Ghana,-1.015539,5.272844,Mankessim,Mankessim,NPK 20 10 10,Subsidized,GHS / 50kg,,,,,,89,85,,
Ghana,-1.015539,5.272844,Mankessim,Mankessim,NPK 20 10 10,Commercial,GHS / 50kg,,,,,,,120,,
Ghana,-1.015539,5.272844,Mankessim,Mankessim,NPK 20 20 20,Subsidized,GHS / 50kg,,,,,,89,,,
Ghana,-1.015539,5.272844,Mankessim,Mankessim,NPK 23 10 5,Subsidized,GHS / 50kg,,,,,,89,85,58,68
Ghana,-1.015539,5.272844,Mankessim,Mankessim,NPK 23 10 5,Commercial,GHS / 50kg,,,,,,,130,80,113
Ghana,-1.015539,5.272844,Mankessim,Mankessim,NPK 25 10 10,Subsidized,GHS / 50kg,,,,,,89,85,,
Ghana,-1.092147,10.894025,Navrongo,Navrongo,Urea,Subsidized,GHS / 50kg,,,,,,84,80,48,63
Ghana,-1.092147,10.894025,Navrongo,Navrongo,Urea,Commercial,GHS / 50kg,,,,,,110,93,91,80
Ghana,-1.092147,10.894025,Navrongo,Navrongo,Ammonium sulphate,Commercial,GHS / 50kg,,,,,,95,90,79,70
Ghana,-1.092147,10.894025,Navrongo,Navrongo,Ammonium sulphate,Subsidized,GHS / 50kg,,,,,,,,,40
Ghana,-1.092147,10.894025,Navrongo,Navrongo,NPK 15 15 15,Commercial,GHS / 50kg,,,,,,110,107,120,120
Ghana,-1.092147,10.894025,Navrongo,Navrongo,NPK 15 15 15,Subsidized,GHS / 50kg,,,,,,89,85,58,68
Ghana,-1.092147,10.894025,Navrongo,Navrongo,NPK 20 20 20,Commercial,GHS / 50kg,,,,,,120,115,100,
Ghana,-1.092147,10.894025,Navrongo,Navrongo,NPK 20 20 20,Subsidized,GHS / 50kg,,,,,,89,,,
Ghana,-1.092147,10.894025,Navrongo,Navrongo,NPK 20 10 10,Subsidized,GHS / 50kg,,,,,,89,85,58,68
Ghana,-1.092147,10.894025,Navrongo,Navrongo,NPK 20 10 10,Commercial,GHS / 50kg,,,,,,,103,99,80
Ghana,-1.092147,10.894025,Navrongo,Navrongo,NPK 23 10 5,Subsidized,GHS / 50kg,,,,,,89,85,58,68
Ghana,-1.092147,10.894025,Navrongo,Navrongo,NPK 23 10 5,Commercial,GHS / 50kg,,,,,,,120,118,120
Ghana,-1.092147,10.894025,Navrongo,Navrongo,NPK 25 10 10,Subsidized,GHS / 50kg,,,,,,89,85,,
Ghana,-1.710095,7.559312,Nkoranza,Nkoranza,Urea,Subsidized,GHS / 50kg,,,,,,84,80,48,
Ghana,-1.710095,7.559312,Nkoranza,Nkoranza,Urea,Commercial,GHS / 50kg,,,,,,102,103,93,
Ghana,-1.710095,7.559312,Nkoranza,Nkoranza,Ammonium sulphate,Commercial,GHS / 50kg,,,,,,79,80,70,
Ghana,-1.710095,7.559312,Nkoranza,Nkoranza,NPK 15 15 15,Commercial,GHS / 50kg,,,,,,104,105,98,
Ghana,-1.710095,7.559312,Nkoranza,Nkoranza,NPK 15 15 15,Subsidized,GHS / 50kg,,,,,,89,85,58,
Ghana,-1.710095,7.559312,Nkoranza,Nkoranza,NPK 23 10 5,Commercial,GHS / 50kg,,,,,,106,106,95,
Ghana,-1.710095,7.559312,Nkoranza,Nkoranza,NPK 23 10 5,Subsidized,GHS / 50kg,,,,,,89,85,58,
Ghana,-1.710095,7.559312,Nkoranza,Nkoranza,NPK 20 10 10,Subsidized,GHS / 50kg,,,,,,89,85,,
Ghana,-1.710095,7.559312,Nkoranza,Nkoranza,NPK 20 20 20,Subsidized,GHS / 50kg,,,,,,89,,,
Ghana,-1.710095,7.559312,Nkoranza,Nkoranza,NPK 25 10 10,Subsidized,GHS / 50kg,,,,,,89,85,,
Ghana,-0.667687,5.860731,Asamankese,Asamankese,Ammonium sulphate,Commercial,GHS / 50kg,,,,,,90,97,78,78
Ghana,-0.667687,5.860731,Asamankese,Asamankese,Ammonium sulphate,Subsidized,GHS / 50kg,,,,,,,,,40
Ghana,-0.667687,5.860731,Asamankese,Asamankese,NPK 15 15 15,Commercial,GHS / 50kg,,,,,,110,120,97,90
Ghana,-0.667687,5.860731,Asamankese,Asamankese,NPK 15 15 15,Subsidized,GHS / 50kg,,,,,,89,85,58,68
Ghana,-0.667687,5.860731,Asamankese,Asamankese,NPK 25 10 10,Subsidized,GHS / 50kg,,,,,,89,85,,
Ghana,-0.667687,5.860731,Asamankese,Asamankese,Urea,Subsidized,GHS / 50kg,,,,,,84,80,,
Ghana,-0.667687,5.860731,Asamankese,Asamankese,NPK 20 10 10,Subsidized,GHS / 50kg,,,,,,89,85,,
Ghana,-0.667687,5.860731,Asamankese,Asamankese,NPK 20 20 20,Subsidized,GHS / 50kg,,,,,,89,,,
Ghana,-0.667687,5.860731,Asamankese,Asamankese,NPK 23 10 5,Subsidized,GHS / 50kg,,,,,,89,85,,68
Ghana,-0.667687,5.860731,Asamankese,Asamankese,NPK 23 10 5,Commercial,GHS / 50kg,,,,,,,,,85
Ghana,-1.710095,7.559312,Nkoranza,Nkoranza,NPK 15 15 15,Subsidized,GHS / 50kg,,,,,,,85,58,68
Ghana,-1.710095,7.559312,Nkoranza,Nkoranza,NPK 15 15 15,Commercial,GHS / 50kg,,,,,,,,,85
Ghana,-1.710095,7.559312,Nkoranza,Nkoranza,NPK 23 10 5,Subsidized,GHS / 50kg,,,,,,,85,58,68
Ghana,-1.710095,7.559312,Nkoranza,Nkoranza,NPK 23 10 5,Commercial,GHS / 50kg,,,,,,,,93,93
Ghana,-1.710095,7.559312,Nkoranza,Nkoranza,Urea,Subsidized,GHS / 50kg,,,,,,,80,48,63
Ghana,-1.710095,7.559312,Nkoranza,Nkoranza,Urea,Commercial,GHS / 50kg,,,,,,,,93,88
Ghana,-1.710095,7.559312,Nkoranza,Nkoranza,Ammonium sulphate,Commercial,GHS / 50kg,,,,,,,70,69,65
Ghana,-1.710095,7.559312,Nkoranza,Nkoranza,Ammonium sulphate,Subsidized,GHS / 50kg,,,,,,,,,40
Ghana,-1.710095,7.559312,Nkoranza,Nkoranza,NPK 20 10 10,Subsidized,GHS / 50kg,,,,,,,,58,
