Country,longitude,latitude,Town,Town-District,Fertilizer,Type,Unit,avg_2010,avg_2011,avg_2012,avg_2013,avg_2014,avg_2015,avg_2016,avg_2017,avg_2018
Kenya,35.191489,-0.96806,Chebunyo,Chebunyo,CAN,Commercial,KES / 50kg,1841,2534,2901,2601,2635,,,,
Kenya,35.191489,-0.96806,Chebunyo,Chebunyo,DAP,Commercial,KES / 50kg,2699,3942,4400,3837,3844,,,,
Kenya,37.459641,-0.538838,Embu,Embu,CAN,Commercial,KES / 50kg,1799,2401,2517,2437,2370,2491,2432,2400,2183
Kenya,37.459641,-0.538838,Embu,Embu,DAP,Commercial,KES / 50kg,2669,3747,3924,3482,3127,3430,3255,2975,3025
Kenya,37.459641,-0.538838,Embu,Embu,NPK 17 17 17,Commercial,KES / 50kg,2340,3183,3614,3288,3061,3129,2900,3171,2900
Kenya,37.459641,-0.538838,Embu,Embu,Urea,Commercial,KES / 50kg,1899,2826,3621,3102,2451,2641,2575,2550,2491
Kenya,37.459641,-0.538838,Embu,Embu,NP 23 23 0,Commercial,KES / 50kg,2310,3299,3494,3380,3040,2994,2920,3000,3000
Kenya,37.459641,-0.538838,Embu,Embu,NPK 20 20 20,Commercial,KES / 50kg,2187,2198,,,,,,,
Kenya,37.459641,-0.538838,Embu,Embu,SSP,Commercial,KES / 50kg,,,,,3103,,,,
Kenya,34.76852,-0.092285,Kisumu,Kisumu,CAN,Commercial,KES / 50kg,1836,3208,3040,3016,2516,2651,2486,2500,2500
Kenya,34.76852,-0.092285,Kisumu,Kisumu,DAP,Commercial,KES / 50kg,2654,4783,4606,3624,3331,3494,3483,3400,3417
Kenya,34.76852,-0.092285,Kisumu,Kisumu,NPK 17 17 17,Commercial,KES / 50kg,2317,,3468,,3331,,3500,,
Kenya,34.76852,-0.092285,Kisumu,Kisumu,NPK 25 5 5 + 5S,Commercial,KES / 50kg,2306,,,,,,,,
Kenya,34.76852,-0.092285,Kisumu,Kisumu,TSP,Commercial,KES / 50kg,3229,,,,,,,,
Kenya,34.76852,-0.092285,Kisumu,Kisumu,Urea,Commercial,KES / 50kg,2067,3724,3557,3163,2842,2764,2700,2600,2617
Kenya,34.76852,-0.092285,Kisumu,Kisumu,NP 23 23 0,Commercial,KES / 50kg,,,3246,,3294,3500,3500,,
Kenya,34.76852,-0.092285,Kisumu,Kisumu,MOP,Commercial,KES / 50kg,,,,,4292,4400,,,
Kenya,34.76852,-0.092285,Kisumu,Kisumu,Ammonium sulphate,Commercial,KES / 50kg,,,,,,2400,,,
Kenya,37.263415,-1.517684,Machakos,Machakos,CAN,Commercial,KES / 50kg,1820,2436,2326,2402,2335,2516,2480,2400,2500
Kenya,37.263415,-1.517684,Machakos,Machakos,DAP,Commercial,KES / 50kg,2670,3702,3860,3515,3109,3411,3400,3133,3400
Kenya,37.263415,-1.517684,Machakos,Machakos,NPK 17 17 17,Commercial,KES / 50kg,2353,3189,3452,3369,3003,3202,3300,,
Kenya,37.263415,-1.517684,Machakos,Machakos,Urea,Commercial,KES / 50kg,1930,,2909,3108,2445,2701,2733,2567,2700
Kenya,37.263415,-1.517684,Machakos,Machakos,NP 20 20 0,Commercial,KES / 50kg,2174,,,,2794,,,,
Kenya,37.263415,-1.517684,Machakos,Machakos,NPK 20 20 20,Commercial,KES / 50kg,2140,2151,,,,,,,
Kenya,37.263415,-1.517684,Machakos,Machakos,NP 23 23 0,Commercial,KES / 50kg,,,,3370,2926,3105,,,
Kenya,37.263415,-1.517684,Machakos,Machakos,NPK 25 5 5 + 5S,Commercial,KES / 50kg,,,,,2500,2509,,,
Kenya,37.263415,-1.517684,Machakos,Machakos,SSP,Commercial,KES / 50kg,,,,,,2500,,,
Kenya,35.111025,-0.690709,Sotik,Sotik,DAP,Commercial,KES / 50kg,2379,3346,4162,4200,,,,,
Kenya,35.111025,-0.690709,Sotik,Sotik,CAN,Commercial,KES / 50kg,1639,2332,2910,1786,,,,,
Kenya,35.111025,-0.690709,Sotik,Sotik,TSP,Commercial,KES / 50kg,1485,,,,,,,,
Kenya,35.111025,-0.690709,Sotik,Sotik,Urea,Commercial,KES / 50kg,1398,,3761,,,,,,
Kenya,35.002305,1.019089,KITA,Kitale,CAN,Commercial,KES / 50kg,1748,2579,3142,2759,2435,2475,2400,,
Kenya,35.002305,1.019089,KITA,Kitale,DAP,Commercial,KES / 50kg,2398,3724,4485,3860,3286,3525,3510,,
Kenya,35.002305,1.019089,KITA,Kitale,NPK 17 17 17,Commercial,KES / 50kg,2323,,4500,4047,3194,,,,
Kenya,35.002305,1.019089,KITA,Kitale,NPK 25 5 5 + 5S,Commercial,KES / 50kg,2510,,,4001,,,,,
Kenya,35.002305,1.019089,KITA,Kitale,Urea,Commercial,KES / 50kg,1923,2395,3497,,2386,2675,2417,,
Kenya,35.002305,1.019089,KITA,Kitale,NP 23 23 0,Commercial,KES / 50kg,2313,,,,3028,,,,
Kenya,35.345088,-0.78318,Bomet,Bomet,CAN,Commercial,KES / 50kg,1667,,,,2637,2605,2450,,
Kenya,35.345088,-0.78318,Bomet,Bomet,DAP,Commercial,KES / 50kg,2497,,,,3398,3512,3450,,
Kenya,35.345088,-0.78318,Bomet,Bomet,Urea,Commercial,KES / 50kg,,,,,,2900,,,
Kenya,34.275502,-0.100339,Bondo,Bondo,CAN,Commercial,KES / 50kg,2034,2648,2889,2682,,,,,
Kenya,34.275502,-0.100339,Bondo,Bondo,DAP,Commercial,KES / 50kg,2590,4107,4334,4171,,,,,
Kenya,34.275502,-0.100339,Bondo,Bondo,Urea,Commercial,KES / 50kg,2312,2850,3537,3572,,,,,
Kenya,36.83041,-1.17481,Kiambu,Kiambu,CAN,Commercial,KES / 50kg,1803,,,,,,,,
Kenya,36.83041,-1.17481,Kiambu,Kiambu,DAP,Commercial,KES / 50kg,2913,,,,,,,,
Kenya,36.83041,-1.17481,Kiambu,Kiambu,MOP,Commercial,KES / 50kg,2960,,,,,,,,
Kenya,36.83041,-1.17481,Kiambu,Kiambu,NP 20 20 0,Commercial,KES / 50kg,2221,,,,,,,,
Kenya,36.83041,-1.17481,Kiambu,Kiambu,NPK 17 17 17,Commercial,KES / 50kg,2405,,,,,,,,
Kenya,36.83041,-1.17481,Kiambu,Kiambu,NPK 25 5 5 + 5S,Commercial,KES / 50kg,2311,,,,,,,,
Kenya,36.83041,-1.17481,Kiambu,Kiambu,Urea,Commercial,KES / 50kg,2033,,,,,,,,
Kenya,36.821946,-1.292066,Nairobi,Nairobi,CAN,Commercial,KES / 50kg,1886,2549,2880,2614,2518,2614,2476,2314,2329
Kenya,36.821946,-1.292066,Nairobi,Nairobi,DAP,Commercial,KES / 50kg,2858,3807,4164,3718,3400,3567,3432,3157,3190
Kenya,36.821946,-1.292066,Nairobi,Nairobi,NP 20 20 0,Commercial,KES / 50kg,2452,2839,,,3195,3278,3200,,
Kenya,36.821946,-1.292066,Nairobi,Nairobi,NPK 17 17 17,Commercial,KES / 50kg,2759,3195,3916,3714,3427,3351,3278,3100,3079
Kenya,36.821946,-1.292066,Nairobi,Nairobi,TSP,Commercial,KES / 50kg,4441,5256,,,3816,3702,3692,3677,3700
Kenya,36.821946,-1.292066,Nairobi,Nairobi,Urea,Commercial,KES / 50kg,1969,2911,3767,3253,2736,2842,2741,2565,2535
Kenya,36.821946,-1.292066,Nairobi,Nairobi,NP 23 23 0,Commercial,KES / 50kg,2630,3154,3993,3787,3364,3276,3260,3165,3133
Kenya,36.821946,-1.292066,Nairobi,Nairobi,MOP,Commercial,KES / 50kg,,3207,,,3797,3626,3600,3529,3475
Kenya,36.821946,-1.292066,Nairobi,Nairobi,NPK 25 5 5 + 5S,Commercial,KES / 50kg,,,,3500,3495,3469,3467,,
Kenya,36.821946,-1.292066,Nairobi,Nairobi,SSP,Commercial,KES / 50kg,,,,,3505,3300,,,3229
Kenya,36.821946,-1.292066,Nairobi,Nairobi,NPK 19 19 19,Commercial,KES / 25 kg,,,,,,6500,,,
Kenya,36.821946,-1.292066,Nairobi,Nairobi,NPK 20 10 10,Commercial,KES / 50kg,,,,,,3200,,,
Kenya,36.821946,-1.292066,Nairobi,Nairobi,NPK 22 6 12 + 3S + 1MgO + 2CaO + TE,Commercial,KES / 50kg,,,,,,3500,,,
Kenya,36.821946,-1.292066,Nairobi,Nairobi,NPK 25 5 5,Commercial,KES / 50kg,,,,,,3500,,,
Kenya,36.821946,-1.292066,Nairobi,Nairobi,Ammonium sulphate,Commercial,KES / 50kg,,,,,,2350,2295,2322,2319
Kenya,36.821946,-1.292066,Nairobi,Nairobi,NPK 15 9 20,Commercial,KES / 50kg,,,,,,3550,3500,3500,3500
Kenya,36.821946,-1.292066,Nairobi,Nairobi,NPK 15 9 20 + 4S + 2MgO + TE,Commercial,KES / 50kg,,,,,,3600,,,
Kenya,36.821946,-1.292066,Nairobi,Nairobi,NPK 20 20 20,Commercial,KES / 50kg,,,,,,3200,,,
Kenya,36.821946,-1.292066,Nairobi,Nairobi,NPK 22 6 12,Commercial,KES / 50kg,,,,,,,3500,3500,3500
Kenya,36.821946,-1.292066,Nairobi,Nairobi,NPK 10 26 10 + CaO + Mg + B + Zn,Commercial,KES / 50kg,,,,,,,,3175,
Kenya,36.821946,-1.292066,Nairobi,Nairobi,NPK 30 0 0 + 5S + 10CaO,Commercial,KES / 50kg,,,,,,,,2700,
Kenya,36.821946,-1.292066,Nairobi,Nairobi,Calcium nitrate,Commercial,KES / 25 kg,,,,,,,,,2000
Kenya,35.286284,-0.368891,Kericho,Kericho,CAN,Commercial,KES / 50kg,1840,2431,,,,,,,
Kenya,35.286284,-0.368891,Kericho,Kericho,DAP,Commercial,KES / 50kg,2892,3787,,,,,,,
Kenya,35.286284,-0.368891,Kericho,Kericho,Urea,Commercial,KES / 50kg,1900,2499,,,,,,,
Kenya,35.508314,0.673236,Marakwet,Iten,DAP,Commercial,KES / 50kg,2754,3589,,,,,,,
Kenya,35.508314,0.673236,Marakwet,Iten,CAN,Commercial,KES / 50kg,2086,2623,,,,,,,
Kenya,35.508314,0.673236,Marakwet,Iten,Urea,Commercial,KES / 50kg,2040,2735,,,,,,,
Kenya,35.508314,0.673236,Marakwet,Iten,NP 20 20 0,Commercial,KES / 50kg,,3290,,,,,,,
Kenya,35.508314,0.673236,Marakwet,Iten,NP 23 23 0,Commercial,KES / 50kg,,1993,,,,,,,
Kenya,35.508314,0.673236,Marakwet,Iten,SSP,Commercial,KES / 50kg,,1993,,,,,,,
Kenya,34.453097,-0.535043,Homa Bay,Homa Bay,CAN,Commercial,KES / 50kg,2032,3238,,,2782,,,,
Kenya,34.453097,-0.535043,Homa Bay,Homa Bay,DAP,Commercial,KES / 50kg,2954,3651,,,3974,,,,
Kenya,34.453097,-0.535043,Homa Bay,Homa Bay,Urea,Commercial,KES / 50kg,,2777,,,2782,,,,
Kenya,34.453097,-0.535043,Homa Bay,Homa Bay,NPK 17 17 17,Commercial,KES / 50kg,,,,,2980,,,,
Kenya,37.131546,-0.794686,Maragua,Maragua,CAN,Commercial,KES / 50kg,2086,2104,,,,,,,
Kenya,37.131546,-0.794686,Maragua,Maragua,DAP,Commercial,KES / 50kg,3105,3136,,,,,,,
Kenya,37.131546,-0.794686,Maragua,Maragua,Urea,Commercial,KES / 50kg,2086,2104,,,,,,,
Kenya,39.668113,-4.043379,Mombasa,Mombasa,CAN,Commercial,KES / 50kg,,2432,2774,,,2625,2557,2400,2450
Kenya,39.668113,-4.043379,Mombasa,Mombasa,DAP,Commercial,KES / 50kg,,2991,4552,,,3600,3600,3300,3267
Kenya,39.668113,-4.043379,Mombasa,Mombasa,NPK 17 17 17,Commercial,KES / 50kg,,3084,3468,,,3383,,3100,
Kenya,39.668113,-4.043379,Mombasa,Mombasa,Urea,Commercial,KES / 50kg,,2671,3232,,,3013,2814,2400,2550
Kenya,39.668113,-4.043379,Mombasa,Mombasa,MOP,Commercial,KES / 50kg,,,,,,3425,,,
Kenya,39.668113,-4.043379,Mombasa,Mombasa,NPK 15 9 20 + 4S + 2MgO + TE,Commercial,KES / 50kg,,,,,,3400,,,
Kenya,39.668113,-4.043379,Mombasa,Mombasa,NP 23 23 0,Commercial,KES / 50kg,,,,,,,,3200,
Kenya,36.080026,-0.303099,Nakuru,Nakuru,CAN,Commercial,KES / 50kg,,2801,2398,2700,2804,,,,
Kenya,36.080026,-0.303099,Nakuru,Nakuru,DAP,Commercial,KES / 50kg,,4014,3760,3500,3755,,,,
Kenya,36.080026,-0.303099,Nakuru,Nakuru,NP 23 23 0,Commercial,KES / 50kg,,3092,,,,,,,
Kenya,36.080026,-0.303099,Nakuru,Nakuru,NPK 17 17 17,Commercial,KES / 50kg,,3387,3335,,,,,,
Kenya,36.080026,-0.303099,Nakuru,Nakuru,Urea,Commercial,KES / 50kg,,2894,,,,,,,
Kenya,34.725761,-0.800228,Gucha,Ogembo,CAN,Commercial,KES / 50kg,,2469,,,,,,,
Kenya,34.725761,-0.800228,Gucha,Ogembo,DAP,Commercial,KES / 50kg,,3598,,,,,,,
Kenya,35.000139,1.021188,Trans-Nzoia,Kitale,CAN,Commercial,KES / 50kg,,2416,,,2299,2308,,,
Kenya,35.000139,1.021188,Trans-Nzoia,Kitale,Urea,Commercial,KES / 50kg,,2623,,,2401,2408,,,
Kenya,35.000139,1.021188,Trans-Nzoia,Kitale,DAP,Commercial,KES / 50kg,,,,,3018,3011,,,
Kenya,35.000139,1.021188,Trans-Nzoia,Kitale,NP 23 23 0,Commercial,KES / 50kg,,,,,2938,2810,,,
Kenya,35.000139,1.021188,Trans-Nzoia,Kitale,NPK 17 17 17,Commercial,KES / 50kg,,,,,3198,,,,
Kenya,34.780122,-0.677272,Kisii,Kisii,NPK 17 17 17,Commercial,KES / 50kg,,3198,3968,,,,,,
Kenya,34.780122,-0.677272,Kisii,Kisii,CAN,Commercial,KES / 50kg,,3718,2468,,,,,,2500
Kenya,34.780122,-0.677272,Kisii,Kisii,DAP,Commercial,KES / 50kg,,5074,3768,,,,,,3500
Kenya,34.780122,-0.677272,Kisii,Kisii,Urea,Commercial,KES / 50kg,,3718,3087,,,,,,2700
Kenya,34.780122,-0.677272,Kisii,Kisii,NP 23 23 0,Commercial,KES / 50kg,,,,,,,,,3300
Kenya,35.494456,0.890388,Chebara,Chebara,CAN,Commercial,KES / 50kg,,2573,2762,2675,,,,,
Kenya,35.494456,0.890388,Chebara,Chebara,DAP,Commercial,KES / 50kg,,4099,4097,3875,,,,,
Kenya,35.494456,0.890388,Chebara,Chebara,Urea,Commercial,KES / 50kg,,2736,,,,,,,
Kenya,35.494456,0.890388,Chebara,Chebara,NP 20 20 0,Commercial,KES / 50kg,,,,3328,,,,,
Kenya,34.504369,-0.625675,Rodi Kopany,Rodi Kopany,CAN,Commercial,KES / 50kg,,3410,3330,,,,,,
Kenya,34.504369,-0.625675,Rodi Kopany,Rodi Kopany,DAP,Commercial,KES / 50kg,,4206,4386,,,,,,
Kenya,34.504369,-0.625675,Rodi Kopany,Rodi Kopany,Urea,Commercial,KES / 50kg,,3017,3160,,,,,,
Kenya,34.504369,-0.625675,Rodi Kopany,Rodi Kopany,NPK 17 17 17,Commercial,KES / 50kg,,3510,3396,,,,,,
Kenya,35.097839,0.202957,Nandi,kapsabet,CAN,Commercial,KES / 50kg,,3536,,,,,,,
Kenya,35.097839,0.202957,Nandi,kapsabet,DAP,Commercial,KES / 50kg,,3926,,,,,,,
Kenya,35.097839,0.202957,Nandi,kapsabet,NPK 17 17 17,Commercial,KES / 50kg,,,3800,3996,,,,,
Kenya,35.097839,0.202957,Nandi,kapsabet,NP 20 20 0,Commercial,KES / 50kg,,,,3475,,,,,
Kenya,35.097839,0.202957,Nandi,kapsabet,NPK 25 5 5 + 5S,Commercial,KES / 50kg,,,,4001,,,,,
Kenya,35.283263,0.515761,Eldoret,Eldoret,CAN,Commercial,KES / 50kg,,,2668,2860,,2800,,,
Kenya,35.283263,0.515761,Eldoret,Eldoret,DAP,Commercial,KES / 50kg,,,3736,3641,,3500,,,
Kenya,35.283263,0.515761,Eldoret,Eldoret,NPK 17 17 17,Commercial,KES / 50kg,,,3772,,,,,,
Kenya,35.283263,0.515761,Eldoret,Eldoret,Urea,Commercial,KES / 50kg,,,2881,2860,,2800,,,
Kenya,37.906193,-0.023559,Bageche,,CAN,Commercial,KES / 50kg,,,3275,3094,,,,,
Kenya,37.906193,-0.023559,Bageche,,DAP,Commercial,KES / 50kg,,,4151,3833,,,,,
Kenya,37.906193,-0.023559,Bageche,,Urea,Commercial,KES / 50kg,,,3761,,,,,,
Kenya,37.906193,-0.023559,Bageche,,NPK 17 17 17,Commercial,KES / 50kg,,,3843,,,,,,
Kenya,36.951102,-0.417485,Nyeri,Nyeri,CAN,Commercial,KES / 50kg,,,2561,2383,,,,,
Kenya,36.951102,-0.417485,Nyeri,Nyeri,DAP,Commercial,KES / 50kg,,,4039,,,,,,
Kenya,36.951102,-0.417485,Nyeri,Nyeri,NPK 17 17 17,Commercial,KES / 50kg,,,4053,,,,,,
Kenya,36.866577,-0.783426,Kangari,kangare,CAN,Commercial,KES / 50kg,,,2585,,,,,,
Kenya,36.866577,-0.783426,Kangari,kangare,NPK 17 17 17,Commercial,KES / 50kg,,,3746,,,,,,
Kenya,35.012224,0.636592,Lumakanda,Lumakanda,NP 23 23 0,Commercial,KES / 50kg,,,3547,,,,,,
Kenya,35.012224,0.636592,Lumakanda,Lumakanda,CAN,Commercial,KES / 50kg,,,2481,,,,,,
Kenya,34.622298,-0.622259,Asumbi,Asumbi,CAN,Commercial,KES / 50kg,,,3264,,2497,2509,,,
Kenya,34.622298,-0.622259,Asumbi,Asumbi,DAP,Commercial,KES / 50kg,,,5014,3591,3456,3412,,,
Kenya,34.622298,-0.622259,Asumbi,Asumbi,Urea,Commercial,KES / 50kg,,,,,3197,3211,,,
Kenya,34.622298,-0.622259,Asumbi,Asumbi,NPK 17 17 17,Commercial,KES / 50kg,,,,,2997,3011,,,
Kenya,34.622298,-0.622259,Asumbi,Asumbi,NPK 25 5 5 + 5S,Commercial,KES / 50kg,,,,,2498,2509,,,
Kenya,34.278277,0.636206,Malaba,Malaba,CAN,Commercial,KES / 50kg,,,3004,2442,,,,,
Kenya,34.278277,0.636206,Malaba,Malaba,DAP,Commercial,KES / 50kg,,,4253,,,,,,
Kenya,34.278277,0.636206,Malaba,Malaba,NPK 17 17 17,Commercial,KES / 50kg,,,3718,,,,,,
Kenya,34.278277,0.636206,Malaba,Malaba,Urea,Commercial,KES / 50kg,,,3371,,,,,,
Kenya,37.746356,0.161735,Kianjai,Kianjai,CAN,Commercial,KES / 50kg,,,2456,,2296,,,,
Kenya,37.746356,0.161735,Kianjai,Kianjai,NP 23 23 0,Commercial,KES / 50kg,,,,3465,,,,,
Kenya,37.746356,0.161735,Kianjai,Kianjai,DAP,Commercial,KES / 50kg,,,,,3453,,,,
Kenya,37.746356,0.161735,Kianjai,Kianjai,NPK 17 17 17,Commercial,KES / 50kg,,,,,3391,,,,
Kenya,37.278483,-0.760546,Makutano,Makutano,CAN,Commercial,KES / 50kg,,,,2383,,,,,
Kenya,37.278483,-0.760546,Makutano,Makutano,DAP,Commercial,KES / 50kg,,,,3922,,,,,
Kenya,37.278483,-0.760546,Makutano,Makutano,NP 20 20 0,Commercial,KES / 50kg,,,,3973,,,,,
Kenya,37.278483,-0.760546,Makutano,Makutano,NP 23 23 0,Commercial,KES / 50kg,,,,3775,,,,,
Kenya,37.278483,-0.760546,Makutano,Makutano,Urea,Commercial,KES / 50kg,,,,3277,,,,,
Kenya,35.124274,0.987683,kaplamai,kamplamai health center,CAN,Commercial,KES / 50kg,,,,2101,,,,,
Kenya,35.124274,0.987683,kaplamai,kamplamai health center,DAP,Commercial,KES / 50kg,,,,3603,,,,,
Kenya,35.124274,0.987683,kaplamai,kamplamai health center,NPK 17 17 17,Commercial,KES / 50kg,,,,3304,,,,,
Kenya,35.124274,0.987683,kaplamai,kamplamai health center,Urea,Commercial,KES / 50kg,,,,3201,,,,,
Kenya,39.481266,-4.46529,Msambweni,Msambweni,Urea,Commercial,KES / 50kg,,,,3012,3259,,,,
Kenya,39.481266,-4.46529,Msambweni,Msambweni,CAN,Commercial,KES / 50kg,,,,,2726,,,,
Kenya,39.481266,-4.46529,Msambweni,Msambweni,DAP,Commercial,KES / 50kg,,,,,3633,,,,
Kenya,39.481266,-4.46529,Msambweni,Msambweni,NPK 17 17 17,Commercial,KES / 50kg,,,,,3596,,,,
Kenya,39.453595,-4.175003,Kwale,Kwale,CAN,Commercial,KES / 50kg,,,,3724,2801,,,,
Kenya,39.453595,-4.175003,Kwale,Kwale,DAP,Commercial,KES / 50kg,,,,4719,4069,,,,
Kenya,39.453595,-4.175003,Kwale,Kwale,NPK 17 17 17,Commercial,KES / 50kg,,,,,3829,,,,
Kenya,39.453595,-4.175003,Kwale,Kwale,Urea,Commercial,KES / 50kg,,,,,3292,,,,
Kenya,40.116888,-3.219185,Malindi,Malindi,CAN,Commercial,KES / 50kg,,,,2287,2418,2509,,,
Kenya,40.116888,-3.219185,Malindi,Malindi,DAP,Commercial,KES / 50kg,,,,3231,3397,,,,
Kenya,40.116888,-3.219185,Malindi,Malindi,NPK 17 17 17,Commercial,KES / 50kg,,,,3129,3089,3011,,,
Kenya,40.116888,-3.219185,Malindi,Malindi,NP 23 23 0,Commercial,KES / 50kg,,,,,3035,,,,
Kenya,40.116888,-3.219185,Malindi,Malindi,SSP,Commercial,KES / 50kg,,,,,3103,,,,
Kenya,40.116888,-3.219185,Malindi,Malindi,Urea,Commercial,KES / 50kg,,,,,2297,,,,
Kenya,40.116888,-3.219185,Malindi,Malindi,MOP,Commercial,KES / 50kg,,,,,4285,,,,
Kenya,40.900641,-2.269558,lamu west,lamu,CAN,Commercial,KES / 50kg,,,,,3009,,,,
Kenya,40.900641,-2.269558,lamu west,lamu,DAP,Commercial,KES / 50kg,,,,,3725,,,,
Kenya,39.716531,-3.366792,vitengeni,vitengeni,CAN,Commercial,KES / 50kg,,,,,3601,,,,
Kenya,39.716531,-3.366792,vitengeni,vitengeni,DAP,Commercial,KES / 50kg,,,,,4497,,,,
Kenya,39.716531,-3.366792,vitengeni,vitengeni,NPK 17 17 17,Commercial,KES / 50kg,,,,,4252,,,,
Kenya,34.876211,0.651158,Lugari,Lugari,DAP,Commercial,KES / 50kg,,,,,3687,,,,
Kenya,35.000139,1.021188,Kitale 2,kitale,CAN,Commercial,KES / 50kg,,,,,,2500,,,
Kenya,35.000139,1.021188,Kitale 2,kitale,DAP,Commercial,KES / 50kg,,,,,,3350,,,
Kenya,35.000139,1.021188,Kitale 2,kitale,MOP,Commercial,KES / 50kg,,,,,,3045,,,
Kenya,35.000139,1.021188,Kitale 2,kitale,Urea,Commercial,KES / 50kg,,,,,,2600,,,
Kenya,35.000139,1.021188,Kitale 3,kitale,CAN,Commercial,KES / 50kg,,,,,,2388,2460,,
Kenya,35.000139,1.021188,Kitale 3,kitale,DAP,Commercial,KES / 50kg,,,,,,3500,3380,,
Kenya,35.000139,1.021188,Kitale 3,kitale,Urea,Commercial,KES / 50kg,,,,,,2475,2460,,
Kenya,35.000139,1.021188,Kitale 3,kitale,NPK 30 0 0 + 5S + 10CaO,Commercial,KES / 50kg,,,,,,,2300,,
Kenya,35.000139,1.021188,Kitale 3,kitale,NPK 10 26 10 + CaO + Mg + B + Zn,Commercial,KES / 50kg,,,,,,,3250,,
Kenya,35.000139,1.021188,Kitale 1,kitale,DAP,Commercial,KES / 50kg,,,,,,3400,,,
Kenya,36.777911,-1.058634,Githunguri,Githunguri,CAN,Commercial,KES / 50kg,,,,,,2567,2240,1975,2033
Kenya,36.777911,-1.058634,Githunguri,Githunguri,DAP,Commercial,KES / 50kg,,,,,,3500,3180,2800,2917
Kenya,36.777911,-1.058634,Githunguri,Githunguri,MOP,Commercial,KES / 50kg,,,,,,3300,3500,,
Kenya,36.777911,-1.058634,Githunguri,Githunguri,Urea,Commercial,KES / 50kg,,,,,,2700,2400,2188,2200
Kenya,36.777911,-1.058634,Githunguri,Githunguri,NPK 17 17 17,Commercial,KES / 50kg,,,,,,,3000,2731,2817
Kenya,36.777911,-1.058634,Githunguri,Githunguri,NP 23 23 0,Commercial,KES / 50kg,,,,,,,,2800,2875
Kenya,37.278483,-0.499328,Mwea,kerugoyga,Ammonium sulphate,Commercial,KES / 50kg,,,,,,,2067,1900,1865
Kenya,37.278483,-0.499328,Mwea,kerugoyga,CAN,Commercial,KES / 50kg,,,,,,,2217,2100,2082
Kenya,37.278483,-0.499328,Mwea,kerugoyga,DAP,Commercial,KES / 50kg,,,,,,,2950,2888,2980
Kenya,37.278483,-0.499328,Mwea,kerugoyga,Urea,Commercial,KES / 50kg,,,,,,,2200,2300,2307
Kenya,37.278483,-0.499328,Mwea,kerugoyga,NPK 17 17 17,Commercial,KES / 50kg,,,,,,,3000,2817,2860
Kenya,37.278483,-0.499328,Mwea,kerugoyga,NPK 22 6 12,Commercial,KES / 50kg,,,,,,,3300,,
Kenya,37.278483,-0.499328,Mwea,kerugoyga,NP 23 23 0,Commercial,KES / 50kg,,,,,,,,2800,2878
Kenya,37.35868,-0.683876,Kirinyaga,wanguru,CAN,Commercial,KES / 50kg,,,,,,,2000,,
Kenya,37.35868,-0.683876,Kirinyaga,wanguru,DAP,Commercial,KES / 50kg,,,,,,,3000,,
Kenya,37.35868,-0.683876,Kirinyaga,wanguru,Urea,Commercial,KES / 50kg,,,,,,,2300,,
Kenya,36.962006,-1.475283,Kitengela,Kitengela,CAN,Commercial,KES / 50kg,,,,,,,2367,2500,2375
Kenya,36.962006,-1.475283,Kitengela,Kitengela,DAP,Commercial,KES / 50kg,,,,,,,3233,3500,3342
Kenya,36.962006,-1.475283,Kitengela,Kitengela,Urea,Commercial,KES / 50kg,,,,,,,2367,2750,2592
Kenya,36.962006,-1.475283,Kitengela,Kitengela,NPK 17 17 17,Commercial,KES / 50kg,,,,,,,,3500,
Kenya,36.962006,-1.475283,Kitengela,Kitengela,NP 23 23 0,Commercial,KES / 50kg,,,,,,,,3500,
Kenya,37.509442,-2.925482,Loitoktok,Oloitokitok,CAN,Commercial,KES / 50kg,,,,,,,2500,2500,2500
Kenya,37.509442,-2.925482,Loitoktok,Oloitokitok,DAP,Commercial,KES / 50kg,,,,,,,3500,3500,3300
Kenya,37.509442,-2.925482,Loitoktok,Oloitokitok,Urea,Commercial,KES / 50kg,,,,,,,2700,2700,2600
Kenya,37.509442,-2.925482,Loitoktok,Oloitokitok,NPK 17 17 17,Commercial,KES / 50kg,,,,,,,,3367,3200
Kenya,37.509442,-2.925482,Loitoktok,Oloitokitok,NP 23 23 0,Commercial,KES / 50kg,,,,,,,,3300,
Kenya,37.13217,-0.795912,Muranga,Muranga,CAN,Commercial,KES / 50kg,,,,,,,2600,,
Kenya,37.13217,-0.795912,Muranga,Muranga,DAP,Commercial,KES / 50kg,,,,,,,3517,,
Kenya,36.431025,-0.717178,Naivasha,Naivasha,CAN,Commercial,KES / 50kg,,,,,,,2000,2069,2113
Kenya,36.431025,-0.717178,Naivasha,Naivasha,DAP,Commercial,KES / 50kg,,,,,,,2850,2946,2979
Kenya,36.431025,-0.717178,Naivasha,Naivasha,NPK 17 17 17,Commercial,KES / 50kg,,,,,,,2950,2738,2888
Kenya,36.431025,-0.717178,Naivasha,Naivasha,Urea,Commercial,KES / 50kg,,,,,,,2133,2138,2267
Kenya,36.431025,-0.717178,Naivasha,Naivasha,NP 23 23 0,Commercial,KES / 50kg,,,,,,,2950,2800,2867
Kenya,37.683173,-3.399176,Taveta,Taveta,CAN,Commercial,KES / 50kg,,,,,,,2500,,
Kenya,37.683173,-3.399176,Taveta,Taveta,DAP,Commercial,KES / 50kg,,,,,,,3433,,
Kenya,37.683173,-3.399176,Taveta,Taveta,Urea,Commercial,KES / 50kg,,,,,,,2600,,
Kenya,36.713245,-1.220253,Wangige,Wangige,CAN,Commercial,KES / 50kg,,,,,,,2500,2400,2383
Kenya,36.713245,-1.220253,Wangige,Wangige,DAP,Commercial,KES / 50kg,,,,,,,3367,3200,3233
Kenya,36.713245,-1.220253,Wangige,Wangige,NPK 17 17 17,Commercial,KES / 50kg,,,,,,,3200,3100,
Kenya,36.713245,-1.220253,Wangige,Wangige,Urea,Commercial,KES / 50kg,,,,,,,2533,2600,2600
Kenya,36.713245,-1.220253,Wangige,Wangige,NP 23 23 0,Commercial,KES / 50kg,,,,,,,,3200,3080
Kenya,37.63334,-1.788625,Wote,Wote,CAN,Commercial,KES / 50kg,,,,,,,2400,2500,
Kenya,37.63334,-1.788625,Wote,Wote,DAP,Commercial,KES / 50kg,,,,,,,3467,,
Kenya,37.63334,-1.788625,Wote,Wote,NPK 17 17 17,Commercial,KES / 50kg,,,,,,,3200,,
Kenya,37.63334,-1.788625,Wote,Wote,Urea,Commercial,KES / 50kg,,,,,,,2600,2500,
Kenya,37.63334,-1.788625,Wote,Wote,NP 23 23 0,Commercial,KES / 50kg,,,,,,,,3300,
Kenya,37.083375,-1.038757,Thika,Thika,CAN,Commercial,KES / 50kg,,,,,,,,2075,2100
Kenya,37.083375,-1.038757,Thika,Thika,DAP,Commercial,KES / 50kg,,,,,,,,3325,3060
Kenya,37.083375,-1.038757,Thika,Thika,NPK 17 17 17,Commercial,KES / 50kg,,,,,,,,2875,
Kenya,37.083375,-1.038757,Thika,Thika,Urea,Commercial,KES / 50kg,,,,,,,,2300,2367
Kenya,36.632334,-0.983375,kimende,kimende,CAN,Commercial,KES / 50kg,,,,,,,,2000,2033
Kenya,36.632334,-0.983375,kimende,kimende,DAP,Commercial,KES / 50kg,,,,,,,,2875,2900
Kenya,36.632334,-0.983375,kimende,kimende,NPK 17 17 17,Commercial,KES / 50kg,,,,,,,,2475,2775
Kenya,36.632334,-0.983375,kimende,kimende,Urea,Commercial,KES / 50kg,,,,,,,,2200,2300
Kenya,36.632334,-0.983375,kimende,kimende,NP 23 23 0,Commercial,KES / 50kg,,,,,,,,2800,
Kenya,35.877064,-1.087543,Narok,Narok,CAN,Commercial,KES / 50kg,,,,,,,,2300,2175
Kenya,35.877064,-1.087543,Narok,Narok,DAP,Commercial,KES / 50kg,,,,,,,,3000,3008
Kenya,35.877064,-1.087543,Narok,Narok,NPK 17 17 17,Commercial,KES / 50kg,,,,,,,,2800,2867
Kenya,35.877064,-1.087543,Narok,Narok,Urea,Commercial,KES / 50kg,,,,,,,,2325,2340
Kenya,35.877064,-1.087543,Narok,Narok,NP 23 23 0,Commercial,KES / 50kg,,,,,,,,2800,2917
Kenya,35.877064,-1.087543,Narok,Narok,Ammonium sulphate,Commercial,KES / 50kg,,,,,,,,,2400
Kenya,35.000139,1.021188,Kitale,Kitale,CAN,Commercial,KES / 50kg,,,,,,,,2060,2158
Kenya,35.000139,1.021188,Kitale,Kitale,DAP,Commercial,KES / 50kg,,,,,,,,3120,3150
Kenya,35.000139,1.021188,Kitale,Kitale,Urea,Commercial,KES / 50kg,,,,,,,,2280,2467
Kenya,35.000139,1.021188,Kitale,Kitale,NP 23 23 0,Commercial,KES / 50kg,,,,,,,,3100,
Kenya,37.509442,-2.925482,Loitokitok,Oloitokitok,CAN,Commercial,KES / 50kg,,,,,,,,2500,
Kenya,37.509442,-2.925482,Loitokitok,Oloitokitok,DAP,Commercial,KES / 50kg,,,,,,,,3500,
Kenya,37.509442,-2.925482,Loitokitok,Oloitokitok,NPK 17 17 17,Commercial,KES / 50kg,,,,,,,,3300,
Kenya,37.509442,-2.925482,Loitokitok,Oloitokitok,Urea,Commercial,KES / 50kg,,,,,,,,2700,
Kenya,37.967618,-2.410641,Kibwezi,Kibwezi,DAP,Commercial,KES / 50kg,,,,,,,,,3300
Kenya,37.967618,-2.410641,Kibwezi,Kibwezi,CAN,Commercial,KES / 50kg,,,,,,,,,2500
Kenya,37.967618,-2.410641,Kibwezi,Kibwezi,Urea,Commercial,KES / 50kg,,,,,,,,,2700
Kenya,37.127357,-0.48299,Karatina,Karatina,CAN,Commercial,KES / 50kg,,,,,,,,,2188
Kenya,37.127357,-0.48299,Karatina,Karatina,DAP,Commercial,KES / 50kg,,,,,,,,,3150
Kenya,37.127357,-0.48299,Karatina,Karatina,NP 23 23 0,Commercial,KES / 50kg,,,,,,,,,2913
Kenya,37.127357,-0.48299,Karatina,Karatina,Urea,Commercial,KES / 50kg,,,,,,,,,2425
Kenya,37.127357,-0.48299,Karatina,Karatina,NPK 17 17 17,Commercial,KES / 50kg,,,,,,,,,2700
Kenya,37.646161,0.051299,Meru,Meru,CAN,Commercial,KES / 50kg,,,,,,,,,2183
Kenya,37.646161,0.051299,Meru,Meru,DAP,Commercial,KES / 50kg,,,,,,,,,3000
Kenya,37.646161,0.051299,Meru,Meru,NPK 17 17 17,Commercial,KES / 50kg,,,,,,,,,2900
