Country,longitude,latitude,Town,Town-District,Fertilizer,Type,Unit,avg_2010,avg_2011,avg_2012,avg_2013,avg_2014,avg_2015,avg_2016,avg_2017,avg_2018
Mali,-4.197225,14.49681,MOPTI,MOPTI,DAP,Commercial,XOF / 50kg,16909,17044,21312,22518,,21000,19600,17750,17500
Mali,-4.197225,14.49681,MOPTI,MOPTI,DAP,Subsidized,XOF / 50kg,,,,,,,11000,11000,
Mali,-4.197225,14.49681,MOPTI,MOPTI,NPK 15 15 15,Commercial,XOF / 50kg,17511,19186,19552,,,18000,17200,15545,
Mali,-4.197225,14.49681,MOPTI,MOPTI,NPK 15 15 15,Subsidized,XOF / 50kg,,,,,,,11000,11000,
Mali,-4.197225,14.49681,MOPTI,MOPTI,NPK 16 26 12 + TE,Commercial,XOF / 50kg,17437,18053,18066,22002,,,,,
Mali,-4.197225,14.49681,MOPTI,MOPTI,NPK 14 18 18 + 6S + 0.1B,Commercial,XOF / 50kg,17466,,20472,,,,,,
Mali,-4.197225,14.49681,MOPTI,MOPTI,Urea,Commercial,XOF / 50kg,,,17618,,,16000,15000,13182,12500
Mali,-4.197225,14.49681,MOPTI,MOPTI,Urea,Subsidized,XOF / 50kg,,,,,,,11000,11000,
Mali,-4.197225,14.49681,MOPTI,MOPTI,NPK 15 10 10,Commercial,XOF / 50kg,,,,,,18000,18000,,
Mali,-4.197225,14.49681,MOPTI,MOPTI,NPK 6 20 10,Commercial,XOF / 50kg,,,,,,18000,18000,,
Mali,-4.197225,14.49681,MOPTI,MOPTI,NPK 17 17 17 + 4S,Commercial,XOF / 50kg,,,,,,,18000,15000,15000
Mali,-4.197225,14.49681,MOPTI,MOPTI,NPK 17 17 17 + 4S,Subsidized,XOF / 50kg,,,,,,,11000,11000,
Mali,-5.975327,14.226116,Niono,Niono,DAP,Commercial,XOF / 50kg,16892,19820,20696,21643,19932,18000,18533,18500,18000
Mali,-5.975327,14.226116,Niono,Niono,DAP,Subsidized,XOF / 50kg,,,,,11032,12540,11000,11000,
Mali,-5.975327,14.226116,Niono,Niono,NPK 15 15 15,Commercial,XOF / 50kg,16986,19057,19537,20505,18935,17000,16842,16838,17000
Mali,-5.975327,14.226116,Niono,Niono,NPK 15 15 15,Subsidized,XOF / 50kg,,,,,10988,12540,11000,11000,
Mali,-5.975327,14.226116,Niono,Niono,NPK 16 26 12 + TE,Commercial,XOF / 50kg,17584,18395,19906,21016,,,,,
Mali,-5.975327,14.226116,Niono,Niono,NPK 14 18 18 + 6S + 0.1B,Commercial,XOF / 50kg,,19647,,,18935,,,,
Mali,-5.975327,14.226116,Niono,Niono,NPK 14 18 18 + 6S + 0.1B,Subsidized,XOF / 50kg,,,,,11032,12540,,,
Mali,-5.975327,14.226116,Niono,Niono,NPK 10 10 20,Commercial,XOF / 50kg,,17675,22004,24073,,,,,
Mali,-5.975327,14.226116,Niono,Niono,Urea,Commercial,XOF / 50kg,,16785,16643,,,14000,13263,13000,13000
Mali,-5.975327,14.226116,Niono,Niono,Urea,Subsidized,XOF / 50kg,,,,,11032,12540,11000,11000,
Mali,-5.975327,14.226116,Niono,Niono,NPK 23 10 5,Commercial,XOF / 50kg,,,21793,,,,,,
Mali,-5.975327,14.226116,Niono,Niono,NPK 16 16 16,Subsidized,XOF / 50kg,,,,,11032,12540,,,
Mali,-5.975327,14.226116,Niono,Niono,NPK 16 16 16,Commercial,XOF / 50kg,,,,,18935,,,,
Mali,-5.975327,14.226116,Niono,Niono,Tilemsi Phosphate (PNT),Subsidized,XOF / 50kg,,,,,3009,3420,,,
Mali,-5.975327,14.226116,Niono,Niono,Tilemsi Phosphate (PNT),Commercial,XOF / 50kg,,,,,4983,,,,
Mali,-5.975327,14.226116,Niono,Niono,NPK 15 10 10,Commercial,XOF / 50kg,,,,,,17000,16400,,
Mali,-5.975327,14.226116,Niono,Niono,NPK 6 20 10,Commercial,XOF / 50kg,,,,,,17000,16400,,
Mali,-5.975327,14.226116,Niono,Niono,NPK 17 17 17 + 4S,Commercial,XOF / 50kg,,,,,,,17500,17346,16500
Mali,-5.975327,14.226116,Niono,Niono,NPK 17 17 17 + 4S,Subsidized,XOF / 50kg,,,,,,,11000,11000,
Mali,-5.975327,14.226116,Niono,Niono,NPK 15 15 15 + 2MgO + 2CaO + TE,Commercial,XOF / 50kg,,,,,,,,17000,
Mali,-5.975327,14.226116,Niono,Niono,NPK 15 15 15 + 2MgO + 2CaO + TE,Subsidized,XOF / 50kg,,,,,,,,11000,
Mali,-8.002889,12.639232,Bamako,Bamako,NPK 14 18 18 + 6S + 0.1B,Commercial,XOF / 50kg,17860,,,,17939,,,,
Mali,-8.002889,12.639232,Bamako,Bamako,NPK 14 18 18 + 6S + 0.1B,Subsidized,XOF / 50kg,,,,,11032,12540,,,
Mali,-8.002889,12.639232,Bamako,Bamako,NPK 15 15 15,Commercial,XOF / 50kg,16662,18668,17734,20007,17939,18500,18721,17000,17000
Mali,-8.002889,12.639232,Bamako,Bamako,NPK 15 15 15,Subsidized,XOF / 50kg,,,,,11032,11770,11000,11000,
Mali,-8.002889,12.639232,Bamako,Bamako,NPK 16 26 12 + TE,Commercial,XOF / 50kg,17271,,,,,,,,
Mali,-8.002889,12.639232,Bamako,Bamako,NPK 10 10 20,Commercial,XOF / 50kg,28923,,,,,,,,
Mali,-8.002889,12.639232,Bamako,Bamako,DAP,Commercial,XOF / 50kg,,18668,21910,,19434,20000,20684,19308,19000
Mali,-8.002889,12.639232,Bamako,Bamako,DAP,Subsidized,XOF / 50kg,,,,,11032,11770,11000,11000,
Mali,-8.002889,12.639232,Bamako,Bamako,Urea,Commercial,XOF / 50kg,,,,19506,15863,16500,16711,16346,15500
Mali,-8.002889,12.639232,Bamako,Bamako,Urea,Subsidized,XOF / 50kg,,,,,11032,11000,11000,11000,
Mali,-8.002889,12.639232,Bamako,Bamako,NPK 16 16 16,Subsidized,XOF / 50kg,,,,,11032,12540,,,
Mali,-8.002889,12.639232,Bamako,Bamako,NPK 16 16 16,Commercial,XOF / 50kg,,,,,17939,,,,
Mali,-8.002889,12.639232,Bamako,Bamako,Tilemsi Phosphate (PNT),Subsidized,XOF / 50kg,,,,,3009,3420,,,
Mali,-8.002889,12.639232,Bamako,Bamako,Tilemsi Phosphate (PNT),Commercial,XOF / 50kg,,,,,4983,,,,
Mali,-8.002889,12.639232,Bamako,Bamako,NPK 15 10 10,Commercial,XOF / 50kg,,,,,,18000,19250,,
Mali,-8.002889,12.639232,Bamako,Bamako,NPK 6 20 10,Commercial,XOF / 50kg,,,,,,18000,19000,,
Mali,-8.002889,12.639232,Bamako,Bamako,NPK 17 17 17 + 4S,Commercial,XOF / 50kg,,,,,,,19750,18625,17500
Mali,-8.002889,12.639232,Bamako,Bamako,NPK 17 17 17 + 4S,Subsidized,XOF / 50kg,,,,,,,,11000,
Mali,-8.002889,12.639232,Bamako,Bamako,SOP,Commercial,XOF / 50kg,,,,,,,22500,22500,
Mali,-8.002889,12.639232,Bamako,Bamako,ECOFERT,Commercial,XOF / 50kg,,,,,,,,6000,
Mali,-8.002889,12.639232,Bamako,Bamako,MOP,Commercial,XOF / 50kg,,,,,,,,22500,
Mali,-5.677738,11.317015,SIKASSO,SIKASSO,NPK 14 18 18 + 6S + 0.1B,Commercial,XOF / 50kg,12546,16355,19334,18907,18935,,,,
Mali,-5.677738,11.317015,SIKASSO,SIKASSO,NPK 14 18 18 + 6S + 0.1B,Subsidized,XOF / 50kg,,,,,11032,12540,,,
Mali,-5.677738,11.317015,SIKASSO,SIKASSO,Urea,Commercial,XOF / 50kg,14582,15129,,,,16000,13950,13567,13667
Mali,-5.677738,11.317015,SIKASSO,SIKASSO,Urea,Subsidized,XOF / 50kg,,,,,11032,11770,11000,11000,
Mali,-5.677738,11.317015,SIKASSO,SIKASSO,NPK 15 15 15,Commercial,XOF / 50kg,12608,15328,18021,18107,18935,18583,16300,15586,15500
Mali,-5.677738,11.317015,SIKASSO,SIKASSO,NPK 15 15 15,Subsidized,XOF / 50kg,,,,,11032,11770,11000,11000,
Mali,-5.677738,11.317015,SIKASSO,SIKASSO,DAP,Commercial,XOF / 50kg,,15094,15743,,19932,21667,20000,17500,17500
Mali,-5.677738,11.317015,SIKASSO,SIKASSO,DAP,Subsidized,XOF / 50kg,,,,,11032,11770,11000,11000,
Mali,-5.677738,11.317015,SIKASSO,SIKASSO,NPK 16 26 12 + TE,Commercial,XOF / 50kg,,13964,15754,,,,,,
Mali,-5.677738,11.317015,SIKASSO,SIKASSO,NPK 6 20 10,Commercial,XOF / 50kg,,,14500,,,18583,18500,,
Mali,-5.677738,11.317015,SIKASSO,SIKASSO,NPK 6 20 10,Subsidized,XOF / 50kg,,,,,,11000,,,
Mali,-5.677738,11.317015,SIKASSO,SIKASSO,NPK 23 10 5,Commercial,XOF / 50kg,,,20694,,,,,,
Mali,-5.677738,11.317015,SIKASSO,SIKASSO,NPK 10 10 20,Commercial,XOF / 50kg,,,21793,,,,,,
Mali,-5.677738,11.317015,SIKASSO,SIKASSO,NPK 16 16 16,Subsidized,XOF / 50kg,,,,,11032,12540,,,
Mali,-5.677738,11.317015,SIKASSO,SIKASSO,NPK 16 16 16,Commercial,XOF / 50kg,,,,,18935,,,,
Mali,-5.677738,11.317015,SIKASSO,SIKASSO,Tilemsi Phosphate (PNT),Subsidized,XOF / 50kg,,,,,3009,3420,,,
Mali,-5.677738,11.317015,SIKASSO,SIKASSO,Tilemsi Phosphate (PNT),Commercial,XOF / 50kg,,,,,4983,,,,
Mali,-5.677738,11.317015,SIKASSO,SIKASSO,NPK 15 10 10,Commercial,XOF / 50kg,,,,,,18583,18500,,
Mali,-5.677738,11.317015,SIKASSO,SIKASSO,NPK 15 10 10,Subsidized,XOF / 50kg,,,,,,11000,,,
Mali,-5.677738,11.317015,SIKASSO,SIKASSO,NPK 17 17 17 + 4S,Commercial,XOF / 50kg,,,,,,,,15000,15000
Mali,-5.677738,11.317015,SIKASSO,SIKASSO,NPK 17 17 17 + 4S,Subsidized,XOF / 50kg,,,,,,,,11000,
Mali,-11.445272,14.436788,Kayes,Kayes,DAP,Commercial,XOF / 50kg,20211,,20389,23028,,20000,,,
Mali,-11.445272,14.436788,Kayes,Kayes,NPK 10 10 20,Commercial,XOF / 50kg,24219,21890,,,,,,,
Mali,-11.445272,14.436788,Kayes,Kayes,NPK 15 15 15,Commercial,XOF / 50kg,24219,22237,20762,22708,,15000,,,
Mali,-11.445272,14.436788,Kayes,Kayes,NPK 16 26 12 + TE,Commercial,XOF / 50kg,17446,,16515,21021,,,,,
Mali,-11.445272,14.436788,Kayes,Kayes,NPK 14 18 18 + 6S + 0.1B,Commercial,XOF / 50kg,,,19237,,,,,,
Mali,-11.445272,14.436788,Kayes,Kayes,NPK 23 10 5,Commercial,XOF / 50kg,,,22019,,,,,,
Mali,-11.445272,14.436788,Kayes,Kayes,NPK 6 20 10,Commercial,XOF / 50kg,,,16939,,,15000,,,
Mali,-11.445272,14.436788,Kayes,Kayes,Urea,Commercial,XOF / 50kg,,,18512,18370,,15000,,,
Mali,-11.445272,14.436788,Kayes,Kayes,NPK 15 10 10,Commercial,XOF / 50kg,,,,,,15000,,,
Mali,-5.466827,12.383047,Koutiala,Koutiala,DAP,Commercial,XOF / 50kg,12119,17463,21885,22511,20929,19000,17000,15046,16500
Mali,-5.466827,12.383047,Koutiala,Koutiala,DAP,Subsidized,XOF / 50kg,,,,,11032,11770,11000,11000,
Mali,-5.466827,12.383047,Koutiala,Koutiala,NPK 14 18 18 + 6S + 0.1B,Commercial,XOF / 50kg,12123,20252,21921,22511,19932,,15800,16000,
Mali,-5.466827,12.383047,Koutiala,Koutiala,NPK 14 18 18 + 6S + 0.1B,Subsidized,XOF / 50kg,,,,,11032,12540,11000,,
Mali,-5.466827,12.383047,Koutiala,Koutiala,NPK 15 15 15,Commercial,XOF / 50kg,12119,19896,20432,22511,19932,18750,17133,16217,14500
Mali,-5.466827,12.383047,Koutiala,Koutiala,NPK 15 15 15,Subsidized,XOF / 50kg,,,,,11032,11513,11000,11000,
Mali,-5.466827,12.383047,Koutiala,Koutiala,Urea,Commercial,XOF / 50kg,,,17885,,,15000,14267,12979,12750
Mali,-5.466827,12.383047,Koutiala,Koutiala,Urea,Subsidized,XOF / 50kg,,,,,11032,11513,11000,11000,
Mali,-5.466827,12.383047,Koutiala,Koutiala,NPK 16 16 16,Subsidized,XOF / 50kg,,,,,11032,12540,,,
Mali,-5.466827,12.383047,Koutiala,Koutiala,NPK 16 16 16,Commercial,XOF / 50kg,,,,,19932,,,,
Mali,-5.466827,12.383047,Koutiala,Koutiala,Tilemsi Phosphate (PNT),Subsidized,XOF / 50kg,,,,,3009,3420,,,
Mali,-5.466827,12.383047,Koutiala,Koutiala,Tilemsi Phosphate (PNT),Commercial,XOF / 50kg,,,,,4983,,,,
Mali,-5.466827,12.383047,Koutiala,Koutiala,NPK 15 10 10,Commercial,XOF / 50kg,,,,,,,20000,,
Mali,-5.466827,12.383047,Koutiala,Koutiala,NPK 6 20 10,Commercial,XOF / 50kg,,,,,,,20000,,
Mali,-5.466827,12.383047,Koutiala,Koutiala,NPK 14 18 18 + 6S + 1B,Commercial,XOF / 50kg,,,,,,,,15250,
Mali,-5.466827,12.383047,Koutiala,Koutiala,NPK 14 18 18 + 6S + 1B,Subsidized,XOF / 50kg,,,,,,,,11000,
Mali,-5.466827,12.383047,Koutiala,Koutiala,NPK 15 15 15 + 2MgO + 2CaO + TE,Commercial,XOF / 50kg,,,,,,,,15500,
Mali,-5.466827,12.383047,Koutiala,Koutiala,NPK 15 15 15 + 2MgO + 2CaO + TE,Subsidized,XOF / 50kg,,,,,,,,11000,
Mali,-5.466827,12.383047,Koutiala,Koutiala,NPK 17 17 17 + 4S,Commercial,XOF / 50kg,,,,,,,,16045,14000
Mali,-5.466827,12.383047,Koutiala,Koutiala,NPK 17 17 17 + 4S,Subsidized,XOF / 50kg,,,,,,,,11000,
Mali,-6.248215,13.43166,Segou,Segou,DAP,Commercial,XOF / 50kg,17459,19783,21351,20095,19932,20250,21000,17286,16750
Mali,-6.248215,13.43166,Segou,Segou,DAP,Subsidized,XOF / 50kg,,,,,11032,11513,11000,11000,
Mali,-6.248215,13.43166,Segou,Segou,NPK 15 15 15,Commercial,XOF / 50kg,16977,18024,19963,20946,18935,18000,18000,16800,16000
Mali,-6.248215,13.43166,Segou,Segou,NPK 15 15 15,Subsidized,XOF / 50kg,,,,,11032,11513,11000,11000,
Mali,-6.248215,13.43166,Segou,Segou,NPK 16 26 12 + TE,Commercial,XOF / 50kg,17459,17830,19834,18883,,,,,
Mali,-6.248215,13.43166,Segou,Segou,Urea,Commercial,XOF / 50kg,,15905,,,,16625,17500,13583,14000
Mali,-6.248215,13.43166,Segou,Segou,Urea,Subsidized,XOF / 50kg,,,,,11032,11513,11000,11000,
Mali,-6.248215,13.43166,Segou,Segou,NPK 10 10 20,Commercial,XOF / 50kg,,21628,22395,22548,,,,,
Mali,-6.248215,13.43166,Segou,Segou,NPK 14 18 18 + 6S + 0.1B,Commercial,XOF / 50kg,,,21589,,18935,,,,
Mali,-6.248215,13.43166,Segou,Segou,NPK 14 18 18 + 6S + 0.1B,Subsidized,XOF / 50kg,,,,,11032,12540,,,
Mali,-6.248215,13.43166,Segou,Segou,NPK 6 20 10,Commercial,XOF / 50kg,,,21227,,,18500,18000,,
Mali,-6.248215,13.43166,Segou,Segou,NPK 6 20 10,Subsidized,XOF / 50kg,,,,,,11000,,,
Mali,-6.248215,13.43166,Segou,Segou,NPK 16 16 16,Subsidized,XOF / 50kg,,,,,11032,12540,,,
Mali,-6.248215,13.43166,Segou,Segou,NPK 16 16 16,Commercial,XOF / 50kg,,,,,18935,,,,
Mali,-6.248215,13.43166,Segou,Segou,Tilemsi Phosphate (PNT),Subsidized,XOF / 50kg,,,,,3009,3420,3250,,
Mali,-6.248215,13.43166,Segou,Segou,Tilemsi Phosphate (PNT),Commercial,XOF / 50kg,,,,,4983,,7500,,
Mali,-6.248215,13.43166,Segou,Segou,NPK 15 10 10,Commercial,XOF / 50kg,,,,,,,18000,,
Mali,-6.248215,13.43166,Segou,Segou,NPK 16 24 12 + 4S,Commercial,XOF / 50kg,,,,,,,18000,15000,
Mali,-6.248215,13.43166,Segou,Segou,NPK 16 24 12 + 4S,Subsidized,XOF / 50kg,,,,,,,11000,11000,
Mali,-6.248215,13.43166,Segou,Segou,NPK 17 17 17 + 4S,Commercial,XOF / 50kg,,,,,,,18000,15000,15000
Mali,-6.248215,13.43166,Segou,Segou,NPK 17 17 17 + 4S,Subsidized,XOF / 50kg,,,,,,,11000,11000,
Mali,-6.248215,13.43166,Segou,Segou,FERTINOVAT,Commercial,XOF / 50kg,,,,,,,,7500,
Mali,-6.248215,13.43166,Segou,Segou,NPK 15 15 15 + 2MgO + 2CaO + TE,Commercial,XOF / 50kg,,,,,,,,17000,
Mali,-6.248215,13.43166,Segou,Segou,NPK 15 15 15 + 2MgO + 2CaO + TE,Subsidized,XOF / 50kg,,,,,,,,11000,
Mali,-6.248215,13.43166,Segou,Segou,SABUNUMAN,Commercial,XOF / 50kg,,,,,,,,6500,
Mali,-6.248215,13.43166,Segou,Segou,SABUNUMAN,Subsidized,XOF / 50kg,,,,,,,,11000,
Mali,-0.027987,16.263981,Gao,Gao,DAP,Commercial,XOF / 50kg,,19138,19901,,,22500,,,
Mali,-0.027987,16.263981,Gao,Gao,NPK 15 15 15,Commercial,XOF / 50kg,,13879,13843,,,,,,
Mali,-0.027987,16.263981,Gao,Gao,NPK 16 26 12 + TE,Commercial,XOF / 50kg,,19138,19085,,,,,,
Mali,-0.027987,16.263981,Gao,Gao,NPK 14 18 18 + 6S + 0.1B,Commercial,XOF / 50kg,,19298,19085,,,,,,
Mali,-0.027987,16.263981,Gao,Gao,NPK 10 10 20,Commercial,XOF / 50kg,,,21534,,,,,,
Mali,-0.027987,16.263981,Gao,Gao,Urea,Commercial,XOF / 50kg,,,,19133,,15000,,,
Mali,-7.48322,11.416702,Bougouni,Bougouni,Urea,Commercial,XOF / 50kg,,,,18036,,17500,15875,15250,15250
Mali,-7.48322,11.416702,Bougouni,Bougouni,Urea,Subsidized,XOF / 50kg,,,,,11032,11385,11000,11000,
Mali,-7.48322,11.416702,Bougouni,Bougouni,DAP,Subsidized,XOF / 50kg,,,,,11032,11385,11000,11000,
Mali,-7.48322,11.416702,Bougouni,Bougouni,DAP,Commercial,XOF / 50kg,,,,,19932,25000,22000,20500,20000
Mali,-7.48322,11.416702,Bougouni,Bougouni,NPK 14 18 18 + 6S + 0.1B,Subsidized,XOF / 50kg,,,,,11032,12540,,,
Mali,-7.48322,11.416702,Bougouni,Bougouni,NPK 14 18 18 + 6S + 0.1B,Commercial,XOF / 50kg,,,,,18935,,,,
Mali,-7.48322,11.416702,Bougouni,Bougouni,NPK 15 15 15,Subsidized,XOF / 50kg,,,,,11032,11385,11000,11000,
Mali,-7.48322,11.416702,Bougouni,Bougouni,NPK 15 15 15,Commercial,XOF / 50kg,,,,,18935,20000,17833,17333,
Mali,-7.48322,11.416702,Bougouni,Bougouni,NPK 16 16 16,Subsidized,XOF / 50kg,,,,,11032,12540,,,
Mali,-7.48322,11.416702,Bougouni,Bougouni,NPK 16 16 16,Commercial,XOF / 50kg,,,,,18935,,,,
Mali,-7.48322,11.416702,Bougouni,Bougouni,Tilemsi Phosphate (PNT),Subsidized,XOF / 50kg,,,,,3009,3420,,,
Mali,-7.48322,11.416702,Bougouni,Bougouni,Tilemsi Phosphate (PNT),Commercial,XOF / 50kg,,,,,4983,,,,
Mali,-7.48322,11.416702,Bougouni,Bougouni,NPK 15 10 10,Commercial,XOF / 50kg,,,,,,20000,20000,,
Mali,-7.48322,11.416702,Bougouni,Bougouni,NPK 6 20 10,Commercial,XOF / 50kg,,,,,,20000,20000,,
Mali,-7.48322,11.416702,Bougouni,Bougouni,NPK 17 17 17 + 4S,Commercial,XOF / 50kg,,,,,,,19000,15000,15000
Mali,-7.48322,11.416702,Bougouni,Bougouni,NPK 17 17 17 + 4S,Subsidized,XOF / 50kg,,,,,,,11000,11000,
Mali,-7.48322,11.416702,Bougouni,Bougouni,NPK 15 15 15 + 2MgO + 2CaO + TE,Commercial,XOF / 50kg,,,,,,,,15000,
Mali,-7.48322,11.416702,Bougouni,Bougouni,NPK 15 15 15 + 2MgO + 2CaO + TE,Subsidized,XOF / 50kg,,,,,,,,11000,
Mali,-7.48322,11.416702,Bougouni,Bougouni,NPK 15 15 15 + 4S,Commercial,XOF / 50kg,,,,,,,,20000,20000
Mali,-7.48322,11.416702,Bougouni,Bougouni,NPK 15 15 15 + 4S,Subsidized,XOF / 50kg,,,,,,,,11000,
Mali,-9.489497,13.034107,KITA,KITA,DAP,Commercial,XOF / 50kg,,,,,,22000,22250,20833,20000
Mali,-9.489497,13.034107,KITA,KITA,DAP,Subsidized,XOF / 50kg,,,,,,11000,,11000,
Mali,-9.489497,13.034107,KITA,KITA,NPK 15 15 15,Commercial,XOF / 50kg,,,,,,20000,20000,15000,15000
Mali,-9.489497,13.034107,KITA,KITA,NPK 15 15 15,Subsidized,XOF / 50kg,,,,,,11000,,11000,
Mali,-9.489497,13.034107,KITA,KITA,Urea,Commercial,XOF / 50kg,,,,,,17500,17500,16806,17500
Mali,-9.489497,13.034107,KITA,KITA,Urea,Subsidized,XOF / 50kg,,,,,,11000,11000,11000,
Mali,-9.489497,13.034107,KITA,KITA,NPK 15 10 10,Commercial,XOF / 50kg,,,,,,,20000,,
Mali,-9.489497,13.034107,KITA,KITA,NPK 6 20 10,Commercial,XOF / 50kg,,,,,,,20000,,
Mali,-9.489497,13.034107,KITA,KITA,NPK 16 16 16,Commercial,XOF / 50kg,,,,,,,20000,20000,
Mali,-9.489497,13.034107,KITA,KITA,NPK 16 16 16,Subsidized,XOF / 50kg,,,,,,,11000,11000,
Mali,-9.489497,13.034107,KITA,KITA,NPK 15 15 15 + 4S,Commercial,XOF / 50kg,,,,,,,,17500,17500
Mali,-9.489497,13.034107,KITA,KITA,NPK 15 15 15 + 4S,Subsidized,XOF / 50kg,,,,,,,,11000,
Mali,-9.489497,13.034107,KITA,KITA,NPK 17 17 17 + 4S,Commercial,XOF / 50kg,,,,,,,,17500,17500
Mali,-9.489497,13.034107,KITA,KITA,NPK 17 17 17 + 4S,Subsidized,XOF / 50kg,,,,,,,,11000,
Mali,-4.900061,13.299352,San,San,DAP,Commercial,XOF / 50kg,,,,,,21000,19286,16636,18000
Mali,-4.900061,13.299352,San,San,DAP,Subsidized,XOF / 50kg,,,,,,11000,11000,11000,
Mali,-4.900061,13.299352,San,San,NPK 15 15 15,Commercial,XOF / 50kg,,,,,,20500,18611,15500,
Mali,-4.900061,13.299352,San,San,NPK 15 15 15,Subsidized,XOF / 50kg,,,,,,11000,11000,11000,
Mali,-4.900061,13.299352,San,San,Urea,Commercial,XOF / 50kg,,,,,,18000,16533,13727,13500
Mali,-4.900061,13.299352,San,San,Urea,Subsidized,XOF / 50kg,,,,,,11000,11000,11000,
Mali,-4.900061,13.299352,San,San,NPK 6 20 10,Commercial,XOF / 50kg,,,,,,,21000,,
Mali,-4.900061,13.299352,San,San,NPK 16 24 12 + 4S,Commercial,XOF / 50kg,,,,,,,16250,,
Mali,-4.900061,13.299352,San,San,NPK 16 24 12 + 4S,Subsidized,XOF / 50kg,,,,,,,11000,,
Mali,-4.900061,13.299352,San,San,NPK 15 15 15 + 4S,Commercial,XOF / 50kg,,,,,,,,16000,16000
Mali,-4.900061,13.299352,San,San,NPK 15 15 15 + 4S,Subsidized,XOF / 50kg,,,,,,,,11000,
Mali,-3.609117,14.348948,BANDIAGARA,BANDIAGARA,DAP,Commercial,XOF / 50kg,,,,,,18000,18875,,
Mali,-3.609117,14.348948,BANDIAGARA,BANDIAGARA,DAP,Subsidized,XOF / 50kg,,,,,,,11000,,
Mali,-3.609117,14.348948,BANDIAGARA,BANDIAGARA,NPK 15 10 10,Commercial,XOF / 50kg,,,,,,17000,17000,,
Mali,-3.609117,14.348948,BANDIAGARA,BANDIAGARA,NPK 15 15 15,Commercial,XOF / 50kg,,,,,,17000,16875,,
Mali,-3.609117,14.348948,BANDIAGARA,BANDIAGARA,NPK 15 15 15,Subsidized,XOF / 50kg,,,,,,,11000,,
Mali,-3.609117,14.348948,BANDIAGARA,BANDIAGARA,NPK 6 20 10,Commercial,XOF / 50kg,,,,,,17000,17000,,
Mali,-3.609117,14.348948,BANDIAGARA,BANDIAGARA,Urea,Commercial,XOF / 50kg,,,,,,15000,14875,,
Mali,-3.609117,14.348948,BANDIAGARA,BANDIAGARA,Urea,Subsidized,XOF / 50kg,,,,,,,11000,,
Mali,-3.518036,14.077518,BANKASS,BANKASS,DAP,Commercial,XOF / 50kg,,,,,,22500,20167,17542,18000
Mali,-3.518036,14.077518,BANKASS,BANKASS,DAP,Subsidized,XOF / 50kg,,,,,,,11000,11000,
Mali,-3.518036,14.077518,BANKASS,BANKASS,NPK 15 10 10,Commercial,XOF / 50kg,,,,,,20000,18800,,
Mali,-3.518036,14.077518,BANKASS,BANKASS,NPK 15 15 15,Commercial,XOF / 50kg,,,,,,20000,19111,18273,
Mali,-3.518036,14.077518,BANKASS,BANKASS,NPK 15 15 15,Subsidized,XOF / 50kg,,,,,,,11000,11000,
Mali,-3.518036,14.077518,BANKASS,BANKASS,NPK 6 20 10,Commercial,XOF / 50kg,,,,,,20000,18800,,
Mali,-3.518036,14.077518,BANKASS,BANKASS,Urea,Commercial,XOF / 50kg,,,,,,17500,16944,17167,15000
Mali,-3.518036,14.077518,BANKASS,BANKASS,Urea,Subsidized,XOF / 50kg,,,,,,,11000,11000,
Mali,-3.518036,14.077518,BANKASS,BANKASS,NPK 15 15 15 + 4S,Commercial,XOF / 50kg,,,,,,,,16000,16000
Mali,-3.518036,14.077518,BANKASS,BANKASS,NPK 15 15 15 + 4S,Subsidized,XOF / 50kg,,,,,,,,11000,
Mali,-6.789206,12.490184,Dioila,Dioila,DAP,Commercial,XOF / 50kg,,,,,,16000,16750,17083,18000
Mali,-6.789206,12.490184,Dioila,Dioila,DAP,Subsidized,XOF / 50kg,,,,,,,11000,11000,
Mali,-6.789206,12.490184,Dioila,Dioila,NPK 15 10 10,Commercial,XOF / 50kg,,,,,,16000,16000,,
Mali,-6.789206,12.490184,Dioila,Dioila,NPK 15 15 15,Commercial,XOF / 50kg,,,,,,16000,16375,13727,
Mali,-6.789206,12.490184,Dioila,Dioila,NPK 15 15 15,Subsidized,XOF / 50kg,,,,,,,11000,11000,
Mali,-6.789206,12.490184,Dioila,Dioila,NPK 6 20 10,Commercial,XOF / 50kg,,,,,,16000,16000,,
Mali,-6.789206,12.490184,Dioila,Dioila,Urea,Commercial,XOF / 50kg,,,,,,15000,15250,13167,13000
Mali,-6.789206,12.490184,Dioila,Dioila,Urea,Subsidized,XOF / 50kg,,,,,,,11000,11000,
Mali,-6.789206,12.490184,Dioila,Dioila,NPK 17 17 17 + 4S,Commercial,XOF / 50kg,,,,,,,,13500,13500
Mali,-6.789206,12.490184,Dioila,Dioila,NPK 17 17 17 + 4S,Subsidized,XOF / 50kg,,,,,,,,11000,
Mali,-6.891402,11.091537,KOLONDIEBA,KOLONDIEBA,DAP,Commercial,XOF / 50kg,,,,,,18000,,,
Mali,-6.891402,11.091537,KOLONDIEBA,KOLONDIEBA,NPK 15 10 10,Commercial,XOF / 50kg,,,,,,18000,18000,,
Mali,-6.891402,11.091537,KOLONDIEBA,KOLONDIEBA,NPK 15 15 15,Commercial,XOF / 50kg,,,,,,18000,18000,18000,
Mali,-6.891402,11.091537,KOLONDIEBA,KOLONDIEBA,NPK 15 15 15,Subsidized,XOF / 50kg,,,,,,,11000,,
Mali,-6.891402,11.091537,KOLONDIEBA,KOLONDIEBA,NPK 6 20 10,Commercial,XOF / 50kg,,,,,,18000,18000,,
Mali,-6.891402,11.091537,KOLONDIEBA,KOLONDIEBA,Urea,Commercial,XOF / 50kg,,,,,,18000,17000,14800,16000
Mali,-6.891402,11.091537,KOLONDIEBA,KOLONDIEBA,Urea,Subsidized,XOF / 50kg,,,,,,,11000,11000,
Mali,-6.891402,11.091537,KOLONDIEBA,KOLONDIEBA,NPK 17 17 17 + 4S,Commercial,XOF / 50kg,,,,,,,,16500,
Mali,-6.891402,11.091537,KOLONDIEBA,KOLONDIEBA,NPK 17 17 17 + 4S,Subsidized,XOF / 50kg,,,,,,,,11000,
Mali,-6.891402,11.091537,KOLONDIEBA,KOLONDIEBA,NPK 17 17 17,Commercial,XOF / 50kg,,,,,,,,13000,13000
Mali,-6.891402,11.091537,KOLONDIEBA,KOLONDIEBA,NPK 17 17 17,Subsidized,XOF / 50kg,,,,,,,,11000,
Mali,-3.075381,14.063645,KORO,KORO,DAP,Commercial,XOF / 50kg,,,,,,22500,21813,,
Mali,-3.075381,14.063645,KORO,KORO,DAP,Subsidized,XOF / 50kg,,,,,,,11000,,
Mali,-3.075381,14.063645,KORO,KORO,NPK 15 10 10,Commercial,XOF / 50kg,,,,,,20000,20000,,
Mali,-3.075381,14.063645,KORO,KORO,NPK 15 15 15,Commercial,XOF / 50kg,,,,,,20000,19667,,
Mali,-3.075381,14.063645,KORO,KORO,NPK 15 15 15,Subsidized,XOF / 50kg,,,,,,,11000,,
Mali,-3.075381,14.063645,KORO,KORO,NPK 6 20 10,Commercial,XOF / 50kg,,,,,,20000,20000,,
Mali,-3.075381,14.063645,KORO,KORO,Urea,Commercial,XOF / 50kg,,,,,,17500,16875,,
Mali,-3.075381,14.063645,KORO,KORO,Urea,Subsidized,XOF / 50kg,,,,,,,11000,,
Mali,-3.002562,16.766589,TOMBOUCTOU,TOMBOUCTOU,DAP,Commercial,XOF / 50kg,,,,,,20000,,,
Mali,-3.002562,16.766589,TOMBOUCTOU,TOMBOUCTOU,NPK 15 15 15,Commercial,XOF / 50kg,,,,,,20000,18000,,
Mali,-3.002562,16.766589,TOMBOUCTOU,TOMBOUCTOU,NPK 15 15 15,Subsidized,XOF / 50kg,,,,,,,11000,,
Mali,-3.002562,16.766589,TOMBOUCTOU,TOMBOUCTOU,Urea,Commercial,XOF / 50kg,,,,,,21000,18000,,
Mali,-3.002562,16.766589,TOMBOUCTOU,TOMBOUCTOU,Urea,Subsidized,XOF / 50kg,,,,,,,11000,,
Mali,-4.590107,13.286297,TOMINIAN,TOMINIAN,DAP,Commercial,XOF / 50kg,,,,,,22000,20833,,
Mali,-4.590107,13.286297,TOMINIAN,TOMINIAN,DAP,Subsidized,XOF / 50kg,,,,,,,11000,,
Mali,-4.590107,13.286297,TOMINIAN,TOMINIAN,NPK 15 10 10,Commercial,XOF / 50kg,,,,,,21500,21500,,
Mali,-4.590107,13.286297,TOMINIAN,TOMINIAN,NPK 15 15 15,Commercial,XOF / 50kg,,,,,,21500,21500,,
Mali,-4.590107,13.286297,TOMINIAN,TOMINIAN,NPK 6 20 10,Commercial,XOF / 50kg,,,,,,21500,21500,,
Mali,-4.590107,13.286297,TOMINIAN,TOMINIAN,Urea,Commercial,XOF / 50kg,,,,,,20000,17500,,
Mali,-4.590107,13.286297,TOMINIAN,TOMINIAN,Urea,Subsidized,XOF / 50kg,,,,,,,11000,,
Mali,-4.197225,14.49681,MOPTI,MOPTI,DAP,Commercial,XOF / 50kg,,,,,,,21000,,
Mali,-4.197225,14.49681,MOPTI,MOPTI,NPK 15 10 10,Commercial,XOF / 50kg,,,,,,,18000,,
Mali,-4.197225,14.49681,MOPTI,MOPTI,NPK 15 15 15,Commercial,XOF / 50kg,,,,,,,18000,,
Mali,-4.197225,14.49681,MOPTI,MOPTI,NPK 6 20 10,Commercial,XOF / 50kg,,,,,,,18000,,
Mali,-4.197225,14.49681,MOPTI,MOPTI,Urea,Commercial,XOF / 50kg,,,,,,,16000,,
Mali,-7.558413,12.861143,KOULIKORO,KOULIKORO,DAP,Commercial,XOF / 50kg,,,,,,,21000,,
Mali,-7.558413,12.861143,KOULIKORO,KOULIKORO,DAP,Subsidized,XOF / 50kg,,,,,,,11000,,
Mali,-7.558413,12.861143,KOULIKORO,KOULIKORO,NPK 14 18 18 + 6S + 0.1B,Commercial,XOF / 50kg,,,,,,,17200,16875,15000
Mali,-7.558413,12.861143,KOULIKORO,KOULIKORO,NPK 14 18 18 + 6S + 0.1B,Subsidized,XOF / 50kg,,,,,,,11000,11000,
Mali,-7.558413,12.861143,KOULIKORO,KOULIKORO,NPK 15 15 15,Commercial,XOF / 50kg,,,,,,,15200,15000,
Mali,-7.558413,12.861143,KOULIKORO,KOULIKORO,NPK 15 15 15,Subsidized,XOF / 50kg,,,,,,,11000,11000,
Mali,-7.558413,12.861143,KOULIKORO,KOULIKORO,Urea,Commercial,XOF / 50kg,,,,,,,15167,15000,15000
Mali,-7.558413,12.861143,KOULIKORO,KOULIKORO,Urea,Subsidized,XOF / 50kg,,,,,,,11000,11000,
Mali,-7.558413,12.861143,KOULIKORO,KOULIKORO,NPK 14 18 18 + 6S + 1B,Commercial,XOF / 50kg,,,,,,,,17500,
Mali,-7.558413,12.861143,KOULIKORO,KOULIKORO,NPK 14 18 18 + 6S + 1B,Subsidized,XOF / 50kg,,,,,,,,11000,
Mali,-7.558413,12.861143,KOULIKORO,KOULIKORO,NPK 15 15 15 + 4S,Commercial,XOF / 50kg,,,,,,,,15000,15000
Mali,-7.558413,12.861143,KOULIKORO,KOULIKORO,NPK 15 15 15 + 4S,Subsidized,XOF / 50kg,,,,,,,,11000,
Mali,-6.248215,13.43166,Segou,Segou,DAP,Commercial,XOF / 50kg,,,,,,,18143,17500,
Mali,-6.248215,13.43166,Segou,Segou,DAP,Subsidized,XOF / 50kg,,,,,,,11000,,
Mali,-6.248215,13.43166,Segou,Segou,FERTINOVAT,Commercial,XOF / 50kg,,,,,,,7071,7500,
Mali,-6.248215,13.43166,Segou,Segou,FERTINOVAT,Subsidized,XOF / 50kg,,,,,,,3450,,
Mali,-6.248215,13.43166,Segou,Segou,NPK 15 15 15,Commercial,XOF / 50kg,,,,,,,17429,17000,
Mali,-6.248215,13.43166,Segou,Segou,NPK 15 15 15,Subsidized,XOF / 50kg,,,,,,,11000,,
Mali,-6.248215,13.43166,Segou,Segou,NPK 16 24 12 + 4S,Commercial,XOF / 50kg,,,,,,,18000,17500,
Mali,-6.248215,13.43166,Segou,Segou,NPK 16 24 12 + 4S,Subsidized,XOF / 50kg,,,,,,,11000,,
Mali,-6.248215,13.43166,Segou,Segou,NPK 17 17 17 + 4S,Commercial,XOF / 50kg,,,,,,,18000,17500,
Mali,-6.248215,13.43166,Segou,Segou,NPK 17 17 17 + 4S,Subsidized,XOF / 50kg,,,,,,,11000,,
Mali,-6.248215,13.43166,Segou,Segou,ORGAFERT,Commercial,XOF / 50kg,,,,,,,6500,,
Mali,-6.248215,13.43166,Segou,Segou,ORGAFERT,Subsidized,XOF / 50kg,,,,,,,3250,,
Mali,-6.248215,13.43166,Segou,Segou,PROFEBA,Commercial,XOF / 50kg,,,,,,,6500,,
Mali,-6.248215,13.43166,Segou,Segou,PROFEBA,Subsidized,XOF / 50kg,,,,,,,3250,,
Mali,-6.248215,13.43166,Segou,Segou,SABUNUMAN,Commercial,XOF / 50kg,,,,,,,6500,6500,
Mali,-6.248215,13.43166,Segou,Segou,SABUNUMAN,Subsidized,XOF / 50kg,,,,,,,3250,,
Mali,-6.248215,13.43166,Segou,Segou,Tilemsi Phosphate (PNT),Commercial,XOF / 50kg,,,,,,,7500,,
Mali,-6.248215,13.43166,Segou,Segou,Tilemsi Phosphate (PNT),Subsidized,XOF / 50kg,,,,,,,3750,,
Mali,-6.248215,13.43166,Segou,Segou,Urea,Commercial,XOF / 50kg,,,,,,,14389,13917,
Mali,-6.248215,13.43166,Segou,Segou,Urea,Subsidized,XOF / 50kg,,,,,,,11000,,
