Country,longitude,latitude,Town,Town-District,Fertilizer,Type,Unit,avg_2010,avg_2011,avg_2012,avg_2013,avg_2014,avg_2015,avg_2016,avg_2017,avg_2018
Mozambique,33.174693,-18.05741,Barue,Catandica,NP 23 21 0 + 4S,Commercial,MZN / 50kg,1792,,,,,,,,
Mozambique,33.174693,-18.05741,Barue,Catandica,NPK 12 24 12,Commercial,MZN / 50kg,1990,1354,1464,,,1750,1750,,
Mozambique,33.174693,-18.05741,Barue,Catandica,Urea,Commercial,MZN / 50kg,1493,1454,1398,,,1500,1500,,
Mozambique,33.450239,-19.116447,Chimoio,Chimoio,NPK 12 24 12,Commercial,MZN / 50kg,1985,1850,2187,1945,1736,1694,1700,,
Mozambique,33.450239,-19.116447,Chimoio,Chimoio,CAN,Commercial,MZN / 50kg,1178,1110,1502,,,,,,
Mozambique,33.450239,-19.116447,Chimoio,Chimoio,Urea,Commercial,MZN / 50kg,1025,1506,1655,1756,1736,1506,1513,2000,2000
Mozambique,33.450239,-19.116447,Chimoio,Chimoio,NPK 10 10 20,Commercial,MZN / 50kg,,1340,,,,,,,
Mozambique,33.450239,-19.116447,Chimoio,Chimoio,DAP,Commercial,MZN / 50kg,,1344,,,,,,,
Mozambique,33.450239,-19.116447,Chimoio,Chimoio,MAP 39,Commercial,MZN / 50kg,,,1311,,,,,,
Mozambique,33.450239,-19.116447,Chimoio,Chimoio,NP 23 21 0 + 4S,Commercial,MZN / 50kg,,,,1302,,,,,
Mozambique,33.450239,-19.116447,Chimoio,Chimoio,NPK 23 10 5 + 4MgO + 2Zn,Commercial,MZN / 50kg,,,,,,,,2000,2000
Mozambique,34.740922,-19.611538,Dondo,Dondo,NPK 12 24 12,Commercial,MZN / 50kg,1394,1489,1509,1511,1483,,,,
Mozambique,34.740922,-19.611538,Dondo,Dondo,Urea,Commercial,MZN / 50kg,1269,1490,1509,1507,1483,,,,
Mozambique,37.015756,-14.878363,Malema,Mutuali,NPK 12 24 12,Commercial,MZN / 50kg,1387,1474,1703,1735,1694,,,,
Mozambique,37.015756,-14.878363,Malema,Mutuali,Urea,Commercial,MZN / 50kg,1286,1357,1270,1317,,,,,
Mozambique,37.015756,-14.878363,Malema,Mutuali,CAN,Commercial,MZN / 50kg,,1494,,,,,,,
Mozambique,32.875871,-18.934492,Manica,Manica,Urea,Commercial,MZN / 50kg,1130,1407,1539,1484,1444,1480,1500,,
Mozambique,32.875871,-18.934492,Manica,Manica,NPK 10 10 20,Commercial,MZN / 50kg,,1570,,,,,,,
Mozambique,32.875871,-18.934492,Manica,Manica,NPK 12 24 12,Commercial,MZN / 50kg,,1501,1647,1736,1732,1727,1750,,
Mozambique,32.875871,-18.934492,Manica,Manica,MAP 39,Commercial,MZN / 50kg,,,2026,,,,,,
Mozambique,34.366732,-14.716406,Angonia,Ulongwe,NPK 12 24 12,Commercial,MZN / 50kg,,1371,1801,1254,1262,1750,1750,1892,1831
Mozambique,34.366732,-14.716406,Angonia,Ulongwe,Urea,Commercial,MZN / 50kg,,1258,1675,1238,1243,1500,1500,1567,1569
Mozambique,34.366732,-14.716406,Angonia,Ulongwe,NP 23 21 0 + 4S,Commercial,MZN / 50kg,,,,1248,,1750,1750,,
Mozambique,34.366732,-14.716406,Angonia,Ulongwe,CAN,Commercial,MZN / 50kg,,,,,,1500,1500,,
Mozambique,34.366732,-14.716406,Angonia,Ulongwe,Ammonium nitrate,Commercial,MZN / 50kg,,,,,,1500,1500,,
Mozambique,34.849749,-19.83342,Beira,Beira,NPK 12 24 12,Commercial,MZN / 50kg,,1476,1796,1753,1844,,,2313,2500
Mozambique,34.849749,-19.83342,Beira,Beira,Urea,Commercial,MZN / 50kg,,1206,1473,1487,1396,,,2338,2417
Mozambique,34.849749,-19.83342,Beira,Beira,CAN,Commercial,MZN / 50kg,,,1429,,,,,,
Mozambique,34.849749,-19.83342,Beira,Beira,Ammonium nitrate,Commercial,MZN / 50kg,,,1516,,,,,,
Mozambique,34.849749,-19.83342,Beira,Beira,NP 23 21 0 + 4S,Commercial,MZN / 50kg,,,,1880,,,,,
Mozambique,34.849749,-19.83342,Beira,Beira,NPK 23 10 5 + 4MgO + 2Zn,Commercial,MZN / 50kg,,,,,,,,2406,2500
Mozambique,36.983628,-16.850512,Mocuba,Mocuba,NPK 12 24 12,Commercial,MZN / 50kg,,1956,1940,2006,1556,1500,1500,,2875
Mozambique,36.983628,-16.850512,Mocuba,Mocuba,Urea,Commercial,MZN / 50kg,,1397,1414,1693,1246,1250,1250,,2475
Mozambique,36.983628,-16.850512,Mocuba,Mocuba,CAN,Commercial,MZN / 50kg,,1063,1253,,,,,,
Mozambique,33.606979,-16.133559,Tete,Tete,NPK 12 24 12,Commercial,MZN / 50kg,,1741,1550,1248,,,,,
Mozambique,33.606979,-16.133559,Tete,Tete,Urea,Commercial,MZN / 50kg,,1090,1298,1123,,,,,
Mozambique,33.606979,-16.133559,Tete,Tete,NP 23 21 0 + 4S,Commercial,MZN / 50kg,,,,1238,,,,,
Mozambique,39.266224,-15.116955,Nampula,Nampula,NPK 12 24 12,Commercial,MZN / 50kg,,1699,1752,1706,,2442,2500,,3000
Mozambique,39.266224,-15.116955,Nampula,Nampula,Urea,Commercial,MZN / 50kg,,1735,1752,1380,,1933,1900,,2500
Mozambique,39.266224,-15.116955,Nampula,Nampula,CAN,Commercial,MZN / 50kg,,,1202,,,,,,
Mozambique,33.174693,-18.05741,Catandica,Catandica,Urea,Commercial,MZN / 50kg,,1451,2011,2004,1294,1213,,,
Mozambique,33.174693,-18.05741,Catandica,Catandica,NPK 12 24 12,Commercial,MZN / 50kg,,1356,2137,2004,1493,1400,,,
Mozambique,33.174693,-18.05741,Catandica,Catandica,CAN,Commercial,MZN / 50kg,,1448,,,,,,,
Mozambique,34.5999,-19.882613,Buzi,villa arriage,Urea,Commercial,MZN / 50kg,,1250,1252,1286,1253,,,1600,1756
Mozambique,34.5999,-19.882613,Buzi,villa arriage,NPK 12 24 12,Commercial,MZN / 50kg,,1253,1252,1348,1404,,,1800,1863
Mozambique,34.5999,-19.882613,Buzi,villa arriage,NP 23 21 0 + 4S,Commercial,MZN / 50kg,,,,999,,,,,
Mozambique,33.295381,-19.412926,Sussungenda 1,sussundenga,NPK 12 24 12,Commercial,MZN / 50kg,,2507,2509,2493,1641,1700,1800,,
Mozambique,33.295381,-19.412926,Sussungenda 1,sussundenga,Urea,Commercial,MZN / 50kg,,2005,2262,1633,1598,1500,1550,,
Mozambique,33.295381,-19.412926,Sussungenda 1,sussundenga,NP 23 21 0 + 4S,Commercial,MZN / 50kg,,,,2140,,,,,
Mozambique,34.849749,-19.83342,Sofala,Beira,NP 23 21 0 + 4S,Commercial,MZN / 50kg,,,,1259,,,,,
Mozambique,34.849749,-19.83342,Sofala,Beira,NPK 12 24 12,Commercial,MZN / 50kg,,,,1762,,,,,
Mozambique,34.849749,-19.83342,Sofala,Beira,Urea,Commercial,MZN / 50kg,,,,1259,,,,,
Mozambique,33.87949,-18.731835,Gorongosa,Gorongosa,NPK 12 24 12,Commercial,MZN / 50kg,,,,1511,,1917,2000,,
Mozambique,33.87949,-18.731835,Gorongosa,Gorongosa,Urea,Commercial,MZN / 50kg,,,,1309,,1667,1750,,
Mozambique,34.741027,-19.611471,Dongo,Dondo,NPK 12 24 12,Commercial,MZN / 50kg,,,,,,1500,1500,,
Mozambique,34.741027,-19.611471,Dongo,Dondo,Urea,Commercial,MZN / 50kg,,,,,,1500,1500,,
Mozambique,32.780236,-20.455033,Espungabeira,Espungabeira,NPK 12 24 12,Commercial,MZN / 50kg,,,,,,1775,1950,,
Mozambique,32.780236,-20.455033,Espungabeira,Espungabeira,Urea,Commercial,MZN / 50kg,,,,,,1625,1750,,
Mozambique,35.529562,-18.665695,Macate,,NPK 12 24 12,Commercial,MZN / 50kg,,,,,,1850,1950,,
Mozambique,35.529562,-18.665695,Macate,,Urea,Commercial,MZN / 50kg,,,,,,1625,1750,,
Mozambique,35.529562,-18.665695,Munhinga,,NPK 12 24 12,Commercial,MZN / 50kg,,,,,,1775,1800,,
Mozambique,35.529562,-18.665695,Munhinga,,Urea,Commercial,MZN / 50kg,,,,,,1525,1550,,
Mozambique,32.917,-19.53628,Rotanda,Rotanda,NPK 12 24 12,Commercial,MZN / 50kg,,,,,,1775,1800,,
Mozambique,32.917,-19.53628,Rotanda,Rotanda,Urea,Commercial,MZN / 50kg,,,,,,1525,1550,,
Mozambique,33.295381,-19.412926,Sussundenga,sussundenga,NPK 12 24 12,Commercial,MZN / 50kg,,,,,,1750,1750,1858,1867
Mozambique,33.295381,-19.412926,Sussundenga,sussundenga,Urea,Commercial,MZN / 50kg,,,,,,1500,1500,1733,1758
Mozambique,33.295381,-19.412926,Sussundenga,sussundenga,NPK 10 20 10 + 6.5S,Commercial,MZN / 50kg,,,,,,,,1583,1692
Mozambique,37.691773,-15.631152,Alto Molocue,Alto Molocue,NPK 12 24 12,Commercial,MZN / 50kg,,,,,,2500,2500,,
Mozambique,37.691773,-15.631152,Alto Molocue,Alto Molocue,Urea,Commercial,MZN / 50kg,,,,,,2000,2000,,
Mozambique,36.887148,-17.876347,Quelimane,Quelimane,NPK 12 24 12,Commercial,MZN / 50kg,,,,,,2500,2500,2500,2500
Mozambique,36.887148,-17.876347,Quelimane,Quelimane,Urea,Commercial,MZN / 50kg,,,,,,2000,2000,2250,2250
Mozambique,33.26263,-18.94525,Vanduzi,Vanduzi,NPK 12 24 12,Commercial,MZN / 50kg,,,,,,1917,2000,,
Mozambique,33.26263,-18.94525,Vanduzi,Vanduzi,Urea,Commercial,MZN / 50kg,,,,,,1667,1750,,
