Country,longitude,latitude,Town,Town-District,Fertilizer,Type,Unit,avg_2010,avg_2011,avg_2012,avg_2013,avg_2014,avg_2015,avg_2016,avg_2017,avg_2018
Malawi,33.773736,-13.962783,Lilongwe,Lilongwe,CAN,Commercial,MWK / 50kg,5894,6191,7009,14955,,22500,25350,,21600
Malawi,33.773736,-13.962783,Lilongwe,Lilongwe,CAN,Subsidized,MWK / 50kg,,,,,,8250,3500,,
Malawi,33.773736,-13.962783,Lilongwe,Lilongwe,MOP,Commercial,MWK / 50kg,6421,,,,,,,,
Malawi,33.773736,-13.962783,Lilongwe,Lilongwe,NP 23 21 0 + 4S,Commercial,MWK / 50kg,4695,6773,8013,16142,,,23500,19617,20361
Malawi,33.773736,-13.962783,Lilongwe,Lilongwe,NP 23 21 0 + 4S,Subsidized,MWK / 50kg,,,,,,,3500,,
Malawi,33.773736,-13.962783,Lilongwe,Lilongwe,NPK 8 18 15 + 6S + 0.2Zn + 0.1B,Commercial,MWK / 50kg,6725,7798,8576,18441,,,,,
Malawi,33.773736,-13.962783,Lilongwe,Lilongwe,TSP,Commercial,MWK / 50kg,5118,,,,,,,,
Malawi,33.773736,-13.962783,Lilongwe,Lilongwe,Urea,Commercial,MWK / 50kg,5502,6442,7510,17046,13914,19525,23200,19208,19978
Malawi,33.773736,-13.962783,Lilongwe,Lilongwe,Urea,Subsidized,MWK / 50kg,,,,,,8250,3500,,
Malawi,33.735033,-13.531971,Nponela,Mponela,CAN,Commercial,MWK / 50kg,4408,5532,,,,,,,
Malawi,33.735033,-13.531971,Nponela,Mponela,NP 23 21 0 + 4S,Commercial,MWK / 50kg,4173,6048,,,,,,,
Malawi,33.735033,-13.531971,Nponela,Mponela,Urea,Commercial,MWK / 50kg,4602,5141,,,,,,,
Malawi,33.735033,-13.531971,Nponela,Mponela,NPK 8 18 15 + 6S + 0.2Zn + 0.1B,Commercial,MWK / 50kg,6332,6635,,,,,,,
Malawi,34.130394,-12.517954,Dwangwa,Dwangwa,CAN,Commercial,MWK / 50kg,5809,6318,7510,15017,12459,,,,18850
Malawi,34.130394,-12.517954,Dwangwa,Dwangwa,NP 23 21 0 + 4S,Commercial,MWK / 50kg,7044,7185,10015,18200,17479,17925,21850,20625,21500
Malawi,34.130394,-12.517954,Dwangwa,Dwangwa,NP 23 21 0 + 4S,Subsidized,MWK / 50kg,,,,,,8250,3500,,
Malawi,34.130394,-12.517954,Dwangwa,Dwangwa,Urea,Commercial,MWK / 50kg,6179,6667,9077,18106,17237,17463,21050,19875,20292
Malawi,34.130394,-12.517954,Dwangwa,Dwangwa,Urea,Subsidized,MWK / 50kg,,,,,,8250,3500,,
Malawi,34.130394,-12.517954,Dwangwa,Dwangwa,NPK 8 18 15 + 6S + 0.2Zn + 0.1B,Commercial,MWK / 50kg,6539,6497,,,17116,,,,
Malawi,34.130394,-12.517954,Dwangwa,Dwangwa,DAP,Commercial,MWK / 50kg,,,,,,23000,23500,,
Malawi,34.130394,-12.517954,Dwangwa,Dwangwa,DAP,Subsidized,MWK / 50kg,,,,,,3500,3500,,
Malawi,33.591826,-13.99065,Mpingu,Mpingu,CAN,Commercial,MWK / 50kg,6057,6538,10348,16337,18127,18300,22250,,
Malawi,33.591826,-13.99065,Mpingu,Mpingu,CAN,Subsidized,MWK / 50kg,,,,,,8250,3500,,
Malawi,33.591826,-13.99065,Mpingu,Mpingu,MOP,Commercial,MWK / 50kg,7709,,,,,,,,
Malawi,33.591826,-13.99065,Mpingu,Mpingu,NPK 8 18 15 + 6S + 0.2Zn + 0.1B,Commercial,MWK / 50kg,7755,7980,,19540,,,,,
Malawi,33.591826,-13.99065,Mpingu,Mpingu,TSP,Commercial,MWK / 50kg,5107,,,,,,,,
Malawi,33.591826,-13.99065,Mpingu,Mpingu,Urea,Commercial,MWK / 50kg,6057,6371,11167,18442,20091,,23000,,
Malawi,33.591826,-13.99065,Mpingu,Mpingu,Urea,Subsidized,MWK / 50kg,,,,,,,3500,,
Malawi,33.591826,-13.99065,Mpingu,Mpingu,NP 23 21 0 + 4S,Commercial,MWK / 50kg,6321,7406,11588,18195,19474,22000,22000,,
Malawi,33.591826,-13.99065,Mpingu,Mpingu,NP 23 21 0 + 4S,Subsidized,MWK / 50kg,,,,,,8250,3500,,
Malawi,33.591826,-13.99065,Mpingu,Mpingu,NPK 10 20 10 + 6.5S,Commercial,MWK / 50kg,,,,,,18500,,,
Malawi,34.301525,-13.254308,Bua TC Mchinsi,,CAN,Commercial,MWK / 50kg,,6162,11340,16307,,,,,
Malawi,34.301525,-13.254308,Bua TC Mchinsi,,NP 23 21 0 + 4S,Commercial,MWK / 50kg,,7318,13609,19113,16564,14275,,,
Malawi,34.301525,-13.254308,Bua TC Mchinsi,,NPK 8 18 15 + 6S + 0.2Zn + 0.1B,Commercial,MWK / 50kg,,7604,14995,19352,23104,16244,,,
Malawi,34.301525,-13.254308,Bua TC Mchinsi,,Urea,Commercial,MWK / 50kg,,6886,13609,15229,20139,,,,
Malawi,33.556211,-12.361271,Jenda,Jenda,CAN,Commercial,MWK / 50kg,,7129,12502,,20349,19833,21500,,
Malawi,33.556211,-12.361271,Jenda,Jenda,CAN,Subsidized,MWK / 50kg,,,,,,8250,3500,,
Malawi,33.556211,-12.361271,Jenda,Jenda,NP 23 21 0 + 4S,Commercial,MWK / 50kg,,8451,10074,18793,21411,21875,24000,,
Malawi,33.556211,-12.361271,Jenda,Jenda,NP 23 21 0 + 4S,Subsidized,MWK / 50kg,,,,,,8250,3500,,
Malawi,33.556211,-12.361271,Jenda,Jenda,Urea,Commercial,MWK / 50kg,,7446,10123,16386,19946,21500,21500,,
Malawi,33.556211,-12.361271,Jenda,Jenda,Urea,Subsidized,MWK / 50kg,,,,,,3500,3500,,
Malawi,33.556211,-12.361271,Jenda,Jenda,NPK 10 20 10 + 6.5S,Commercial,MWK / 50kg,,,,,,21000,,,
Malawi,34.421898,-14.435168,Lizulu,Lizulu,CAN,Commercial,MWK / 50kg,,7204,10111,22444,,,,,
Malawi,34.421898,-14.435168,Lizulu,Lizulu,NP 23 21 0 + 4S,Commercial,MWK / 50kg,,8030,11538,25622,,,21000,21500,21267
Malawi,34.421898,-14.435168,Lizulu,Lizulu,NP 23 21 0 + 4S,Subsidized,MWK / 50kg,,,,,,,3500,,
Malawi,34.421898,-14.435168,Lizulu,Lizulu,Urea,Commercial,MWK / 50kg,,7624,10537,23383,,18425,19250,,19500
Malawi,34.421898,-14.435168,Lizulu,Lizulu,Urea,Subsidized,MWK / 50kg,,,,,,8250,3500,,
Malawi,34.421898,-14.435168,Lizulu,Lizulu,NPK,Commercial,MWK / 50kg,,,,,,19500,,,
Malawi,34.421898,-14.435168,Lizulu,Lizulu,NPK,Subsidized,MWK / 50kg,,,,,,13000,,,
Malawi,34.421898,-14.435168,Lizulu,Lizulu,NPK 10 20 10 + 6.5S,Commercial,MWK / 50kg,,,,,,19500,,,
Malawi,34.421898,-14.435168,Lizulu,Lizulu,NPK 10 20 10 + 6.5S,Subsidized,MWK / 50kg,,,,,,3500,,,
Malawi,34.301525,-13.254308,Malobvu,,CAN,Commercial,MWK / 50kg,,6752,11725,18604,15267,,,,
Malawi,34.301525,-13.254308,Malobvu,,NP 23 21 0 + 4S,Commercial,MWK / 50kg,,7582,14825,19352,21824,,19500,,
Malawi,34.301525,-13.254308,Malobvu,,NP 23 21 0 + 4S,Subsidized,MWK / 50kg,,,,,,,3500,,
Malawi,34.301525,-13.254308,Malobvu,,NPK 8 18 15 + 6S + 0.2Zn + 0.1B,Commercial,MWK / 50kg,,7814,,20945,22559,,,,
Malawi,34.301525,-13.254308,Malobvu,,Urea,Commercial,MWK / 50kg,,6194,13360,,20132,18500,19250,,
Malawi,34.301525,-13.254308,Malobvu,,Urea,Subsidized,MWK / 50kg,,,,,,8250,3500,,
Malawi,34.301525,-13.254308,Malobvu,,NPK,Commercial,MWK / 50kg,,,,,,19500,,,
Malawi,34.301525,-13.254308,Malobvu,,NPK,Subsidized,MWK / 50kg,,,,,,13000,,,
Malawi,34.301525,-13.254308,Malobvu,,NPK 10 20 10 + 6.5S,Commercial,MWK / 50kg,,,,,,19500,21000,,
Malawi,34.301525,-13.254308,Malobvu,,NPK 10 20 10 + 6.5S,Subsidized,MWK / 50kg,,,,,,3500,3500,,
Malawi,35.253251,-14.486169,Mangochi,Mangochi,CAN,Commercial,MWK / 50kg,,6658,13609,19983,,17833,20750,,
Malawi,35.253251,-14.486169,Mangochi,Mangochi,CAN,Subsidized,MWK / 50kg,,,,,,8250,3500,,
Malawi,35.253251,-14.486169,Mangochi,Mangochi,NP 23 21 0 + 4S,Commercial,MWK / 50kg,,7753,13395,27843,17664,,22750,,21000
Malawi,35.253251,-14.486169,Mangochi,Mangochi,NP 23 21 0 + 4S,Subsidized,MWK / 50kg,,,,,,,3500,,
Malawi,35.253251,-14.486169,Mangochi,Mangochi,Urea,Commercial,MWK / 50kg,,7325,13195,19858,17785,18925,21750,,19500
Malawi,35.253251,-14.486169,Mangochi,Mangochi,Urea,Subsidized,MWK / 50kg,,,,,,8250,3500,,
Malawi,35.253251,-14.486169,Mangochi,Mangochi,NPK 8 18 15 + 6S + 0.2Zn + 0.1B,Commercial,MWK / 50kg,,7832,,,,,,,
Malawi,35.253251,-14.486169,Mangochi,Mangochi,NPK 10 20 10 + 6.5S,Commercial,MWK / 50kg,,,,,,20233,22000,,
Malawi,35.253251,-14.486169,Mangochi,Mangochi,NPK 10 20 10 + 6.5S,Subsidized,MWK / 50kg,,,,,,3500,3500,,
Malawi,35.253251,-14.486169,Mangochi,Mangochi,NPK,Commercial,MWK / 50kg,,,,,,19600,,,
Malawi,35.253251,-14.486169,Mangochi,Mangochi,NPK,Subsidized,MWK / 50kg,,,,,,13000,,,
Malawi,33.774173,-14.250451,Mitundu,Mitundu,CAN,Commercial,MWK / 50kg,,6584,,14379,,,,,
Malawi,33.774173,-14.250451,Mitundu,Mitundu,NP 23 21 0 + 4S,Commercial,MWK / 50kg,,7383,14128,15229,,,,,
Malawi,33.774173,-14.250451,Mitundu,Mitundu,NPK 8 18 15 + 6S + 0.2Zn + 0.1B,Commercial,MWK / 50kg,,8579,,16280,,,,,
Malawi,33.774173,-14.250451,Mitundu,Mitundu,Urea,Commercial,MWK / 50kg,,6952,14128,17758,,,,,
Malawi,34.014974,-11.458118,mzuzu,mzuzu,CAN,Commercial,MWK / 50kg,,5004,,18024,11932,,,,
Malawi,34.014974,-11.458118,mzuzu,mzuzu,NP 23 21 0 + 4S,Commercial,MWK / 50kg,,5505,,17956,15566,,,,
Malawi,34.014974,-11.458118,mzuzu,mzuzu,NPK 8 18 15 + 6S + 0.2Zn + 0.1B,Commercial,MWK / 50kg,,7808,,,,,,,
Malawi,34.014974,-11.458118,mzuzu,mzuzu,Urea,Commercial,MWK / 50kg,,5206,,18727,19003,,,,
Malawi,34.636875,-14.820411,Njolomole/Ntcheu,Ntcheu,CAN,Commercial,MWK / 50kg,,7372,,16859,14613,18500,17500,,
Malawi,34.636875,-14.820411,Njolomole/Ntcheu,Ntcheu,CAN,Subsidized,MWK / 50kg,,,,,,8250,3500,,
Malawi,34.636875,-14.820411,Njolomole/Ntcheu,Ntcheu,NP 23 21 0 + 4S,Commercial,MWK / 50kg,,5804,,15229,16129,19725,21250,,
Malawi,34.636875,-14.820411,Njolomole/Ntcheu,Ntcheu,NP 23 21 0 + 4S,Subsidized,MWK / 50kg,,,,,,8250,3500,,
Malawi,34.636875,-14.820411,Njolomole/Ntcheu,Ntcheu,Urea,Commercial,MWK / 50kg,,4951,,16859,15111,19500,21250,,
Malawi,34.636875,-14.820411,Njolomole/Ntcheu,Ntcheu,Urea,Subsidized,MWK / 50kg,,,,,,8250,3500,,
Malawi,33.933325,-9.933471,Karonga,Karonga,CAN,Commercial,MWK / 50kg,,8413,9528,18162,12166,15500,20000,,
Malawi,33.933325,-9.933471,Karonga,Karonga,CAN,Subsidized,MWK / 50kg,,,,,,8250,3500,,
Malawi,33.933325,-9.933471,Karonga,Karonga,NP 23 21 0 + 4S,Commercial,MWK / 50kg,,8743,8774,19212,17830,16705,19750,,
Malawi,33.933325,-9.933471,Karonga,Karonga,NP 23 21 0 + 4S,Subsidized,MWK / 50kg,,,,,,8250,3500,,
Malawi,33.933325,-9.933471,Karonga,Karonga,NPK 8 18 15 + 6S + 0.2Zn + 0.1B,Commercial,MWK / 50kg,,8413,,19199,,,,,
Malawi,33.933325,-9.933471,Karonga,Karonga,Urea,Commercial,MWK / 50kg,,8413,9024,17764,19286,17096,22250,,
Malawi,33.933325,-9.933471,Karonga,Karonga,Urea,Subsidized,MWK / 50kg,,,,,,8250,3500,,
Malawi,34.325467,-14.381655,Dedza,Dedza,CAN,Commercial,MWK / 50kg,,6557,7517,15356,,,,,
Malawi,34.325467,-14.381655,Dedza,Dedza,NP 23 21 0 + 4S,Commercial,MWK / 50kg,,7367,7517,15356,,,,,
Malawi,34.325467,-14.381655,Dedza,Dedza,Urea,Commercial,MWK / 50kg,,6804,7517,15356,,,,,
Malawi,34.325467,-14.381655,Dedza,Dedza,NPK 8 18 15 + 6S + 0.2Zn + 0.1B,Commercial,MWK / 50kg,,,7818,15971,,,,,
Malawi,35.079711,-15.929334,Bvumbwe,Bvumbwe,CAN,Commercial,MWK / 50kg,,7462,,,,,,,
Malawi,35.079711,-15.929334,Bvumbwe,Bvumbwe,NP 23 21 0 + 4S,Commercial,MWK / 50kg,,,,20306,,,,,
Malawi,32.893045,-13.800006,Mchinji,Mchinji,CAN,Commercial,MWK / 50kg,,6991,7761,16075,,17000,18500,22500,20395
Malawi,32.893045,-13.800006,Mchinji,Mchinji,CAN,Subsidized,MWK / 50kg,,,,,,8250,3500,,
Malawi,32.893045,-13.800006,Mchinji,Mchinji,NP 23 21 0 + 4S,Commercial,MWK / 50kg,,8487,8887,18721,15409,18775,21500,22563,22750
Malawi,32.893045,-13.800006,Mchinji,Mchinji,NP 23 21 0 + 4S,Subsidized,MWK / 50kg,,,,,,8250,3500,,
Malawi,32.893045,-13.800006,Mchinji,Mchinji,NPK 8 18 15 + 6S + 0.2Zn + 0.1B,Commercial,MWK / 50kg,,9991,10015,21384,16396,16539,,,
Malawi,32.893045,-13.800006,Mchinji,Mchinji,Urea,Commercial,MWK / 50kg,,8487,8887,18721,13948,18125,20500,19125,18633
Malawi,32.893045,-13.800006,Mchinji,Mchinji,Urea,Subsidized,MWK / 50kg,,,,,,8250,3500,,
Malawi,32.893045,-13.800006,Mchinji,Mchinji,NPK 10 24 20 + 6S + 0.1B,Commercial,MWK / 50kg,,,,,,22125,22750,,
Malawi,32.893045,-13.800006,Mchinji,Mchinji,NPK 10 24 20 + 6S + 0.1B,Subsidized,MWK / 50kg,,,,,,8250,3500,,
Malawi,33.735008,-13.531997,Mponela,Mponela,CAN,Commercial,MWK / 50kg,,6991,9534,15515,11457,17775,20650,,17200
Malawi,33.735008,-13.531997,Mponela,Mponela,CAN,Subsidized,MWK / 50kg,,,,,,8250,3500,,
Malawi,33.735008,-13.531997,Mponela,Mponela,NP 23 21 0 + 4S,Commercial,MWK / 50kg,,7991,10064,17097,15720,,22500,19750,20067
Malawi,33.735008,-13.531997,Mponela,Mponela,NP 23 21 0 + 4S,Subsidized,MWK / 50kg,,,,,,,3500,,
Malawi,33.735008,-13.531997,Mponela,Mponela,Urea,Commercial,MWK / 50kg,,7991,11864,17097,15159,18725,21500,20000,19217
Malawi,33.735008,-13.531997,Mponela,Mponela,Urea,Subsidized,MWK / 50kg,,,,,,8250,3500,,
Malawi,33.735008,-13.531997,Mponela,Mponela,NPK 8 18 15 + 6S + 0.2Zn + 0.1B,Commercial,MWK / 50kg,,,,,19952,,,,
Malawi,33.735008,-13.531997,Mponela,Mponela,NPK 10 20 10 + 6.5S,Commercial,MWK / 50kg,,,,,,20000,23000,,
Malawi,33.735008,-13.531997,Mponela,Mponela,NPK 10 20 10 + 6.5S,Subsidized,MWK / 50kg,,,,,,3500,3500,,
Malawi,33.735008,-13.531997,Mponela,Mponela,NPK,Commercial,MWK / 50kg,,,,,,19000,,,
Malawi,33.735008,-13.531997,Mponela,Mponela,NPK,Subsidized,MWK / 50kg,,,,,,13000,,,
Malawi,33.397824,-13.538453,Kamwendo,chavina,CAN,Commercial,MWK / 50kg,,,8534,12285,14612,,,,
Malawi,33.397824,-13.538453,Kamwendo,chavina,NP 23 21 0 + 4S,Commercial,MWK / 50kg,,,10563,16351,15797,,,,
Malawi,33.397824,-13.538453,Kamwendo,chavina,NPK 8 18 15 + 6S + 0.2Zn + 0.1B,Commercial,MWK / 50kg,,,7818,15971,17168,,,,
Malawi,33.397824,-13.538453,Kamwendo,chavina,Urea,Commercial,MWK / 50kg,,,10163,15284,15325,,,,
Malawi,33.599987,-11.89999,Mzimba,Mzimba,CAN,Commercial,MWK / 50kg,,,8506,,11967,,,,24000
Malawi,33.599987,-11.89999,Mzimba,Mzimba,NP 23 21 0 + 4S,Commercial,MWK / 50kg,,,10001,,15694,15752,,22650,22750
Malawi,33.599987,-11.89999,Mzimba,Mzimba,Urea,Commercial,MWK / 50kg,,,8002,,14913,14767,,,27500
Malawi,34.074235,-14.386274,Lobi,Lobi,CAN,Commercial,MWK / 50kg,,,13360,15229,14962,,,,
Malawi,34.074235,-14.386274,Lobi,Lobi,NP 23 21 0 + 4S,Commercial,MWK / 50kg,,,14241,17758,17458,,,,
Malawi,34.074235,-14.386274,Lobi,Lobi,Urea,Commercial,MWK / 50kg,,,12697,15229,14962,,,,
Malawi,34.636875,-14.820411,Njolomole/Ntcheu,Ntcheu,CAN,Commercial,MWK / 50kg,,,10450,13482,14722,,,,
Malawi,34.636875,-14.820411,Njolomole/Ntcheu,Ntcheu,NP 23 21 0 + 4S,Commercial,MWK / 50kg,,,11820,13693,15778,15653,,21450,21250
Malawi,34.636875,-14.820411,Njolomole/Ntcheu,Ntcheu,Urea,Commercial,MWK / 50kg,,,10807,18105,16346,16244,,20500,21083
Malawi,34.636875,-14.820411,Njolomole/Ntcheu,Ntcheu,NPK 8 18 15 + 6S + 0.2Zn + 0.1B,Commercial,MWK / 50kg,,,,,15674,15752,,,
Malawi,33.762947,-13.873886,Area 25,Area 25,CAN,Commercial,MWK / 50kg,,,11795,,,,,,
Malawi,33.762947,-13.873886,Area 25,Area 25,NP 23 21 0 + 4S,Commercial,MWK / 50kg,,,12701,15229,,,,,
Malawi,33.762947,-13.873886,Area 25,Area 25,Urea,Commercial,MWK / 50kg,,,11795,14724,,,,,
Malawi,33.4455,-14.1041,Mkwinda,Mkwinda,CAN,Commercial,MWK / 50kg,,,,15217,,,,,
Malawi,33.4455,-14.1041,Mkwinda,Mkwinda,NP 23 21 0 + 4S,Commercial,MWK / 50kg,,,,17020,,,,,
Malawi,33.4455,-14.1041,Mkwinda,Mkwinda,Urea,Commercial,MWK / 50kg,,,,17226,,,,,
Malawi,33.799253,-13.895857,Kanengo,Kanengo,NP 23 21 0 + 4S,Commercial,MWK / 50kg,,,,17319,,,,,
Malawi,33.799253,-13.895857,Kanengo,Kanengo,NPK 8 18 15 + 6S + 0.2Zn + 0.1B,Commercial,MWK / 50kg,,,,19388,19813,,,,
Malawi,33.799253,-13.895857,Kanengo,Kanengo,CAN,Commercial,MWK / 50kg,,,,16472,,,,,
Malawi,33.799253,-13.895857,Kanengo,Kanengo,Urea,Commercial,MWK / 50kg,,,,19094,19310,,,,
Malawi,34.301525,-13.254308,Mtambalika,,NP 23 21 0 + 4S,Commercial,MWK / 50kg,,,,16346,20320,,,,
Malawi,34.301525,-13.254308,Mtambalika,,Urea,Commercial,MWK / 50kg,,,,15715,18682,,,,
Malawi,34.301525,-13.254308,Mtambalika,,CAN,Commercial,MWK / 50kg,,,,17685,,,,,
Malawi,34.281054,-12.931686,Nkhotakota,Nkhotakota,NP 23 21 0 + 4S,Commercial,MWK / 50kg,,,,,16050,15850,,,
Malawi,34.281054,-12.931686,Nkhotakota,Nkhotakota,Urea,Commercial,MWK / 50kg,,,,,16466,16244,,,
Malawi,34.281054,-12.931686,Nkhotakota,Nkhotakota,NPK 8 18 15 + 6S + 0.2Zn + 0.1B,Commercial,MWK / 50kg,,,,,16591,16736,,,
Malawi,34.301525,-13.254308,Katchale,,CAN,Commercial,MWK / 50kg,,,,,,16150,18750,,
Malawi,34.301525,-13.254308,Katchale,,CAN,Subsidized,MWK / 50kg,,,,,,8250,3500,,
Malawi,34.301525,-13.254308,Katchale,,NPK 10 20 10 + 6.5S,Commercial,MWK / 50kg,,,,,,17600,19000,,
Malawi,34.301525,-13.254308,Katchale,,NPK 10 20 10 + 6.5S,Subsidized,MWK / 50kg,,,,,,3500,3500,,
Malawi,34.301525,-13.254308,Katchale,,Urea,Commercial,MWK / 50kg,,,,,,17200,18400,,
Malawi,34.301525,-13.254308,Katchale,,Urea,Subsidized,MWK / 50kg,,,,,,8250,3500,,
Malawi,34.301525,-13.254308,Katchale,,NPK,Commercial,MWK / 50kg,,,,,,18800,,,
Malawi,34.301525,-13.254308,Katchale,,NPK,Subsidized,MWK / 50kg,,,,,,13000,,,
Malawi,34.301525,-13.254308,Katchale,,NP 23 21 0 + 4S,Commercial,MWK / 50kg,,,,,,,18800,,
Malawi,34.301525,-13.254308,Katchale,,NP 23 21 0 + 4S,Subsidized,MWK / 50kg,,,,,,,3500,,
Malawi,35.005547,-15.785864,Blantyre,Blantyre,Urea,Commercial,MWK / 50kg,,,,,,,,19000,20000
