Country,longitude,latitude,Town,Town-District,Fertilizer,Type,Unit,avg_2010,avg_2011,avg_2012,avg_2013,avg_2014,avg_2015,avg_2016,avg_2017,avg_2018
Niger,8.98527,13.801812,ZINDER,ZINDER,Urea,Commercial,XOF / 50kg,13232,15241,14747,16383,,,,,
Niger,8.98527,13.801812,ZINDER,ZINDER,NPK 15 15 15,Commercial,XOF / 50kg,14522,14632,15550,16383,,,,,
Niger,8.98527,13.801812,ZINDER,ZINDER,DAP,Commercial,XOF / 50kg,,16078,,18519,,,,,
Niger,8.98527,13.801812,ZINDER,ZINDER,NPK 20 10 10,Commercial,XOF / 50kg,,11446,14905,,,,,,
Niger,8.98527,13.801812,ZINDER,ZINDER,SSP,Commercial,XOF / 50kg,,,14969,,,,,,
Niger,8.98527,13.801812,ZINDER,ZINDER,NPK 20 10 8,Commercial,XOF / 50kg,,,15902,,,,,,
Niger,3.448775,11.886588,GAYA,GAYA,NPK 15 15 15,Commercial,XOF / 50kg,14522,14760,15887,16004,,,,,
Niger,3.448775,11.886588,GAYA,GAYA,NPK 20 10 10,Commercial,XOF / 50kg,14522,14687,15758,16130,,,,,
Niger,3.448775,11.886588,GAYA,GAYA,NPK 20 10 8,Commercial,XOF / 50kg,14522,14663,15482,,,,,,
Niger,3.448775,11.886588,GAYA,GAYA,Urea,Commercial,XOF / 50kg,,15125,16539,18168,,,,,
Niger,3.448775,11.886588,GAYA,GAYA,DAP,Commercial,XOF / 50kg,,14269,17084,15016,,,,,
Niger,5.248581,13.789487,KONNI,Birnin Konni,NPK 15 15 15,Commercial,XOF / 50kg,14522,15124,16669,17142,,,,,
Niger,5.248581,13.789487,KONNI,Birnin Konni,Urea,Commercial,XOF / 50kg,13572,13988,15331,16750,,,,,
Niger,5.248581,13.789487,KONNI,Birnin Konni,DAP,Commercial,XOF / 50kg,,16818,17887,18476,,,,,
Niger,5.248581,13.789487,KONNI,Birnin Konni,NPK 20 10 10,Commercial,XOF / 50kg,,14467,16741,17996,,,,,
Niger,5.248581,13.789487,KONNI,Birnin Konni,SSP,Commercial,XOF / 50kg,,,17491,,,,,,
Niger,1.449797,14.216594,TILLABERY,Tillaberi,NPK 15 15 15,Commercial,XOF / 50kg,14522,13943,14481,14192,,,,,
Niger,1.449797,14.216594,TILLABERY,Tillaberi,NPK 20 10 10,Commercial,XOF / 50kg,13572,13024,13154,15978,,,,,
Niger,1.449797,14.216594,TILLABERY,Tillaberi,Urea,Commercial,XOF / 50kg,,16063,15921,17004,,,,,
Niger,1.449797,14.216594,TILLABERY,Tillaberi,SSP,Commercial,XOF / 50kg,,,14437,,,,,,
Niger,1.449797,14.216594,TILLABERY,Tillaberi,DAP,Commercial,XOF / 50kg,,,,14761,,,,,
Niger,7.103628,13.500979,MARADI,MARADI,Urea,Commercial,XOF / 50kg,14522,14378,16009,17004,,,,,
Niger,7.103628,13.500979,MARADI,MARADI,NPK 15 15 15,Commercial,XOF / 50kg,,16989,18338,19324,,,,,
Niger,7.103628,13.500979,MARADI,MARADI,SSP,Commercial,XOF / 50kg,,,16443,,,,,,
Niger,7.103628,13.500979,MARADI,MARADI,NPK 20 10 10,Commercial,XOF / 50kg,,,17896,18015,,,,,
Niger,7.103628,13.500979,MARADI,MARADI,NPK 20 10 8,Commercial,XOF / 50kg,,,16899,,,,,,
Niger,7.103628,13.500979,MARADI,MARADI,DAP,Commercial,XOF / 50kg,,,18484,20030,,,,,
Niger,2.125385,13.511596,NIAMEY,NIAMEY,Urea,Commercial,XOF / 50kg,14522,15269,15484,19628,,,,,
Niger,2.125385,13.511596,NIAMEY,NIAMEY,NPK 15 15 15,Commercial,XOF / 50kg,,15882,15049,15756,,,,,
Niger,2.125385,13.511596,NIAMEY,NIAMEY,NPK 20 10 10,Commercial,XOF / 50kg,,15583,14995,,,,,,
Niger,2.125385,13.511596,NIAMEY,NIAMEY,NPK 20 10 8,Commercial,XOF / 50kg,,,17436,,,,,,
Niger,12.61588,13.313247,DIFFA,DIFFA,NPK 20 10 10,Commercial,XOF / 50kg,,,18067,18389,,,,,
Niger,12.61588,13.313247,DIFFA,DIFFA,Urea,Commercial,XOF / 50kg,,,15738,17238,,,,,
Niger,12.61588,13.313247,DIFFA,DIFFA,NPK 15 15 15,Commercial,XOF / 50kg,,,15818,18235,,,,,
Niger,7.986541,16.974164,AGADEZ,AGADEZ,NPK 15 15 15,Commercial,XOF / 50kg,,,14538,,,,,,
Niger,7.986541,16.974164,AGADEZ,AGADEZ,NPK 20 10 10,Commercial,XOF / 50kg,,,16128,,,,,,
Niger,7.986541,16.974164,AGADEZ,AGADEZ,Urea,Commercial,XOF / 50kg,,,14538,,,,,,
Niger,7.446249,13.545626,TCHADOUA,TCHADOUA,DAP,Commercial,XOF / 50kg,,,,18015,,,,,
Niger,7.446249,13.545626,TCHADOUA,TCHADOUA,NPK 15 15 15,Commercial,XOF / 50kg,,,,18897,,,,,
Niger,7.446249,13.545626,TCHADOUA,TCHADOUA,NPK 20 10 10,Commercial,XOF / 50kg,,,,18015,,,,,
Niger,7.446249,13.545626,TCHADOUA,TCHADOUA,Urea,Commercial,XOF / 50kg,,,,15012,,,,,
Niger,0.755658,14.003163,TERA,TERA,NPK 15 15 15,Commercial,XOF / 50kg,,,,15007,,,,,
Niger,0.755658,14.003163,TERA,TERA,Urea,Commercial,XOF / 50kg,,,,15007,,,,,
