Country,longitude,latitude,Town,Town-District,Fertilizer,Type,Unit,avg_2010,avg_2011,avg_2012,avg_2013,avg_2014,avg_2015,avg_2016,avg_2017,avg_2018
Nigeria,7.483965,9.06625,Abuja,Abuja,NPK 12 12 17 + 2MgO,Commercial,NGN / 50kg,4206,,,,,,,,
Nigeria,7.483965,9.06625,Abuja,Abuja,NPK 15 15 15,Commercial,NGN / 50kg,4208,4202,10591,,,5286,6632,7996,6883
Nigeria,7.483965,9.06625,Abuja,Abuja,Phosphate rock,Commercial,NGN / 50kg,1206,,,,,,,,
Nigeria,7.483965,9.06625,Abuja,Abuja,Urea,Commercial,NGN / 50kg,3957,4847,8104,,,5086,7024,7799,6667
Nigeria,7.483965,9.06625,Abuja,Abuja,NPK 16 16 16,Commercial,NGN / 50kg,4202,,,,,,,,
Nigeria,7.483965,9.06625,Abuja,Abuja,NPK 20 10 10,Commercial,NGN / 50kg,4202,4363,,,,5017,6500,7198,6133
Nigeria,7.483965,9.06625,Abuja,Abuja,USG (urea super granule),Commercial,NGN / 10 kg,,,,,,,2333,1700,
Nigeria,11.166969,10.283229,GOMBE,GOMBE,NPK 12 12 17 + 2MgO,Commercial,NGN / 50kg,2202,,,,4669,5101,,,
Nigeria,11.166969,10.283229,GOMBE,GOMBE,NPK 15 15 15,Commercial,NGN / 50kg,4251,3736,,,,,,,
Nigeria,11.166969,10.283229,GOMBE,GOMBE,NPK 16 16 16,Commercial,NGN / 50kg,4001,4399,1374,,,,,,
Nigeria,11.166969,10.283229,GOMBE,GOMBE,NPK 20 10 10,Commercial,NGN / 50kg,4376,4594,,,,,,,
Nigeria,11.166969,10.283229,GOMBE,GOMBE,Urea,Commercial,NGN / 50kg,4167,4770,1526,,,,,,
Nigeria,11.166969,10.283229,GOMBE,GOMBE,SSP,Commercial,NGN / 50kg,,5449,,,,,,,
Nigeria,4.551098,8.498832,ILORIN,ILORIN,NPK 12 12 17 + 2MgO,Commercial,NGN / 50kg,4101,,,,,,,,
Nigeria,4.551098,8.498832,ILORIN,ILORIN,NPK 15 15 15,Commercial,NGN / 50kg,4200,,,,,,,,
Nigeria,4.551098,8.498832,ILORIN,ILORIN,NPK 16 16 16,Commercial,NGN / 50kg,4334,,,,,,,,
Nigeria,4.551098,8.498832,ILORIN,ILORIN,NPK 20 10 10,Commercial,NGN / 50kg,4334,4387,,,,,,,
Nigeria,4.551098,8.498832,ILORIN,ILORIN,Urea,Commercial,NGN / 50kg,3948,,,,,,,,
Nigeria,4.551098,8.498832,ILORIN,ILORIN,NPK 23 10 5 + 4MgO + 2Zn,Commercial,NGN / 50kg,,,5834,,,,,,
Nigeria,4.551098,8.498832,ILORIN,ILORIN,Ammonium sulphate,Commercial,NGN / 50kg,,,7446,,,,,,
Nigeria,5.221227,7.620991,Ado-Ekiti,Ado-Ekiti,NPK 15 15 15,Commercial,NGN / 50kg,4511,4419,,,,,,,
Nigeria,5.221227,7.620991,Ado-Ekiti,Ado-Ekiti,Urea,Commercial,NGN / 50kg,4511,4414,,,,,,,
Nigeria,5.221227,7.620991,Ado-Ekiti,Ado-Ekiti,SSP,Commercial,NGN / 50kg,,4458,,,,,,,
Nigeria,5.221227,7.620991,Ado-Ekiti,Ado-Ekiti,Ammonium sulphate,Commercial,NGN / 50kg,,5397,3522,5373,,,,,
Nigeria,5.221227,7.620991,Ado-Ekiti,Ado-Ekiti,NPK 23 10 5 + 4MgO + 2Zn,Commercial,NGN / 50kg,,5397,,,,,,,
Nigeria,6.017023,9.083235,BIDA,BIDA,NPK 15 15 15,Commercial,NGN / 50kg,3807,,,,,,,,
Nigeria,6.017023,9.083235,BIDA,BIDA,Urea,Commercial,NGN / 50kg,4009,,,,,,,,
Nigeria,3.94705,7.377547,IBADAN,IBADAN,NPK 15 15 15,Commercial,NGN / 50kg,4502,4587,5139,5006,4871,,,,
Nigeria,3.94705,7.377547,IBADAN,IBADAN,NPK 16 16 16,Commercial,NGN / 50kg,6299,6175,,,,,,,
Nigeria,3.94705,7.377547,IBADAN,IBADAN,NPK 20 10 10,Commercial,NGN / 50kg,5001,4980,4906,5250,,,,,
Nigeria,3.94705,7.377547,IBADAN,IBADAN,Urea,Commercial,NGN / 50kg,3801,4131,5191,5072,,,,,
Nigeria,3.94705,7.377547,IBADAN,IBADAN,SSP,Commercial,NGN / 50kg,,3963,,,,,,,
Nigeria,3.94705,7.377547,IBADAN,IBADAN,Ammonium sulphate,Commercial,NGN / 50kg,,4512,1526,4885,,,,,
Nigeria,3.94705,7.377547,IBADAN,IBADAN,NPK 23 10 5 + 4MgO + 2Zn,Commercial,NGN / 50kg,,4713,1462,4691,,,,,
Nigeria,3.94705,7.377547,IBADAN,IBADAN,NPK 27 13 13,Commercial,NGN / 50kg,,,5296,,5401,6263,,,
Nigeria,4.183053,7.633484,IWO,IWO,NPK 15 15 15,Commercial,NGN / 50kg,4323,4799,,,,,,,
Nigeria,4.183053,7.633484,IWO,IWO,Urea,Commercial,NGN / 50kg,4398,4399,,,,,,,
Nigeria,4.183053,7.633484,IWO,IWO,NPK 20 10 10,Commercial,NGN / 50kg,4395,5651,,,,,,,
Nigeria,4.183053,7.633484,IWO,IWO,NPK 16 16 16,Commercial,NGN / 50kg,,5651,,,,,,,
Nigeria,4.183053,7.633484,IWO,IWO,SSP,Commercial,NGN / 50kg,,5248,,,,,,,
Nigeria,11.366615,8.900055,JALINGO,JALINGO,NPK 15 15 15,Commercial,NGN / 50kg,3874,3979,5737,,,,,,
Nigeria,11.366615,8.900055,JALINGO,JALINGO,NPK 16 16 16,Commercial,NGN / 50kg,3874,3918,,,,,,,
Nigeria,11.366615,8.900055,JALINGO,JALINGO,NPK 20 10 10,Commercial,NGN / 50kg,3702,3796,4219,,,,,,
Nigeria,11.366615,8.900055,JALINGO,JALINGO,Phosphate rock,Commercial,NGN / 50kg,3206,3256,4214,,,,,,
Nigeria,11.366615,8.900055,JALINGO,JALINGO,Urea,Commercial,NGN / 50kg,3874,4121,5331,,,,,,
Nigeria,11.366615,8.900055,JALINGO,JALINGO,NPK 12 12 17 + 2MgO,Commercial,NGN / 50kg,,3802,,,,,,,
Nigeria,11.366615,8.900055,JALINGO,JALINGO,SSP,Commercial,NGN / 50kg,,4081,4116,,,,,,
Nigeria,11.366615,8.900055,JALINGO,JALINGO,NPK 23 10 5 + 4MgO + 2Zn,Commercial,NGN / 50kg,,,5366,,,,,,
Nigeria,7.242521,8.895743,KUJE,KUJE,NPK 15 15 15,Commercial,NGN / 50kg,3801,,,,,,,,
Nigeria,7.242521,8.895743,KUJE,KUJE,NPK 20 10 10,Commercial,NGN / 50kg,3801,,,,,,,,
Nigeria,7.242521,8.895743,KUJE,KUJE,Urea,Commercial,NGN / 50kg,5001,,,,,,,,
Nigeria,3.379206,6.524379,Lagos,Lagos,NPK 15 15 15,Commercial,NGN / 50kg,6003,5891,,,,,6284,7466,
Nigeria,3.379206,6.524379,Lagos,Lagos,NPK 20 10 10,Commercial,NGN / 50kg,,,,,,,6183,7710,7380
Nigeria,3.379206,6.524379,Lagos,Lagos,Urea,Commercial,NGN / 50kg,,,,,,,6416,7524,6580
Nigeria,3.379206,6.524379,Lagos,Lagos,MOP,Commercial,NGN / 50kg,,,,,,,,13500,13500
Nigeria,3.379206,6.524379,Lagos,Lagos,SSP,Commercial,NGN / 50kg,,,,,,,,6500,5260
Nigeria,3.931728,7.850206,Oyo,Oyo,NPK 15 15 15,Commercial,NGN / 50kg,4427,4359,5541,4694,4379,4733,,,
Nigeria,3.931728,7.850206,Oyo,Oyo,NPK 16 16 16,Commercial,NGN / 50kg,4501,,,,,,,,
Nigeria,3.931728,7.850206,Oyo,Oyo,NPK 20 10 10,Commercial,NGN / 50kg,4376,4453,5460,,,,,,
Nigeria,3.931728,7.850206,Oyo,Oyo,Urea,Commercial,NGN / 50kg,3925,3952,5242,4651,4890,5528,,,
Nigeria,3.931728,7.850206,Oyo,Oyo,SSP,Commercial,NGN / 50kg,,4412,,,,,,,
Nigeria,7.169089,9.21392,SULEJA,kwamba,NPK 15 15 15,Commercial,NGN / 50kg,4834,4390,,,,,,,
Nigeria,7.169089,9.21392,SULEJA,kwamba,NPK 16 16 16,Commercial,NGN / 50kg,4001,,,,,,,,
Nigeria,7.169089,9.21392,SULEJA,kwamba,NPK 20 10 10,Commercial,NGN / 50kg,4501,,,,,,,,
Nigeria,7.169089,9.21392,SULEJA,kwamba,Urea,Commercial,NGN / 50kg,4001,,,,,,,,
Nigeria,7.379873,9.28628,BWARI,BWARI,NPK 12 12 17 + 2MgO,Commercial,NGN / 50kg,3891,,,,,,,,
Nigeria,7.379873,9.28628,BWARI,BWARI,NPK 15 15 15,Commercial,NGN / 50kg,4197,4738,,,4379,4733,,,
Nigeria,7.379873,9.28628,BWARI,BWARI,NPK 16 16 16,Commercial,NGN / 50kg,4194,4897,,,,,,,
Nigeria,7.379873,9.28628,BWARI,BWARI,NPK 20 10 10,Commercial,NGN / 50kg,4194,4761,,,4749,5409,,,
Nigeria,7.379873,9.28628,BWARI,BWARI,Urea,Commercial,NGN / 50kg,3940,5181,,,4890,5528,,,
Nigeria,7.379873,9.28628,BWARI,BWARI,Phosphate rock,Commercial,NGN / 50kg,,3872,,,,,,,
Nigeria,7.379873,9.28628,BWARI,BWARI,SSP,Commercial,NGN / 50kg,,5945,,,,,,,
Nigeria,8.537142,12.023929,SABON GARI,SABON GARI,NPK 15 15 15,Commercial,NGN / 50kg,4982,,,,,,,,
Nigeria,8.537142,12.023929,SABON GARI,SABON GARI,NPK 20 10 10,Commercial,NGN / 50kg,4487,,,,,,,,
Nigeria,8.537142,12.023929,SABON GARI,SABON GARI,SSP,Commercial,NGN / 50kg,3983,,,,,,,,
Nigeria,8.537142,12.023929,SABON GARI,SABON GARI,Urea,Commercial,NGN / 50kg,3487,,,,,,,,
Nigeria,9.015766,12.774557,BABURA,babura central mosque,NPK 15 15 15,Commercial,NGN / 50kg,3502,4584,,,,,,,
Nigeria,9.015766,12.774557,BABURA,babura central mosque,NPK 16 16 16,Commercial,NGN / 50kg,3004,3576,,,,,,,
Nigeria,9.015766,12.774557,BABURA,babura central mosque,NPK 20 10 10,Commercial,NGN / 50kg,3004,3856,,,,,,,
Nigeria,9.015766,12.774557,BABURA,babura central mosque,SSP,Commercial,NGN / 50kg,3004,3846,,,4043,4636,,,
Nigeria,9.015766,12.774557,BABURA,babura central mosque,Urea,Commercial,NGN / 50kg,4001,4487,,,,,,,
Nigeria,12.49539,9.203496,JYOLA,Yola,NPK 15 15 15,Commercial,NGN / 50kg,4506,4455,,,,,,,
Nigeria,12.49539,9.203496,JYOLA,Yola,NPK 16 16 16,Commercial,NGN / 50kg,5004,4949,,,,,,,
Nigeria,12.49539,9.203496,JYOLA,Yola,NPK 20 10 10,Commercial,NGN / 50kg,3502,3464,,,,,,,
Nigeria,12.49539,9.203496,JYOLA,Yola,SSP,Commercial,NGN / 50kg,3706,3542,,,4043,4636,,,
Nigeria,12.49539,9.203496,JYOLA,Yola,Urea,Commercial,NGN / 50kg,3004,3313,,,,,,,
Nigeria,8.591831,12.002056,Kano,Kano,NPK 15 15 15,Commercial,NGN / 50kg,5208,5488,,,,,7300,7358,7100
Nigeria,8.591831,12.002056,Kano,Kano,NPK 20 10 10,Commercial,NGN / 50kg,4703,4730,,,,,6743,7092,6120
Nigeria,8.591831,12.002056,Kano,Kano,SSP,Commercial,NGN / 50kg,4001,4017,,,4043,4636,,,
Nigeria,8.591831,12.002056,Kano,Kano,Urea,Commercial,NGN / 50kg,3600,4059,,,,,7629,7452,7370
Nigeria,8.591831,12.002056,Kano,Kano,NPK 16 16 16,Commercial,NGN / 50kg,,4605,,,,,,,
Nigeria,8.591831,12.002056,Kano,Kano,NPK 12 12 17 + 2MgO,Commercial,NGN / 50kg,,4761,,,,,,,
Nigeria,3.3355059,6.5974036,KARA,,NPK 15 15 15,Commercial,NGN / 50kg,5306,,,,,,,,
Nigeria,13.260565,10.260377,MUBI,MUBI,NPK 20 10 10,Commercial,NGN / 50kg,4506,5449,,,,,,,
Nigeria,13.260565,10.260377,MUBI,MUBI,SSP,Commercial,NGN / 50kg,3450,4954,,,4043,4636,,,
Nigeria,13.260565,10.260377,MUBI,MUBI,Urea,Commercial,NGN / 50kg,3804,4545,,,,,,,
Nigeria,13.260565,10.260377,MUBI,MUBI,NPK 15 15 15,Commercial,NGN / 50kg,,4992,,,,,,,
Nigeria,7.934771,11.917131,GWARZO,GWARZO,Urea,Commercial,NGN / 50kg,4506,,,,,,,,
Nigeria,7.934771,11.917131,GWARZO,GWARZO,NPK 15 15 15,Commercial,NGN / 50kg,,5262,,,,,,,
Nigeria,7.934771,11.917131,GWARZO,GWARZO,NPK 16 16 16,Commercial,NGN / 50kg,,3772,,,,,,,
Nigeria,7.934771,11.917131,GWARZO,GWARZO,NPK 20 10 10,Commercial,NGN / 50kg,,4367,,,,,,,
Nigeria,4.172415,8.244226,ILUJU,Ikoyi lle,NPK 15 15 15,Commercial,NGN / 50kg,,5113,,,,,,,
Nigeria,4.172415,8.244226,ILUJU,Ikoyi lle,NPK 20 10 10,Commercial,NGN / 50kg,,4179,,,,,,,
Nigeria,4.172415,8.244226,ILUJU,Ikoyi lle,Urea,Commercial,NGN / 50kg,,3862,,,,,,,
Nigeria,7.434574,10.516892,Kaduna,Kaduna,NPK 12 12 17 + 2MgO,Commercial,NGN / 50kg,,4299,,,4669,5101,,,
Nigeria,7.434574,10.516892,Kaduna,Kaduna,NPK 15 15 15,Commercial,NGN / 50kg,,4438,,5475,4774,5056,5450,7475,6700
Nigeria,7.434574,10.516892,Kaduna,Kaduna,NPK 15 15 15,Subsidized,NGN / 50kg,,,,,,3800,,,
Nigeria,7.434574,10.516892,Kaduna,Kaduna,NPK 16 16 16,Commercial,NGN / 50kg,,4548,,,,,,,
Nigeria,7.434574,10.516892,Kaduna,Kaduna,NPK 20 10 10,Commercial,NGN / 50kg,,4438,,5029,,5100,5600,7075,6583
Nigeria,7.434574,10.516892,Kaduna,Kaduna,Phosphate rock,Commercial,NGN / 50kg,,3319,,,,,,,
Nigeria,7.434574,10.516892,Kaduna,Kaduna,SSP,Commercial,NGN / 50kg,,4149,,,,4000,,,
Nigeria,7.434574,10.516892,Kaduna,Kaduna,Urea,Commercial,NGN / 50kg,,4148,6376,5656,,5000,6000,7325,6867
Nigeria,7.434574,10.516892,Kaduna,Kaduna,Urea,Subsidized,NGN / 50kg,,,,,,3800,,,
Nigeria,7.434574,10.516892,Kaduna,Kaduna,USG (urea super granule),Commercial,NGN / 50kg,,,,,,5500,5500,,
Nigeria,7.434574,10.516892,Kaduna,Kaduna,USG (urea super granule),Commercial,NGN / 10 kg,,,,,,,1500,,
Nigeria,7.076737,8.950833,GWAGWALADA,GWAGWALADA,NPK 20 10 10,Commercial,NGN / 50kg,,4564,,,4749,5409,,,
Nigeria,7.076737,8.950833,GWAGWALADA,GWAGWALADA,Urea,Commercial,NGN / 50kg,,5181,,,4890,5528,,,
Nigeria,7.076737,8.950833,GWAGWALADA,GWAGWALADA,NPK 15 15 15,Commercial,NGN / 50kg,,4968,,,4276,4622,,,
Nigeria,7.076737,8.950833,GWAGWALADA,GWAGWALADA,NPK 16 16 16,Commercial,NGN / 50kg,,4798,,,,,,,
Nigeria,7.076737,8.950833,GWAGWALADA,GWAGWALADA,Phosphate rock,Commercial,NGN / 50kg,,3896,,,,,,,
Nigeria,4.249945,8.13352,ogbomoso,ogbomoso,NPK 15 15 15,Commercial,NGN / 50kg,,5223,,5269,4871,,,,
Nigeria,4.249945,8.13352,ogbomoso,ogbomoso,Urea,Commercial,NGN / 50kg,,4487,,5150,,,,,
Nigeria,4.249945,8.13352,ogbomoso,ogbomoso,NPK 20 10 10,Commercial,NGN / 50kg,,5340,,,,,,,
Nigeria,4.249945,8.13352,ogbomoso,ogbomoso,SSP,Commercial,NGN / 50kg,,5449,,,,,,,
Nigeria,4.249945,8.13352,ogbomoso,ogbomoso,Ammonium sulphate,Commercial,NGN / 50kg,,,5333,,,,,,
Nigeria,4.249945,8.13352,ogbomoso,ogbomoso,NPK 23 10 5 + 4MgO + 2Zn,Commercial,NGN / 50kg,,,5333,5054,,,,,
Nigeria,9.780676,7.873637,wukari,wukari,NPK 15 15 15,Commercial,NGN / 50kg,,4895,5885,,,,,,
Nigeria,9.780676,7.873637,wukari,wukari,NPK 20 10 10,Commercial,NGN / 50kg,,4669,,,,,,,
Nigeria,9.780676,7.873637,wukari,wukari,SSP,Commercial,NGN / 50kg,,4954,,,,,,,
Nigeria,9.780676,7.873637,wukari,wukari,Urea,Commercial,NGN / 50kg,,4724,5870,,,,,,
Nigeria,9.780676,7.873637,wukari,wukari,NPK 27 13 13,Commercial,NGN / 50kg,,,5855,,5401,6263,,,
Nigeria,12.446384,9.279159,Jimeta-Yola,Jimeta,NPK 15 15 15,Commercial,NGN / 50kg,,5397,5298,4850,,,,,
Nigeria,12.446384,9.279159,Jimeta-Yola,Jimeta,NPK 16 16 16,Commercial,NGN / 50kg,,5590,5530,6350,,,,,
Nigeria,12.446384,9.279159,Jimeta-Yola,Jimeta,NPK 20 10 10,Commercial,NGN / 50kg,,3732,3968,3908,,,,,
Nigeria,12.446384,9.279159,Jimeta-Yola,Jimeta,SSP,Commercial,NGN / 50kg,,3434,3742,3714,,,,,
Nigeria,12.446384,9.279159,Jimeta-Yola,Jimeta,Urea,Commercial,NGN / 50kg,,5099,4942,4791,,,,,
Nigeria,12.446384,9.279159,Jimeta-Yola,Jimeta,Phosphate rock,Commercial,NGN / 50kg,,,3827,,,,,,
Nigeria,12.446384,9.279159,Jimeta-Yola,Jimeta,NPK 23 10 5 + 4MgO + 2Zn,Commercial,NGN / 50kg,,,,3944,,,,,
Nigeria,7.598806,12.973153,Katsina,Katsina,NPK 15 15 15,Commercial,NGN / 50kg,,5887,5457,5336,4871,,,,
Nigeria,7.598806,12.973153,Katsina,Katsina,Urea,Commercial,NGN / 50kg,,6869,4937,4788,,,,,
Nigeria,7.598806,12.973153,Katsina,Katsina,NPK 20 10 10,Commercial,NGN / 50kg,,,5440,5020,,,,,
Nigeria,10.771904,8.644945,Mutum Biyu,Mutum Biyu,NPK 15 15 15,Commercial,NGN / 50kg,,,5442,,,,,,
Nigeria,10.771904,8.644945,Mutum Biyu,Mutum Biyu,NPK 16 16 16,Commercial,NGN / 50kg,,,4453,,,,,,
Nigeria,10.771904,8.644945,Mutum Biyu,Mutum Biyu,NPK 20 10 10,Commercial,NGN / 50kg,,,4845,,,,,,
Nigeria,10.771904,8.644945,Mutum Biyu,Mutum Biyu,NPK 23 10 5 + 4MgO + 2Zn,Commercial,NGN / 50kg,,,4453,,,,,,
Nigeria,10.771904,8.644945,Mutum Biyu,Mutum Biyu,NPK 27 13 13,Commercial,NGN / 50kg,,,5340,,5401,6263,,,
Nigeria,12.49539,9.203496,Yola,Yola,NPK 15 15 15,Commercial,NGN / 50kg,,,5485,,,,,,
Nigeria,12.49539,9.203496,Yola,Yola,NPK 16 16 16,Commercial,NGN / 50kg,,,5777,,,,,,
Nigeria,12.49539,9.203496,Yola,Yola,NPK 20 10 10,Commercial,NGN / 50kg,,,4333,,,,,,
Nigeria,12.49539,9.203496,Yola,Yola,SSP,Commercial,NGN / 50kg,,,3662,,,,,,
Nigeria,12.49539,9.203496,Yola,Yola,Urea,Commercial,NGN / 50kg,,,5296,,,,,,
Nigeria,7.053411,8.83922,Kwali (FCT),Kwali,NPK 20 10 10,Commercial,NGN / 50kg,,,,,4749,5409,,,
Nigeria,7.053411,8.83922,Kwali (FCT),Kwali,Urea,Commercial,NGN / 50kg,,,,,4890,5528,,,
Nigeria,5.61485,6.320119,Edo,Benin city,Urea,Commercial,NGN / 50kg,,,,,4890,5504,7219,8213,
Nigeria,5.61485,6.320119,Edo,Benin city,NPK 12 12 17,Commercial,NGN / 50kg,,,,,,7250,6833,7000,
Nigeria,5.61485,6.320119,Edo,Benin city,NPK 15 15 15,Commercial,NGN / 50kg,,,,,,6143,7190,8234,
Nigeria,5.61485,6.320119,Edo,Benin city,NPK 20 10 10,Commercial,NGN / 50kg,,,,,,5500,6682,7356,
Nigeria,5.61485,6.320119,Edo,Benin city,MOP,Commercial,NGN / 50kg,,,,,,6500,,,
Nigeria,5.61485,6.320119,Edo,Benin city,SSP,Commercial,NGN / 50kg,,,,,,4500,,,
Nigeria,5.61485,6.320119,Edo,Benin city,NPK 12 12 17 + 2MgO,Commercial,NGN / 50kg,,,,,,,,8067,
Nigeria,6.74458,7.112195,Kogi (Idah),Idah,Urea,Commercial,NGN / 50kg,,,,,4890,5528,,,
Nigeria,6.784441,6.16533,Anambra,Onitsha,NPK 15 15 15,Commercial,NGN / 50kg,,,,,,5543,6811,8113,7792
Nigeria,6.784441,6.16533,Anambra,Onitsha,NPK 15 15 15,Subsidized,NGN / 50kg,,,,,,,3900,4000,
Nigeria,6.784441,6.16533,Anambra,Onitsha,NPK 20 10 10,Commercial,NGN / 50kg,,,,,,5564,6768,7371,8025
Nigeria,6.784441,6.16533,Anambra,Onitsha,NPK 20 10 10,Subsidized,NGN / 50kg,,,,,,,3900,,
Nigeria,6.784441,6.16533,Anambra,Onitsha,Urea,Commercial,NGN / 50kg,,,,,,5500,7006,7683,6792
Nigeria,6.784441,6.16533,Anambra,Onitsha,Urea,Subsidized,NGN / 50kg,,,,,,,5250,4000,
Nigeria,6.784441,6.16533,Anambra,Onitsha,NPK 12 12 17,Commercial,NGN / 50kg,,,,,,5500,6879,8600,
Nigeria,6.784441,6.16533,Anambra,Onitsha,NPK 27 13 13,Commercial,NGN / 50kg,,,,,,6450,7670,9522,9500
Nigeria,6.784441,6.16533,Anambra,Onitsha,NPK 27 13 13,Subsidized,NGN / 50kg,,,,,,,3900,,
Nigeria,6.784441,6.16533,Anambra,Onitsha,NPK 12 12 17 + 2MgO,Commercial,NGN / 50kg,,,,,,,,9500,8040
Nigeria,8.539144,7.732152,Benue,Makurdi,NPK 15 15 15,Commercial,NGN / 50kg,,,,,,5800,6618,7823,7292
Nigeria,8.539144,7.732152,Benue,Makurdi,NPK 15 15 15,Subsidized,NGN / 50kg,,,,,,,,4000,
Nigeria,8.539144,7.732152,Benue,Makurdi,NPK 20 10 10,Commercial,NGN / 50kg,,,,,,6017,6745,7169,6250
Nigeria,8.539144,7.732152,Benue,Makurdi,SSP,Commercial,NGN / 50kg,,,,,,5250,6178,6875,
Nigeria,8.539144,7.732152,Benue,Makurdi,Urea,Commercial,NGN / 50kg,,,,,,6000,6918,7828,7158
Nigeria,8.539144,7.732152,Benue,Makurdi,Urea,Subsidized,NGN / 50kg,,,,,,,,4000,
Nigeria,8.539144,7.732152,Benue,Makurdi,NPK 27 13 13,Commercial,NGN / 50kg,,,,,,,7200,9300,
Nigeria,8.539144,7.732152,Benue,Makurdi,NPK 12 12 17,Commercial,NGN / 50kg,,,,,,,7000,,
Nigeria,5.750033,5.516703,Delta,warri,NPK 15 15 15,Commercial,NGN / 50kg,,,,,,5420,6415,7542,7667
Nigeria,5.750033,5.516703,Delta,warri,Urea,Commercial,NGN / 50kg,,,,,,5420,7029,7684,6333
Nigeria,5.750033,5.516703,Delta,warri,NPK 12 12 17,Commercial,NGN / 50kg,,,,,,,6422,8550,
Nigeria,5.750033,5.516703,Delta,warri,NPK 20 10 10,Commercial,NGN / 50kg,,,,,,,6360,7814,
Nigeria,5.750033,5.516703,Delta,warri,NPK 12 12 17 + 2MgO,Commercial,NGN / 50kg,,,,,,,,7833,8100
Nigeria,5.750033,5.516703,Delta,warri,NPK 27 13 13,Commercial,NGN / 50kg,,,,,,,,10500,9250
Nigeria,4.826142,9.119252,Kwara,jebba,NPK 15 15 15,Commercial,NGN / 50kg,,,,,,5486,6621,7330,6833
Nigeria,4.826142,9.119252,Kwara,jebba,NPK 20 10 10,Commercial,NGN / 50kg,,,,,,5250,7300,6862,6633
Nigeria,4.826142,9.119252,Kwara,jebba,Urea,Commercial,NGN / 50kg,,,,,,5486,6740,7820,6233
Nigeria,4.826142,9.119252,Kwara,jebba,NPK 12 12 17,Commercial,NGN / 50kg,,,,,,5000,7000,,
Nigeria,4.826142,9.119252,Kwara,jebba,NPK 27 13 13,Commercial,NGN / 50kg,,,,,,5000,,,
Nigeria,4.826142,9.119252,Kwara,jebba,SSP,Commercial,NGN / 50kg,,,,,,4000,5500,,
Nigeria,4.826142,9.119252,Kwara,jebba,USG (urea super granule),Commercial,NGN / 10 kg,,,,,,1250,1440,1744,1717
Nigeria,4.826142,9.119252,Kwara,jebba,MOP,Commercial,NGN / 50kg,,,,,,,9629,9900,
Nigeria,6.560075,9.600571,Niger,Minna,NPK 15 15 15,Commercial,NGN / 50kg,,,,,,4800,6266,7800,7350
Nigeria,6.560075,9.600571,Niger,Minna,NPK 15 15 15,Subsidized,NGN / 50kg,,,,,,2850,,,
Nigeria,6.560075,9.600571,Niger,Minna,NPK 20 10 10,Commercial,NGN / 50kg,,,,,,4783,,6563,7083
Nigeria,6.560075,9.600571,Niger,Minna,Urea,Commercial,NGN / 50kg,,,,,,4917,6533,7950,7450
Nigeria,6.560075,9.600571,Niger,Minna,Urea,Subsidized,NGN / 50kg,,,,,,2850,,,
Nigeria,6.560075,9.600571,Niger,Minna,USG (urea super granule),Commercial,NGN / 10 kg,,,,,,,1722,1469,
Nigeria,6.560075,9.600571,Niger,Minna,SSP,Commercial,NGN / 50kg,,,,,,,5962,6900,
Nigeria,4.834359,7.083106,Ondo,Ondo,NPK 15 15 15,Commercial,NGN / 50kg,,,,,,5283,6411,7451,7250
Nigeria,4.834359,7.083106,Ondo,Ondo,NPK 20 10 10,Commercial,NGN / 50kg,,,,,,5225,6120,6450,5833
Nigeria,4.834359,7.083106,Ondo,Ondo,Urea,Commercial,NGN / 50kg,,,,,,5433,6700,7700,7150
Nigeria,4.834359,7.083106,Ondo,Ondo,SSP,Commercial,NGN / 50kg,,,,,,,6167,6325,
Nigeria,4.834359,7.083106,Ondo,Ondo,NPK 20 15 15,Commercial,NGN / 50kg,,,,,,,,6500,
Nigeria,11.36681,8.900422,Taraba,jalingo,NPK 15 15 15,Commercial,NGN / 50kg,,,,,,4714,5950,,
Nigeria,11.36681,8.900422,Taraba,jalingo,NPK 15 15 15,Subsidized,NGN / 50kg,,,,,,2900,,,
Nigeria,11.36681,8.900422,Taraba,jalingo,NPK 20 10 10,Commercial,NGN / 50kg,,,,,,4583,6000,,
Nigeria,11.36681,8.900422,Taraba,jalingo,Urea,Commercial,NGN / 50kg,,,,,,5386,5800,,
Nigeria,11.36681,8.900422,Taraba,jalingo,Urea,Subsidized,NGN / 50kg,,,,,,3100,,,
Nigeria,7.483965,9.06625,Abuja FCT,Abuja,Potassium nitrate,Commercial,NGN / 25 kg,,,,,,,10500,,
Nigeria,7.483965,9.06625,Abuja FCT,Abuja,USG (urea super granule),Commercial,NGN / 10 kg,,,,,,,1500,,
Nigeria,5.61485,6.320119,Edo,Benin city,NPK 12 12 17 + 2MgO,Commercial,NGN / 50kg,,,,,,,,6500,7650
Nigeria,5.61485,6.320119,Edo,Benin city,NPK 15 15 15,Commercial,NGN / 50kg,,,,,,,,8000,7550
Nigeria,5.61485,6.320119,Edo,Benin city,Urea,Commercial,NGN / 50kg,,,,,,,,8000,7700
