Country,longitude,latitude,Town,Town-District,Fertilizer,Type,Unit,avg_2010,avg_2011,avg_2012,avg_2013,avg_2014,avg_2015,avg_2016,avg_2017,avg_2018
Rwanda,29.813554,-1.49327,Burera,cyeru,DAP,Subsidized,RWF / 50kg,19150,,29998,,,22750,22750,21500,21500
Rwanda,29.813554,-1.49327,Burera,cyeru,DAP,Commercial,RWF / 50kg,,,,,,36000,36000,32950,32950
Rwanda,29.813554,-1.49327,Burera,cyeru,NPK 17 17 17,Subsidized,RWF / 50kg,16728,,20118,,,26500,26500,26000,26000
Rwanda,29.813554,-1.49327,Burera,cyeru,NPK 17 17 17,Commercial,RWF / 50kg,,,,,,31750,31750,30650,30650
Rwanda,29.813554,-1.49327,Burera,cyeru,Urea,Subsidized,RWF / 50kg,14548,,21817,,,19000,19000,18000,18000
Rwanda,29.813554,-1.49327,Burera,cyeru,Urea,Commercial,RWF / 50kg,,,,,,27900,27900,25650,25650
Rwanda,30.10423,-1.967802,Kigali-Kicukiro,kigali,DAP,Subsidized,RWF / 50kg,22073,26616,30039,29788,,23250,23250,21500,21500
Rwanda,30.10423,-1.967802,Kigali-Kicukiro,kigali,DAP,Commercial,RWF / 50kg,,,,,,36000,36000,32950,32950
Rwanda,30.10423,-1.967802,Kigali-Kicukiro,kigali,NPK 17 17 17,Subsidized,RWF / 50kg,15946,17333,19019,24949,,27000,27000,26000,26000
Rwanda,30.10423,-1.967802,Kigali-Kicukiro,kigali,NPK 17 17 17,Commercial,RWF / 50kg,,,,,,31750,31750,30650,30650
Rwanda,30.10423,-1.967802,Kigali-Kicukiro,kigali,NPK 20 10 10,Subsidized,RWF / 50kg,14584,,,,,,,,
Rwanda,30.10423,-1.967802,Kigali-Kicukiro,kigali,Urea,Subsidized,RWF / 50kg,15828,19676,23779,28250,,19500,19500,18000,18000
Rwanda,30.10423,-1.967802,Kigali-Kicukiro,kigali,Urea,Commercial,RWF / 50kg,,,,,,27900,27900,25650,25650
Rwanda,29.632531,-1.503462,Musanze,Ruhengeri,DAP,Subsidized,RWF / 50kg,20057,26231,30003,29933,39258,22750,22750,21500,21500
Rwanda,29.632531,-1.503462,Musanze,Ruhengeri,DAP,Commercial,RWF / 50kg,,,,,,36000,36000,32950,32950
Rwanda,29.632531,-1.503462,Musanze,Ruhengeri,NPK 17 17 17,Subsidized,RWF / 50kg,16473,16894,19247,22706,,26500,26500,26000,26000
Rwanda,29.632531,-1.503462,Musanze,Ruhengeri,NPK 17 17 17,Commercial,RWF / 50kg,,,,,,31750,31750,30650,30650
Rwanda,29.632531,-1.503462,Musanze,Ruhengeri,Urea,Subsidized,RWF / 50kg,14919,17838,23686,24933,,19000,19000,18000,18000
Rwanda,29.632531,-1.503462,Musanze,Ruhengeri,Urea,Commercial,RWF / 50kg,,,,,,27900,27900,25650,25650
Rwanda,29.75024,-2.599663,Butare,Butare,DAP,Subsidized,RWF / 50kg,19341,24703,30031,35388,38473,,,,
Rwanda,29.75024,-2.599663,Butare,Butare,NPK 17 17 17,Subsidized,RWF / 50kg,17404,17345,19020,32248,33165,,,,
Rwanda,29.75024,-2.599663,Butare,Butare,NPK 20 10 10,Subsidized,RWF / 50kg,16436,16783,,,,,,,
Rwanda,29.75024,-2.599663,Butare,Butare,Urea,Subsidized,RWF / 50kg,18372,19720,23515,31252,32005,,,,
Rwanda,29.464359,-2.4538548,Nyamagabe,,Urea,Subsidized,RWF / 50kg,15523,20956,23750,,31187,19500,19500,18000,18000
Rwanda,29.464359,-2.4538548,Nyamagabe,,Urea,Commercial,RWF / 50kg,,,,,,27900,27900,25650,25650
Rwanda,29.464359,-2.4538548,Nyamagabe,,DAP,Subsidized,RWF / 50kg,23833,28113,30003,,37136,23250,23250,21500,21500
Rwanda,29.464359,-2.4538548,Nyamagabe,,DAP,Commercial,RWF / 50kg,,,,,,36000,36000,32950,32950
Rwanda,29.464359,-2.4538548,Nyamagabe,,NPK 17 17 17,Subsidized,RWF / 50kg,15578,17966,19496,,32189,27000,27000,26000,26000
Rwanda,29.464359,-2.4538548,Nyamagabe,,NPK 17 17 17,Commercial,RWF / 50kg,,,,,,31750,31750,30650,30650
Rwanda,28.917928,-2.475678,Rusizi,Cyangugu,DAP,Subsidized,RWF / 50kg,14587,25041,30028,29933,38792,,,,
Rwanda,28.917928,-2.475678,Rusizi,Cyangugu,NPK 17 17 17,Subsidized,RWF / 50kg,17997,17616,18936,24015,32901,,,,
Rwanda,28.917928,-2.475678,Rusizi,Cyangugu,Urea,Subsidized,RWF / 50kg,12634,17914,23529,27710,32205,,,,
Rwanda,28.917928,-2.475678,Rusizi,Cyangugu,NPK 20 10 10,Subsidized,RWF / 50kg,,18488,,,,,,,
Rwanda,29.261134,-1.679158,Gisenyi,Gisenyi,DAP,Subsidized,RWF / 50kg,,26726,,,,,,,
Rwanda,29.261134,-1.679158,Gisenyi,Gisenyi,NPK 17 17 17,Subsidized,RWF / 50kg,,17215,,,,,,,
Rwanda,29.261134,-1.679158,Gisenyi,Gisenyi,Urea,Subsidized,RWF / 50kg,,20116,,,,,,,
Rwanda,29.632531,-1.503462,Ruhengeri,Ruhengeri,DAP,Subsidized,RWF / 50kg,,26726,,,,,,,
Rwanda,29.632531,-1.503462,Ruhengeri,Ruhengeri,NPK 17 17 17,Subsidized,RWF / 50kg,,17215,,,,,,,
Rwanda,29.632531,-1.503462,Ruhengeri,Ruhengeri,Urea,Subsidized,RWF / 50kg,,20116,,,,,,,
Rwanda,30.023881,-1.433119,Gatuna,Gatuna,DAP,Subsidized,RWF / 50kg,,27430,30033,,,,,,
Rwanda,30.023881,-1.433119,Gatuna,Gatuna,NPK 17 17 17,Subsidized,RWF / 50kg,,17701,19083,,,,,,
Rwanda,30.023881,-1.433119,Gatuna,Gatuna,Urea,Subsidized,RWF / 50kg,,20901,23580,,,,,,
Rwanda,29.292955,-1.688974,Rubavu,Rubavu,DAP,Subsidized,RWF / 50kg,,28024,30055,,,22750,22750,21500,21500
Rwanda,29.292955,-1.688974,Rubavu,Rubavu,DAP,Commercial,RWF / 50kg,,,,,,36000,36000,32950,32950
Rwanda,29.292955,-1.688974,Rubavu,Rubavu,NPK 17 17 17,Subsidized,RWF / 50kg,,17383,,,,26500,26500,26000,26000
Rwanda,29.292955,-1.688974,Rubavu,Rubavu,NPK 17 17 17,Commercial,RWF / 50kg,,,,,,31750,31750,30650,30650
Rwanda,29.292955,-1.688974,Rubavu,Rubavu,Urea,Subsidized,RWF / 50kg,,20110,23532,,,19000,19000,18000,18000
Rwanda,29.292955,-1.688974,Rubavu,Rubavu,Urea,Commercial,RWF / 50kg,,,,,,27900,27900,25650,25650
Rwanda,30.10423,-1.967802,Kigali,Kigali,DAP,Subsidized,RWF / 50kg,,,29942,,,,,,
Rwanda,30.10423,-1.967802,Kigali,Kigali,NPK 17 17 17,Subsidized,RWF / 50kg,,,19727,,,,,,
Rwanda,30.10423,-1.967802,Kigali,Kigali,Urea,Subsidized,RWF / 50kg,,,23609,25003,,,,,
Rwanda,30.069651,-1.579157,Gicumbi,Byumba,DAP,Subsidized,RWF / 50kg,,,29973,32970,38089,23250,23250,21500,21500
Rwanda,30.069651,-1.579157,Gicumbi,Byumba,DAP,Commercial,RWF / 50kg,,,,,,36000,36000,32950,32950
Rwanda,30.069651,-1.579157,Gicumbi,Byumba,NPK 17 17 17,Subsidized,RWF / 50kg,,,18985,28049,32814,27000,27000,26000,26000
Rwanda,30.069651,-1.579157,Gicumbi,Byumba,NPK 17 17 17,Commercial,RWF / 50kg,,,,,,31750,31750,30650,30650
Rwanda,30.069651,-1.579157,Gicumbi,Byumba,Urea,Subsidized,RWF / 50kg,,,23479,27132,31803,19500,19500,18000,18000
Rwanda,30.069651,-1.579157,Gicumbi,Byumba,Urea,Commercial,RWF / 50kg,,,,,,27900,27900,25650,25650
Rwanda,30.069651,-1.579157,Gicumbi,Byumba,MOP,Commercial,RWF / 50kg,,,,,,31500,31500,,
Rwanda,30.069651,-1.579157,Gicumbi,Byumba,MOP,Subsidized,RWF / 50kg,,,,,,24000,24000,,
Rwanda,29.423056,-1.6075,KORO,Kora,DAP,Subsidized,RWF / 50kg,,,30042,29894,,,,,
Rwanda,29.423056,-1.6075,KORO,Kora,NPK 17 17 17,Subsidized,RWF / 50kg,,,19030,25340,,,,,
Rwanda,29.423056,-1.6075,KORO,Kora,Urea,Subsidized,RWF / 50kg,,,24173,24922,,,,,
Rwanda,30.641596,-2.263251,Kirehe,Kirehe,DAP,Subsidized,RWF / 50kg,,,30076,,39282,22750,22250,21500,21500
Rwanda,30.641596,-2.263251,Kirehe,Kirehe,DAP,Commercial,RWF / 50kg,,,,,,35500,35000,32950,32950
Rwanda,30.641596,-2.263251,Kirehe,Kirehe,NPK 17 17 17,Subsidized,RWF / 50kg,,,18966,,32501,,,,
Rwanda,30.641596,-2.263251,Kirehe,Kirehe,Urea,Subsidized,RWF / 50kg,,,23455,,32501,19000,18500,18000,18000
Rwanda,30.641596,-2.263251,Kirehe,Kirehe,Urea,Commercial,RWF / 50kg,,,,,,27400,26900,25650,25650
Rwanda,29.782859,-2.073929,Muhanga,Nyamabuye,DAP,Subsidized,RWF / 50kg,,,30076,,39206,22750,22250,21500,21500
Rwanda,29.782859,-2.073929,Muhanga,Nyamabuye,DAP,Commercial,RWF / 50kg,,,,,,35750,36000,32950,32950
Rwanda,29.782859,-2.073929,Muhanga,Nyamabuye,NPK 17 17 17,Subsidized,RWF / 50kg,,,19066,,32460,26500,26000,26000,26000
Rwanda,29.782859,-2.073929,Muhanga,Nyamabuye,NPK 17 17 17,Commercial,RWF / 50kg,,,,,,31500,31250,30650,30650
Rwanda,29.782859,-2.073929,Muhanga,Nyamabuye,Urea,Subsidized,RWF / 50kg,,,23572,,32460,19000,18500,18000,18000
Rwanda,29.782859,-2.073929,Muhanga,Nyamabuye,Urea,Commercial,RWF / 50kg,,,,,,27400,26900,25650,25650
Rwanda,29.008166,-2.698753,Rusizi-Bugarama,Bugarama,DAP,Subsidized,RWF / 50kg,,,30076,37191,,23250,23250,21500,21500
Rwanda,29.008166,-2.698753,Rusizi-Bugarama,Bugarama,DAP,Commercial,RWF / 50kg,,,,,,36000,36000,32950,32950
Rwanda,29.008166,-2.698753,Rusizi-Bugarama,Bugarama,Urea,Subsidized,RWF / 50kg,,,,24665,,19500,19500,18000,18000
Rwanda,29.008166,-2.698753,Rusizi-Bugarama,Bugarama,Urea,Commercial,RWF / 50kg,,,,,,27900,27900,25650,25650
Rwanda,29.008166,-2.698753,Rusizi-Bugarama,Bugarama,NPK 17 17 17,Commercial,RWF / 50kg,,,,,,31750,31750,30650,30650
Rwanda,29.008166,-2.698753,Rusizi-Bugarama,Bugarama,NPK 17 17 17,Subsidized,RWF / 50kg,,,,,,27000,27000,26000,26000
Rwanda,30.43153,-1.950637,Rwamagana,Rwamagana,DAP,Subsidized,RWF / 50kg,,,30076,32453,38792,23250,23250,21500,21500
Rwanda,30.43153,-1.950637,Rwamagana,Rwamagana,DAP,Commercial,RWF / 50kg,,,,,,36000,36000,32950,32950
Rwanda,30.43153,-1.950637,Rwamagana,Rwamagana,NPK 17 17 17,Subsidized,RWF / 50kg,,,19066,27192,33149,27000,27000,26000,26000
Rwanda,30.43153,-1.950637,Rwamagana,Rwamagana,NPK 17 17 17,Commercial,RWF / 50kg,,,,,,31750,31750,30650,30650
Rwanda,30.43153,-1.950637,Rwamagana,Rwamagana,Urea,Subsidized,RWF / 50kg,,,23572,27145,32205,19500,19500,18000,18000
Rwanda,30.43153,-1.950637,Rwamagana,Rwamagana,Urea,Commercial,RWF / 50kg,,,,,,27900,27900,25650,25650
Rwanda,30.43153,-1.950637,Rwamagana,Rwamagana,NPK 23 10 5 +3S + Zn,Commercial,RWF / 25 kg,,,,,,16000,16000,,
Rwanda,30.43153,-1.950637,Rwamagana,Rwamagana,NPK 23 10 5 +3S + Zn,Subsidized,RWF / 25 kg,,,,,,13250,13250,,
Rwanda,29.423056,-1.6075,Kora,Kora,Urea,Subsidized,RWF / 50kg,,,23572,,,,,,
Rwanda,29.423056,-1.6075,Kora,Kora,DAP,Subsidized,RWF / 50kg,,,29804,,,,,,
Rwanda,29.423056,-1.6075,Kora,Kora,NPK 17 17 17,Subsidized,RWF / 50kg,,,21847,,,,,,
Rwanda,29.414065,-2.052112,Karongi,Rubengera,DAP,Subsidized,RWF / 50kg,,,,29847,,23250,23250,21500,21500
Rwanda,29.414065,-2.052112,Karongi,Rubengera,DAP,Commercial,RWF / 50kg,,,,,,36000,36000,32950,32950
Rwanda,29.414065,-2.052112,Karongi,Rubengera,NPK 17 17 17,Subsidized,RWF / 50kg,,,,22896,,27000,27000,26000,26000
Rwanda,29.414065,-2.052112,Karongi,Rubengera,NPK 17 17 17,Commercial,RWF / 50kg,,,,,,31750,31750,30650,30650
Rwanda,29.414065,-2.052112,Karongi,Rubengera,Urea,Subsidized,RWF / 50kg,,,,24878,,19500,19500,18000,18000
Rwanda,29.414065,-2.052112,Karongi,Rubengera,Urea,Commercial,RWF / 50kg,,,,,,27900,27900,25650,25650
Rwanda,29.691153,-2.58925,Huye,Huye,DAP,Commercial,RWF / 50kg,,,,,,36000,36000,32950,32950
Rwanda,29.691153,-2.58925,Huye,Huye,DAP,Subsidized,RWF / 50kg,,,,,,23250,23250,21500,21500
Rwanda,29.691153,-2.58925,Huye,Huye,NPK 17 17 17,Commercial,RWF / 50kg,,,,,,31750,31750,30650,30650
Rwanda,29.691153,-2.58925,Huye,Huye,NPK 17 17 17,Subsidized,RWF / 50kg,,,,,,27000,27000,26000,26000
Rwanda,29.691153,-2.58925,Huye,Huye,Urea,Commercial,RWF / 50kg,,,,,,27900,27450,25650,25650
Rwanda,29.691153,-2.58925,Huye,Huye,Urea,Subsidized,RWF / 50kg,,,,,,19500,19500,18000,18000
Rwanda,30.079522,-1.529394,Kayonza,Mukarange,DAP,Commercial,RWF / 50kg,,,,,,36000,36000,32950,32950
Rwanda,30.079522,-1.529394,Kayonza,Mukarange,DAP,Subsidized,RWF / 50kg,,,,,,23250,23250,21500,21500
Rwanda,30.079522,-1.529394,Kayonza,Mukarange,NPK 17 17 17,Commercial,RWF / 50kg,,,,,,31750,31750,30650,30650
Rwanda,30.079522,-1.529394,Kayonza,Mukarange,NPK 17 17 17,Subsidized,RWF / 50kg,,,,,,27000,27000,26000,26000
Rwanda,30.079522,-1.529394,Kayonza,Mukarange,Urea,Commercial,RWF / 50kg,,,,,,27900,27900,25650,25650
Rwanda,30.079522,-1.529394,Kayonza,Mukarange,Urea,Subsidized,RWF / 50kg,,,,,,19500,19500,18000,18000
Rwanda,30.031322,-1.985327,Kigali-Nyarugenge,Nyarugenge,DAP,Commercial,RWF / 50kg,,,,,,36000,36000,32950,32950
Rwanda,30.031322,-1.985327,Kigali-Nyarugenge,Nyarugenge,DAP,Subsidized,RWF / 50kg,,,,,,23250,23250,21500,21500
Rwanda,30.031322,-1.985327,Kigali-Nyarugenge,Nyarugenge,NPK 17 17 17,Commercial,RWF / 50kg,,,,,,31750,31750,30650,30650
Rwanda,30.031322,-1.985327,Kigali-Nyarugenge,Nyarugenge,NPK 17 17 17,Subsidized,RWF / 50kg,,,,,,27000,27000,26000,26000
Rwanda,30.031322,-1.985327,Kigali-Nyarugenge,Nyarugenge,Urea,Commercial,RWF / 50kg,,,,,,27900,27900,25650,25650
Rwanda,30.031322,-1.985327,Kigali-Nyarugenge,Nyarugenge,Urea,Subsidized,RWF / 50kg,,,,,,19500,19500,18000,18000
Rwanda,30.543741,-2.160913,Ngoma,Kibungo,DAP,Commercial,RWF / 50kg,,,,,,36000,36000,32950,32950
Rwanda,30.543741,-2.160913,Ngoma,Kibungo,DAP,Subsidized,RWF / 50kg,,,,,,23000,22750,21500,21500
Rwanda,30.543741,-2.160913,Ngoma,Kibungo,NPK 17 17 17,Commercial,RWF / 50kg,,,,,,31750,,,
Rwanda,30.543741,-2.160913,Ngoma,Kibungo,NPK 17 17 17,Subsidized,RWF / 50kg,,,,,,27000,,,
Rwanda,30.543741,-2.160913,Ngoma,Kibungo,Urea,Commercial,RWF / 50kg,,,,,,27650,27400,25650,25650
Rwanda,30.543741,-2.160913,Ngoma,Kibungo,Urea,Subsidized,RWF / 50kg,,,,,,19250,19000,18000,18000
Rwanda,29.625763,-1.870351,Ngororero,Ngororero,DAP,Commercial,RWF / 50kg,,,,,,36000,36000,32950,32950
Rwanda,29.625763,-1.870351,Ngororero,Ngororero,DAP,Subsidized,RWF / 50kg,,,,,,23250,23250,21500,21500
Rwanda,29.625763,-1.870351,Ngororero,Ngororero,NPK 17 17 17,Commercial,RWF / 50kg,,,,,,31750,31750,30650,30650
Rwanda,29.625763,-1.870351,Ngororero,Ngororero,NPK 17 17 17,Subsidized,RWF / 50kg,,,,,,27000,27000,26000,26000
Rwanda,29.625763,-1.870351,Ngororero,Ngororero,Urea,Commercial,RWF / 50kg,,,,,,27900,27900,25650,25650
Rwanda,29.625763,-1.870351,Ngororero,Ngororero,Urea,Subsidized,RWF / 50kg,,,,,,19500,19500,18000,18000
Rwanda,29.625763,-1.870351,Ngororero,Ngororero,MOP,Commercial,RWF / 50kg,,,,,,31500,31500,,
Rwanda,29.625763,-1.870351,Ngororero,Ngororero,MOP,Subsidized,RWF / 50kg,,,,,,23000,23000,,
Rwanda,29.4987,-1.614031,Nyabihu,Mukamira,DAP,Commercial,RWF / 50kg,,,,,,36000,36000,32950,32950
Rwanda,29.4987,-1.614031,Nyabihu,Mukamira,DAP,Subsidized,RWF / 50kg,,,,,,22500,22250,21500,21500
Rwanda,29.4987,-1.614031,Nyabihu,Mukamira,NPK 17 17 17,Commercial,RWF / 50kg,,,,,,31750,31750,30650,30650
Rwanda,29.4987,-1.614031,Nyabihu,Mukamira,NPK 17 17 17,Subsidized,RWF / 50kg,,,,,,26250,26000,26000,26000
Rwanda,29.4987,-1.614031,Nyabihu,Mukamira,Urea,Commercial,RWF / 50kg,,,,,,27900,27900,25650,25650
Rwanda,29.4987,-1.614031,Nyabihu,Mukamira,Urea,Subsidized,RWF / 50kg,,,,,,18750,18500,18000,18000
Rwanda,30.333241,-1.300813,Nyagatare,Nyagatare,DAP,Commercial,RWF / 50kg,,,,,,36000,36000,32950,32950
Rwanda,30.333241,-1.300813,Nyagatare,Nyagatare,DAP,Subsidized,RWF / 50kg,,,,,,23250,23250,21500,21500
Rwanda,30.333241,-1.300813,Nyagatare,Nyagatare,NPK 17 17 17,Commercial,RWF / 50kg,,,,,,31750,,,
Rwanda,30.333241,-1.300813,Nyagatare,Nyagatare,NPK 17 17 17,Subsidized,RWF / 50kg,,,,,,27000,,,
Rwanda,30.333241,-1.300813,Nyagatare,Nyagatare,Urea,Commercial,RWF / 50kg,,,,,,27900,27900,25650,25650
Rwanda,30.333241,-1.300813,Nyagatare,Nyagatare,Urea,Subsidized,RWF / 50kg,,,,,,19500,19500,18000,18000
Rwanda,29.751291,-2.349608,Nyanza,Nyanza,DAP,Commercial,RWF / 50kg,,,,,,36000,36000,32950,32950
Rwanda,29.751291,-2.349608,Nyanza,Nyanza,DAP,Subsidized,RWF / 50kg,,,,,,23250,23250,21500,21500
Rwanda,29.751291,-2.349608,Nyanza,Nyanza,NPK 17 17 17,Commercial,RWF / 50kg,,,,,,31750,31750,30650,30650
Rwanda,29.751291,-2.349608,Nyanza,Nyanza,NPK 17 17 17,Subsidized,RWF / 50kg,,,,,,27000,27000,26000,26000
Rwanda,29.751291,-2.349608,Nyanza,Nyanza,Urea,Commercial,RWF / 50kg,,,,,,27900,27900,25650,25650
Rwanda,29.751291,-2.349608,Nyanza,Nyanza,Urea,Subsidized,RWF / 50kg,,,,,,19500,19500,18000,18000
Rwanda,29.5492,-2.638576,Nyaruguru,Kibeho,DAP,Commercial,RWF / 50kg,,,,,,36000,36000,32950,32950
Rwanda,29.5492,-2.638576,Nyaruguru,Kibeho,DAP,Subsidized,RWF / 50kg,,,,,,23250,23250,21500,21500
Rwanda,29.5492,-2.638576,Nyaruguru,Kibeho,NPK 17 17 17,Commercial,RWF / 50kg,,,,,,31750,31750,30650,30650
Rwanda,29.5492,-2.638576,Nyaruguru,Kibeho,NPK 17 17 17,Subsidized,RWF / 50kg,,,,,,27000,27000,26000,26000
Rwanda,29.5492,-2.638576,Nyaruguru,Kibeho,Urea,Commercial,RWF / 50kg,,,,,,27900,27900,25650,25650
Rwanda,29.5492,-2.638576,Nyaruguru,Kibeho,Urea,Subsidized,RWF / 50kg,,,,,,19500,19500,18000,18000
Rwanda,29.780241,-2.23254,Ruhango,Ruhango,DAP,Commercial,RWF / 50kg,,,,,,36000,36000,32950,32950
Rwanda,29.780241,-2.23254,Ruhango,Ruhango,DAP,Subsidized,RWF / 50kg,,,,,,23250,23250,21500,21500
Rwanda,29.780241,-2.23254,Ruhango,Ruhango,NPK 17 17 17,Commercial,RWF / 50kg,,,,,,31750,31750,30650,30650
Rwanda,29.780241,-2.23254,Ruhango,Ruhango,NPK 17 17 17,Subsidized,RWF / 50kg,,,,,,27000,27000,26000,26000
Rwanda,29.780241,-2.23254,Ruhango,Ruhango,Urea,Commercial,RWF / 50kg,,,,,,27900,27900,25650,25650
Rwanda,29.780241,-2.23254,Ruhango,Ruhango,Urea,Subsidized,RWF / 50kg,,,,,,19500,19500,18000,18000
Rwanda,28.932406,-2.434005,Rusizi-Kamembe,Kamembe,DAP,Commercial,RWF / 50kg,,,,,,36000,36000,32950,32950
Rwanda,28.932406,-2.434005,Rusizi-Kamembe,Kamembe,DAP,Subsidized,RWF / 50kg,,,,,,23250,23250,21500,21500
Rwanda,28.932406,-2.434005,Rusizi-Kamembe,Kamembe,NPK 17 17 17,Commercial,RWF / 50kg,,,,,,31750,31750,30650,30650
Rwanda,28.932406,-2.434005,Rusizi-Kamembe,Kamembe,NPK 17 17 17,Subsidized,RWF / 50kg,,,,,,27000,27000,26000,26000
Rwanda,28.932406,-2.434005,Rusizi-Kamembe,Kamembe,Urea,Commercial,RWF / 50kg,,,,,,27900,27900,25650,25650
Rwanda,28.932406,-2.434005,Rusizi-Kamembe,Kamembe,Urea,Subsidized,RWF / 50kg,,,,,,19500,19500,18000,18000
