Country,longitude,latitude,Town,Town-District,Fertilizer,Type,Unit,avg_2010,avg_2011,avg_2012,avg_2013,avg_2014,avg_2015,avg_2016,avg_2017,avg_2018
Senegal,-16.481457,16.032589,SAINT- LOUIS,SAINT- LOUIS,DAP,Commercial,XOF / 50kg,17541,17654,17700,,17939,,15333,15500,15458
Senegal,-16.481457,16.032589,SAINT- LOUIS,SAINT- LOUIS,DAP,Subsidized,XOF / 50kg,,,,,8826,10032,,,
Senegal,-16.481457,16.032589,SAINT- LOUIS,SAINT- LOUIS,NPK 10 10 20,Commercial,XOF / 50kg,15222,14688,15166,17018,16942,,15000,15000,15000
Senegal,-16.481457,16.032589,SAINT- LOUIS,SAINT- LOUIS,NPK 10 10 20,Subsidized,XOF / 50kg,,,,,8324,9462,,,
Senegal,-16.481457,16.032589,SAINT- LOUIS,SAINT- LOUIS,NPK 15 15 15,Commercial,XOF / 50kg,13797,16140,15780,,16942,,,,
Senegal,-16.481457,16.032589,SAINT- LOUIS,SAINT- LOUIS,NPK 15 15 15,Subsidized,XOF / 50kg,,,,,8450,9605,,,
Senegal,-16.481457,16.032589,SAINT- LOUIS,SAINT- LOUIS,Urea,Commercial,XOF / 50kg,,14317,15120,18519,16942,,14500,14500,14417
Senegal,-16.481457,16.032589,SAINT- LOUIS,SAINT- LOUIS,Urea,Subsidized,XOF / 50kg,,,,,8124,9234,,,
Senegal,-16.481457,16.032589,SAINT- LOUIS,SAINT- LOUIS,NPK 6 20 10,Commercial,XOF / 50kg,,,17100,,13952,,,,
Senegal,-16.481457,16.032589,SAINT- LOUIS,SAINT- LOUIS,NPK 6 20 10,Subsidized,XOF / 50kg,,,,,6118,6954,,,
Senegal,-16.481457,16.032589,SAINT- LOUIS,SAINT- LOUIS,NPK 15 10 10,Subsidized,XOF / 50kg,,,,,7321,8322,,,
Senegal,-16.481457,16.032589,SAINT- LOUIS,SAINT- LOUIS,NPK 15 10 10,Commercial,XOF / 50kg,,,,,14949,,,,
Senegal,-16.481457,16.032589,SAINT- LOUIS,SAINT- LOUIS,NPK 9 23 30,Subsidized,XOF / 50kg,,,,,9598,10910,,,
Senegal,-16.481457,16.032589,SAINT- LOUIS,SAINT- LOUIS,NPK 9 23 30,Commercial,XOF / 50kg,,,,,19932,,16000,16000,16000
Senegal,-17.46704,14.716562,Dakar,Dakar,NPK 10 10 20,Commercial,XOF / 50kg,14007,14205,,,16942,12500,13224,13472,13333
Senegal,-17.46704,14.716562,Dakar,Dakar,NPK 10 10 20,Subsidized,XOF / 50kg,,,,,8324,9462,,,
Senegal,-17.46704,14.716562,Dakar,Dakar,NPK 6 20 10,Commercial,XOF / 50kg,,10510,,,13454,,,,
Senegal,-17.46704,14.716562,Dakar,Dakar,NPK 6 20 10,Subsidized,XOF / 50kg,,,,,6118,6954,,,
Senegal,-17.46704,14.716562,Dakar,Dakar,Urea,Commercial,XOF / 50kg,,14408,19135,,16145,12875,13306,13306,13000
Senegal,-17.46704,14.716562,Dakar,Dakar,Urea,Subsidized,XOF / 50kg,,,,,8124,9234,,,
Senegal,-17.46704,14.716562,Dakar,Dakar,NPK 15 15 15,Commercial,XOF / 50kg,,,17238,,16942,12000,12308,12000,12000
Senegal,-17.46704,14.716562,Dakar,Dakar,NPK 15 15 15,Subsidized,XOF / 50kg,,,,,8450,9605,,,
Senegal,-17.46704,14.716562,Dakar,Dakar,DAP,Subsidized,XOF / 50kg,,,,,8826,10032,,,
Senegal,-17.46704,14.716562,Dakar,Dakar,DAP,Commercial,XOF / 50kg,,,,,17540,,,,
Senegal,-17.46704,14.716562,Dakar,Dakar,NPK 15 10 10,Subsidized,XOF / 50kg,,,,,7321,8322,,,
Senegal,-17.46704,14.716562,Dakar,Dakar,NPK 15 10 10,Commercial,XOF / 50kg,,,,,14550,,,,
Senegal,-17.46704,14.716562,Dakar,Dakar,NPK 9 23 30,Subsidized,XOF / 50kg,,,,,9598,10910,,,
Senegal,-17.46704,14.716562,Dakar,Dakar,NPK 9 23 30,Commercial,XOF / 50kg,,,,,19434,,,,
Senegal,-16.083751,14.150179,kaolack,kaolack,NPK 10 10 20,Commercial,XOF / 50kg,16572,16584,18498,19258,,13654,13147,13453,13667
Senegal,-16.083751,14.150179,kaolack,kaolack,NPK 10 10 20,Subsidized,XOF / 50kg,,,,,,10000,10000,,
Senegal,-16.083751,14.150179,kaolack,kaolack,NPK 15 10 10,Commercial,XOF / 50kg,11103,10484,,,,12100,11568,11542,11462
Senegal,-16.083751,14.150179,kaolack,kaolack,NPK 15 10 10,Subsidized,XOF / 50kg,,,,,,7500,7500,,
Senegal,-16.083751,14.150179,kaolack,kaolack,NPK 6 20 10,Commercial,XOF / 50kg,12063,11488,15923,,,11550,11000,10792,11167
Senegal,-16.083751,14.150179,kaolack,kaolack,NPK 6 20 10,Subsidized,XOF / 50kg,,,,,,6150,6150,,
Senegal,-16.083751,14.150179,kaolack,kaolack,Urea,Commercial,XOF / 50kg,10648,10463,16380,19258,,13192,12985,13542,13417
Senegal,-16.083751,14.150179,kaolack,kaolack,Urea,Subsidized,XOF / 50kg,,,,,,8100,8100,,
Senegal,-16.083751,14.150179,kaolack,kaolack,NPK 15 15 15,Commercial,XOF / 50kg,,12863,16028,,,12769,12061,13109,13556
Senegal,-16.083751,14.150179,kaolack,kaolack,NPK 15 15 15,Subsidized,XOF / 50kg,,,,,,7500,7500,,
Senegal,-16.083751,14.150179,kaolack,kaolack,DAP,Commercial,XOF / 50kg,,12753,,,,,,,
Senegal,-16.083751,14.150179,kaolack,kaolack,NPK 16 16 16,Commercial,XOF / 50kg,,,,,,,15000,15000,
Senegal,-14.954383,12.896861,Kolda,Kolda,NPK 10 10 20,Commercial,XOF / 50kg,16704,10065,18010,21051,,17800,21750,25000,
Senegal,-14.954383,12.896861,Kolda,Kolda,NPK 15 10 10,Commercial,XOF / 50kg,12914,14493,,,,,,,
Senegal,-14.954383,12.896861,Kolda,Kolda,NPK 6 20 10,Commercial,XOF / 50kg,14363,15556,17986,,,13167,12500,,
Senegal,-14.954383,12.896861,Kolda,Kolda,Urea,Commercial,XOF / 50kg,16704,14360,19169,21562,,15750,19091,25000,
Senegal,-14.954383,12.896861,Kolda,Kolda,NPK 15 15 15,Commercial,XOF / 50kg,18223,18114,17184,18538,,15750,16250,,
Senegal,-14.954383,12.896861,Kolda,Kolda,DAP,Commercial,XOF / 50kg,,15693,19233,,,,,,
Senegal,-14.954383,12.896861,Kolda,Kolda,NPK 14 16 28,Commercial,XOF / 50kg,,,,28113,,,,,
Senegal,-14.954383,12.896861,Kolda,Kolda,NPK 14 6 5,Commercial,XOF / 50kg,,,,20783,,,,,
Senegal,-16.228509,15.613981,LOUGA,LOUGA,NPK 10 10 20,Commercial,XOF / 50kg,15766,17963,17115,21658,,,,,
Senegal,-16.228509,15.613981,LOUGA,LOUGA,Urea,Commercial,XOF / 50kg,18135,21809,19930,24988,,,,,
Senegal,-16.228509,15.613981,LOUGA,LOUGA,NPK 15 10 10,Commercial,XOF / 50kg,14658,,,,,,,,
Senegal,-16.228509,15.613981,LOUGA,LOUGA,NPK 15 15 15,Commercial,XOF / 50kg,18062,14798,16291,19325,,,,,
Senegal,-16.228509,15.613981,LOUGA,LOUGA,NPK 6 20 10,Commercial,XOF / 50kg,15423,15282,17137,,,,,,
Senegal,-16.228509,15.613981,LOUGA,LOUGA,DAP,Commercial,XOF / 50kg,,16856,,18014,,,,,
Senegal,-16.93586,14.791005,Thies,Thies,NPK 10 10 20,Commercial,XOF / 50kg,17392,14279,17666,74112,16942,,15000,15792,16000
Senegal,-16.93586,14.791005,Thies,Thies,NPK 10 10 20,Subsidized,XOF / 50kg,,,,,8324,9462,,,
Senegal,-16.93586,14.791005,Thies,Thies,NPK 15 10 10,Commercial,XOF / 50kg,15945,,,,14550,,,,
Senegal,-16.93586,14.791005,Thies,Thies,NPK 15 10 10,Subsidized,XOF / 50kg,,,,,7321,8322,,,
Senegal,-16.93586,14.791005,Thies,Thies,NPK 6 20 10,Commercial,XOF / 50kg,16279,15740,,,13454,,12500,16500,16417
Senegal,-16.93586,14.791005,Thies,Thies,NPK 6 20 10,Subsidized,XOF / 50kg,,,,,6118,6954,,,
Senegal,-16.93586,14.791005,Thies,Thies,DAP,Commercial,XOF / 50kg,18554,,,,17939,,18000,18000,
Senegal,-16.93586,14.791005,Thies,Thies,DAP,Subsidized,XOF / 50kg,,,,,8826,10032,,,
Senegal,-16.93586,14.791005,Thies,Thies,NPK 15 15 15,Commercial,XOF / 50kg,15984,15740,16752,,16942,,12500,17000,16583
Senegal,-16.93586,14.791005,Thies,Thies,NPK 15 15 15,Subsidized,XOF / 50kg,,,,,8450,9605,,,
Senegal,-16.93586,14.791005,Thies,Thies,NPK 16 26 12 + TE,Commercial,XOF / 50kg,15496,15282,,,,,,,
Senegal,-16.93586,14.791005,Thies,Thies,Urea,Commercial,XOF / 50kg,15984,15302,21002,21647,16444,,14000,16250,16083
Senegal,-16.93586,14.791005,Thies,Thies,Urea,Subsidized,XOF / 50kg,,,,,8124,9234,,,
Senegal,-16.93586,14.791005,Thies,Thies,NPK 14 6 5,Commercial,XOF / 50kg,,,,30077,,,,,
Senegal,-16.93586,14.791005,Thies,Thies,NPK 9 23 30,Subsidized,XOF / 50kg,,,,,9598,10910,,,
Senegal,-16.93586,14.791005,Thies,Thies,NPK 9 23 30,Commercial,XOF / 50kg,,,,,19434,,18000,18000,
Senegal,-16.263954,12.564155,Ziguinchor,Ziguinchor,NPK 10 10 20,Commercial,XOF / 50kg,15397,15242,19135,,,25000,25000,25000,
Senegal,-16.263954,12.564155,Ziguinchor,Ziguinchor,Urea,Commercial,XOF / 50kg,,15115,17055,20793,,35000,29308,23867,
Senegal,-16.263954,12.564155,Ziguinchor,Ziguinchor,NPK 15 15 15,Commercial,XOF / 50kg,,14698,17736,,,23000,22364,23000,
Senegal,-16.263954,12.564155,Ziguinchor,Ziguinchor,DAP,Commercial,XOF / 50kg,,14828,,,,,,,
Senegal,-16.263954,12.564155,Ziguinchor,Ziguinchor,NPK 6 20 10,Commercial,XOF / 50kg,,,14693,,,,18500,18500,
Senegal,-16.234563,14.656124,Diourbel,Diourbel,NPK 15 10 10,Commercial,XOF / 50kg,7997,7864,,,,,,,
Senegal,-16.234563,14.656124,Diourbel,Diourbel,NPK 6 20 10,Commercial,XOF / 50kg,7774,7734,7624,,,,,,
Senegal,-16.234563,14.656124,Diourbel,Diourbel,Urea,Commercial,XOF / 50kg,,7119,,,,,,,
Senegal,-16.234563,14.656124,Diourbel,Diourbel,DAP,Commercial,XOF / 50kg,,8050,,,,,,,
Senegal,-16.234563,14.656124,Diourbel,Diourbel,NPK 10 10 20,Commercial,XOF / 50kg,,,,,,,25000,25000,25000
Senegal,-13.257691,15.660022,MATAM,MATAM,NPK 10 10 20,Commercial,XOF / 50kg,,19658,19636,20997,,,,,
Senegal,-13.257691,15.660022,MATAM,MATAM,Urea,Commercial,XOF / 50kg,,16883,17478,17018,,,,,
Senegal,-13.257691,15.660022,MATAM,MATAM,DAP,Commercial,XOF / 50kg,,,16627,,,,,,
Senegal,-13.257691,15.660022,MATAM,MATAM,NPK 15 15 15,Commercial,XOF / 50kg,,,17454,,,,,,
Senegal,-13.257691,15.660022,MATAM,MATAM,NPK 6 20 10,Commercial,XOF / 50kg,,,13949,,,,,,
Senegal,-13.257691,15.660022,MATAM,MATAM,NPK 15 10 10,Commercial,XOF / 50kg,,,,19024,,,,,
Senegal,-13.66745,13.768844,Tambacounda,Tambacounda,Urea,Commercial,XOF / 50kg,,,17504,19516,,,17500,17500,
Senegal,-13.66745,13.768844,Tambacounda,Tambacounda,NPK 10 10 20,Commercial,XOF / 50kg,,,17798,20525,,,17500,17500,
Senegal,-13.66745,13.768844,Tambacounda,Tambacounda,NPK 15 15 15,Commercial,XOF / 50kg,,,17798,,,,,,
Senegal,-13.66745,13.768844,Tambacounda,Tambacounda,NPK 6 20 10,Commercial,XOF / 50kg,,,14424,,,,,,
Senegal,-13.66745,13.768844,Tambacounda,Tambacounda,NPK 15 10 10,Commercial,XOF / 50kg,,,,20020,,,,,
Senegal,-13.66745,13.768844,Tambacounda,Tambacounda,NPK 20 20 20,Commercial,XOF / 25 kg,,,,,,,75000,75000,
Senegal,-13.66745,13.768844,Tambacounda,Tambacounda,NPK 20 20 20,Commercial,XOF / 1 kg,,,,,,,,3000,
Senegal,-16.404948,14.333497,FATICK,FATICK,NPK 15 15 15,Commercial,XOF / 50kg,,,,20467,,,,,
Senegal,-16.404948,14.333497,FATICK,FATICK,Urea,Commercial,XOF / 50kg,,,,20958,,,,,
Senegal,-16.404948,14.333497,FATICK,FATICK,NPK 14 16 28,Commercial,XOF / 50kg,,,,25096,,,,,
Senegal,-16.404948,14.333497,FATICK,FATICK,NPK 10 10 20,Commercial,XOF / 50kg,,,,18080,,,,,
Senegal,-16.404948,14.333497,FATICK,FATICK,NPK 15 10 10,Commercial,XOF / 50kg,,,,18015,,,,,
Senegal,-15.541575,14.105202,Kaffrine,Kaffrine,NPK 10 10 20,Commercial,XOF / 50kg,,,,21540,,12250,11500,10700,10000
Senegal,-15.541575,14.105202,Kaffrine,Kaffrine,NPK 14 6 5,Commercial,XOF / 50kg,,,,23550,,,,,
Senegal,-15.541575,14.105202,Kaffrine,Kaffrine,Urea,Commercial,XOF / 50kg,,,,21029,,11214,11219,10500,10000
Senegal,-15.541575,14.105202,Kaffrine,Kaffrine,NPK 15 10 10,Commercial,XOF / 50kg,,,,18014,,12917,13000,10000,9000
Senegal,-15.541575,14.105202,Kaffrine,Kaffrine,NPK 15 15 15,Commercial,XOF / 50kg,,,,21021,,12214,11875,10917,10000
Senegal,-15.541575,14.105202,Kaffrine,Kaffrine,NPK 6 20 10,Commercial,XOF / 50kg,,,,,,11417,11029,9600,9000
Senegal,-12.176387,12.552736,Kedougou,Kedougou,NPK 14 6 5,Commercial,XOF / 50kg,,,,25068,,,,,
Senegal,-12.176387,12.552736,Kedougou,Kedougou,NPK 15 15 15,Commercial,XOF / 50kg,,,,17049,,,,,
Senegal,-12.176387,12.552736,Kedougou,Kedougou,Urea,Commercial,XOF / 50kg,,,,16038,,,,,
Senegal,-14.801689,13.980214,Koungueul,Koungueul,NPK 10 10 20,Commercial,XOF / 50kg,,,,,,12000,12455,11417,11000
Senegal,-14.801689,13.980214,Koungueul,Koungueul,NPK 15 10 10,Commercial,XOF / 50kg,,,,,,12000,11800,11028,10750
Senegal,-14.801689,13.980214,Koungueul,Koungueul,NPK 15 15 15,Commercial,XOF / 50kg,,,,,,12500,12567,11403,10875
Senegal,-14.801689,13.980214,Koungueul,Koungueul,NPK 6 20 10,Commercial,XOF / 50kg,,,,,,11750,11700,11118,10625
Senegal,-14.801689,13.980214,Koungueul,Koungueul,Urea,Commercial,XOF / 50kg,,,,,,13000,12769,11406,11000
Senegal,-14.801689,13.980214,Koungueul,Koungueul,NPK 15 15 15 +13SO3 + 9CaO,Commercial,XOF / 50kg,,,,,,,13000,,
Senegal,-14.801689,13.980214,Koungueul,Koungueul,NPK 15 15 10,Commercial,XOF / 50kg,,,,,,,13000,11625,
Senegal,-14.08271,13.867916,Tamba/Koussanar,Koussanar,NPK 15 10 10,Subsidized,XOF / 50kg,,,,,,7300,7300,,
Senegal,-14.08271,13.867916,Tamba/Koussanar,Koussanar,NPK 15 15 15,Subsidized,XOF / 50kg,,,,,,8425,8425,,
Senegal,-14.08271,13.867916,Tamba/Koussanar,Koussanar,NPK 6 20 10,Subsidized,XOF / 50kg,,,,,,6100,6100,,
Senegal,-14.08271,13.867916,Tamba/Koussanar,Koussanar,Urea,Subsidized,XOF / 50kg,,,,,,7975,7975,,
Senegal,-15.555967,12.705031,Sedhiou,Sedhiou,NPK 10 10 20,Commercial,XOF / 50kg,,,,,,30000,27818,27500,
Senegal,-15.555967,12.705031,Sedhiou,Sedhiou,Urea,Commercial,XOF / 50kg,,,,,,30000,27000,27318,
Senegal,-14.105983,13.1441,VELINGARA,VELINGARA,NPK 15 10 10,Commercial,XOF / 50kg,,,,,,15000,15000,,
Senegal,-14.105983,13.1441,VELINGARA,VELINGARA,NPK 15 10 10,Subsidized,XOF / 50kg,,,,,,7400,7400,,
Senegal,-14.105983,13.1441,VELINGARA,VELINGARA,NPK 15 15 15,Commercial,XOF / 50kg,,,,,,16000,16000,,
Senegal,-14.105983,13.1441,VELINGARA,VELINGARA,NPK 15 15 15,Subsidized,XOF / 50kg,,,,,,7975,7975,,
Senegal,-14.105983,13.1441,VELINGARA,VELINGARA,NPK 6 20 10,Commercial,XOF / 50kg,,,,,,12500,12500,,
Senegal,-14.105983,13.1441,VELINGARA,VELINGARA,NPK 6 20 10,Subsidized,XOF / 50kg,,,,,,6100,6100,,
Senegal,-14.105983,13.1441,VELINGARA,VELINGARA,Urea,Commercial,XOF / 50kg,,,,,,16000,16000,,
Senegal,-14.105983,13.1441,VELINGARA,VELINGARA,Urea,Subsidized,XOF / 50kg,,,,,,8000,8000,,
Senegal,-13.605694,13.496415,GUINGUENEO,GUINGUENEO,NPK 15 15 15,Subsidized,XOF / 50kg,,,,,,11750,,,
Senegal,-13.605694,13.496415,GUINGUENEO,GUINGUENEO,NPK 15 15 15,Commercial,XOF / 50kg,,,,,,11500,11083,,
Senegal,-13.605694,13.496415,GUINGUENEO,GUINGUENEO,NPK 6 20 10,Subsidized,XOF / 50kg,,,,,,10750,10000,,
Senegal,-13.605694,13.496415,GUINGUENEO,GUINGUENEO,NPK 6 20 10,Commercial,XOF / 50kg,,,,,,10500,10250,,
Senegal,-13.605694,13.496415,GUINGUENEO,GUINGUENEO,Urea,Subsidized,XOF / 50kg,,,,,,8500,8500,,
Senegal,-13.605694,13.496415,GUINGUENEO,GUINGUENEO,Urea,Commercial,XOF / 50kg,,,,,,,9875,,
Senegal,-13.605694,13.496415,Guinguno 2,GUINGUENEO,NPK 15 15 15,Commercial,XOF / 50kg,,,,,,11500,11500,,
Senegal,-13.605694,13.496415,Guinguno 2,GUINGUENEO,NPK 6 20 10,Commercial,XOF / 50kg,,,,,,11000,11000,,
Senegal,-13.605694,13.496415,Guinguno 2,GUINGUENEO,Urea,Subsidized,XOF / 50kg,,,,,,8500,8500,,
Senegal,-13.605694,13.496415,Guinguno 2,GUINGUENEO,Urea,Commercial,XOF / 50kg,,,,,,,8500,,
Senegal,-14.562614,13.977936,Koumpentoum,Koumpentoum,NPK 15 10 10,Subsidized,XOF / 50kg,,,,,,,7300,,
Senegal,-14.562614,13.977936,Koumpentoum,Koumpentoum,NPK 6 20 10,Subsidized,XOF / 50kg,,,,,,,6100,,
Senegal,-14.562614,13.977936,Koumpentoum,Koumpentoum,NPK 15 15 15,Subsidized,XOF / 50kg,,,,,,,7500,,
Senegal,-14.08271,13.867916,KOUSSANAR,KOUSSANAR,NPK 15 10 10,Subsidized,XOF / 50kg,,,,,,,7300,7300,
Senegal,-14.08271,13.867916,KOUSSANAR,KOUSSANAR,NPK 15 15 15,Subsidized,XOF / 50kg,,,,,,,7500,8117,
Senegal,-14.08271,13.867916,KOUSSANAR,KOUSSANAR,NPK 6 20 10,Subsidized,XOF / 50kg,,,,,,,6100,6100,
Senegal,-16.263954,12.564155,Ziguinchor,ZIGUINCHOR,NPK 10 10 20,Commercial,XOF / 50kg,,,,,,,,25000,25000
Senegal,-16.263954,12.564155,Ziguinchor,ZIGUINCHOR,NPK 15 15 15,Commercial,XOF / 50kg,,,,,,,,23000,23000
Senegal,-16.263954,12.564155,Ziguinchor,ZIGUINCHOR,Urea,Commercial,XOF / 50kg,,,,,,,,25071,24250
Senegal,-16.263954,12.564155,Ziguinchor,ZIGUINCHOR,NPK 6 20 10,Commercial,XOF / 50kg,,,,,,,,18500,18500
Senegal,-14.954383,12.896861,Kolda,Kolda,NPK 10 10 20,Commercial,XOF / 50kg,,,,,,,,25000,25000
Senegal,-14.954383,12.896861,Kolda,Kolda,Urea,Commercial,XOF / 50kg,,,,,,,,25000,25000
Senegal,-13.66745,13.768844,Tambacounda,Tambacounda,NPK 10 10 20,Commercial,XOF / 50kg,,,,,,,,17500,17500
Senegal,-13.66745,13.768844,Tambacounda,Tambacounda,Urea,Commercial,XOF / 50kg,,,,,,,,17500,17500
Senegal,-15.555795,12.705104,SEDHIOU,SEDHIOU,NPK 10 10 20,Commercial,XOF / 50kg,,,,,,,,27500,27500
Senegal,-15.555795,12.705104,SEDHIOU,SEDHIOU,Urea,Commercial,XOF / 50kg,,,,,,,,27500,27500
