Country,longitude,latitude,Town,Town-District,Fertilizer,Type,Unit,avg_2010,avg_2011,avg_2012,avg_2013,avg_2014,avg_2015,avg_2016,avg_2017,avg_2018
Togo,1.1305049,7.5286908,ATAKPAME,ATAKPAME,NPK 12 12 17 + 2MgO,Commercial,XOF / 50kg,,15246,,,,,,,
Togo,1.1305049,7.5286908,ATAKPAME,ATAKPAME,NPK 15 15 15,Commercial,XOF / 50kg,,17500,15907,,16942,,13710,13720,
Togo,1.1305049,7.5286908,ATAKPAME,ATAKPAME,NPK 15 15 15,Subsidized,XOF / 50kg,,,,,11032,12540,10700,10700,
Togo,1.1305049,7.5286908,ATAKPAME,ATAKPAME,Urea,Commercial,XOF / 50kg,,21713,21779,,18437,,13710,13720,
Togo,1.1305049,7.5286908,ATAKPAME,ATAKPAME,Urea,Subsidized,XOF / 50kg,,,,,11032,12540,10700,10700,
Togo,1.1305049,7.5286908,ATAKPAME,ATAKPAME,NPK 10 20 20,Subsidized,XOF / 50kg,,,,,12536,14250,,,
Togo,1.1305049,7.5286908,ATAKPAME,ATAKPAME,NPK 20 10 10,Subsidized,XOF / 50kg,,,,,12536,14250,,,
Togo,1.1305049,7.5286908,ATAKPAME,ATAKPAME,NPK 20 10 10,Commercial,XOF / 50kg,,,,,17939,,,,
Togo,0.824782,8.619543,CINKASSE,,NPK 12 12 17 + 2MgO,Commercial,XOF / 50kg,,15739,,,,,,,
Togo,0.824782,8.619543,CINKASSE,,NPK 15 15 15,Commercial,XOF / 50kg,,18791,15923,,,,,,
Togo,0.824782,8.619543,CINKASSE,,Urea,Commercial,XOF / 50kg,,22157,19295,,,,,,
Togo,0.200102,10.866102,DAPAONG,DAPAONG,NPK 12 12 17 + 2MgO,Commercial,XOF / 50kg,,15739,,,,,,,
Togo,0.200102,10.866102,DAPAONG,DAPAONG,NPK 15 15 15,Commercial,XOF / 50kg,,17837,16005,,17440,,13710,13720,
Togo,0.200102,10.866102,DAPAONG,DAPAONG,NPK 15 15 15,Subsidized,XOF / 50kg,,,,,11032,12540,10700,10700,
Togo,0.200102,10.866102,DAPAONG,DAPAONG,Urea,Commercial,XOF / 50kg,,21704,20811,,18935,,13710,13720,
Togo,0.200102,10.866102,DAPAONG,DAPAONG,Urea,Subsidized,XOF / 50kg,,,,,11032,12540,10700,10700,
Togo,0.200102,10.866102,DAPAONG,DAPAONG,NPK 10 20 20,Subsidized,XOF / 50kg,,,,,12536,14250,,,
Togo,0.200102,10.866102,DAPAONG,DAPAONG,NPK 20 10 10,Subsidized,XOF / 50kg,,,,,12536,14250,,,
Togo,0.200102,10.866102,DAPAONG,DAPAONG,NPK 20 10 10,Commercial,XOF / 50kg,,,,,17939,,,,
Togo,1.223405,6.132486,Lome,Lome,NPK 12 12 17 + 2MgO,Commercial,XOF / 50kg,,19069,,,,,,,
Togo,1.223405,6.132486,Lome,Lome,NPK 15 15 15,Commercial,XOF / 50kg,,19824,16342,,16942,,13825,13879,
Togo,1.223405,6.132486,Lome,Lome,NPK 15 15 15,Subsidized,XOF / 50kg,,,,,11032,12540,10766,10700,
Togo,1.223405,6.132486,Lome,Lome,Urea,Commercial,XOF / 50kg,,18243,17907,,17939,,12997,13708,
Togo,1.223405,6.132486,Lome,Lome,Urea,Subsidized,XOF / 50kg,,,,,11032,12540,10760,10700,
Togo,1.223405,6.132486,Lome,Lome,NPK 10 20 20,Subsidized,XOF / 50kg,,,,,12536,14250,,,
Togo,1.223405,6.132486,Lome,Lome,NPK 10 20 20,Commercial,XOF / 50kg,,,,,17939,,,,
Togo,1.223405,6.132486,Lome,Lome,NPK 20 10 10,Subsidized,XOF / 50kg,,,,,12536,14250,,,
Togo,1.223405,6.132486,Lome,Lome,NPK 20 10 10,Commercial,XOF / 50kg,,,,,16942,,,,
Togo,1.144898,8.977976,SOKODE,SOKODE,NPK 15 15 15,Commercial,XOF / 50kg,,16677,19940,,17440,,13710,13720,
Togo,1.144898,8.977976,SOKODE,SOKODE,NPK 15 15 15,Subsidized,XOF / 50kg,,,,,11032,12540,10700,10700,
Togo,1.144898,8.977976,SOKODE,SOKODE,Urea,Commercial,XOF / 50kg,,17257,17429,,18935,,13710,13720,
Togo,1.144898,8.977976,SOKODE,SOKODE,Urea,Subsidized,XOF / 50kg,,,,,11032,12540,10700,10700,
Togo,1.144898,8.977976,SOKODE,SOKODE,NPK 10 20 20,Subsidized,XOF / 50kg,,,,,12536,14250,,,
Togo,1.144898,8.977976,SOKODE,SOKODE,NPK 10 20 20,Commercial,XOF / 50kg,,,,,17939,,,,
Togo,1.144898,8.977976,SOKODE,SOKODE,NPK 20 10 10,Subsidized,XOF / 50kg,,,,,12536,14250,,,
Togo,1.144898,8.977976,SOKODE,SOKODE,NPK 20 10 10,Commercial,XOF / 50kg,,,,,16942,,,,
Togo,1.190275,9.548558,KARA,KARA,Urea,Commercial,XOF / 50kg,,,16752,,,,13710,13720,
Togo,1.190275,9.548558,KARA,KARA,Urea,Subsidized,XOF / 50kg,,,,,,,10700,10700,
Togo,1.190275,9.548558,KARA,KARA,NPK 15 15 15,Commercial,XOF / 50kg,,,19940,,,,13710,13720,
Togo,1.190275,9.548558,KARA,KARA,NPK 15 15 15,Subsidized,XOF / 50kg,,,,,,,10700,10700,
Togo,1.168898,6.946322,Nortse,Notse,NPK 15 15 15,Commercial,XOF / 50kg,,,,,,,,13700,
Togo,1.168898,6.946322,Nortse,Notse,NPK 15 15 15,Subsidized,XOF / 50kg,,,,,,,,10700,
Togo,1.168898,6.946322,Nortse,Notse,Urea,Commercial,XOF / 50kg,,,,,,,,13000,
Togo,1.168898,6.946322,Nortse,Notse,Urea,Subsidized,XOF / 50kg,,,,,,,,10700,
