Country,longitude,latitude,Town,Town-District,Fertilizer,Type,Unit,avg_2010,avg_2011,avg_2012,avg_2013,avg_2014,avg_2015,avg_2016,avg_2017,avg_2018
Tanzania,39.2083284,-6.792354,Dar es Salaam,Dar es Salaam,CAN,Commercial,TZS / 50kg,35606,51431,62190,67029,45953,,,,
Tanzania,39.2083284,-6.792354,Dar es Salaam,Dar es Salaam,NPK 20 10 10,Commercial,TZS / 50kg,48598,63090,82439,71402,60245,,,,
Tanzania,39.2083284,-6.792354,Dar es Salaam,Dar es Salaam,Urea,Commercial,TZS / 50kg,33869,54893,74967,68901,49944,,50000,,52606
Tanzania,39.2083284,-6.792354,Dar es Salaam,Dar es Salaam,Urea,Subsidized,TZS / 50kg,,,,,,,,,47142
Tanzania,39.2083284,-6.792354,Dar es Salaam,Dar es Salaam,DAP,Commercial,TZS / 50kg,57530,80973,99963,86449,69932,,43000,49162,
Tanzania,39.2083284,-6.792354,Dar es Salaam,Dar es Salaam,DAP,Subsidized,TZS / 50kg,,,,,,,,49162,
Tanzania,39.2083284,-6.792354,Dar es Salaam,Dar es Salaam,NPK 17 17 17,Commercial,TZS / 50kg,45063,62178,77481,74856,74935,,65000,,
Tanzania,39.2083284,-6.792354,Dar es Salaam,Dar es Salaam,MOP,Commercial,TZS / 50kg,,,,35062,,,,,
Tanzania,39.2083284,-6.792354,Dar es Salaam,Dar es Salaam,Ammonium sulphate,Commercial,TZS / 50kg,,,,,,,75000,,
Tanzania,35.5657862,-7.7887442,Iringa Rural,,CAN,Commercial,TZS / 50kg,29172,44456,,,,55000,48000,,
Tanzania,35.5657862,-7.7887442,Iringa Rural,,CAN,Commercial,TZS / 25 kg,,,,,,,24000,,
Tanzania,35.5657862,-7.7887442,Iringa Rural,,DAP,Commercial,TZS / 50kg,53400,68451,,,,,62500,,
Tanzania,35.5657862,-7.7887442,Iringa Rural,,MOP,Commercial,TZS / 50kg,28190,,,,,,,,
Tanzania,35.5657862,-7.7887442,Iringa Rural,,Urea,Commercial,TZS / 50kg,35424,45448,,,,55000,,,
Tanzania,35.5657862,-7.7887442,Iringa Rural,,Urea,Commercial,TZS / 25 kg,,,,,,,25000,,
Tanzania,35.5657862,-7.7887442,Iringa Rural,,NPK 17 17 17,Commercial,TZS / 50kg,,74076,,,,,74000,,
Tanzania,35.5657862,-7.7887442,Iringa Rural,,NPK 17 17 17,Commercial,TZS / 25 kg,,,,,,,36000,,
Tanzania,35.5657862,-7.7887442,Iringa Rural,,NPK 20 10 10,Commercial,TZS / 50kg,,74076,,,,,,,
Tanzania,37.661493,-6.816536,Morogoro,Morogoro,CAN,Commercial,TZS / 50kg,35930,54544,68742,49271,49739,44835,,42000,42800
Tanzania,37.661493,-6.816536,Morogoro,Morogoro,CAN,Subsidized,TZS / 50kg,,,,,,,,42000,
Tanzania,37.661493,-6.816536,Morogoro,Morogoro,DAP,Commercial,TZS / 50kg,57111,77509,93088,73816,74278,,,51043,54000
Tanzania,37.661493,-6.816536,Morogoro,Morogoro,DAP,Subsidized,TZS / 50kg,,,,,,,,51043,54688
Tanzania,37.661493,-6.816536,Morogoro,Morogoro,NPK 20 10 10,Commercial,TZS / 50kg,53435,53584,89802,,,,,,
Tanzania,37.661493,-6.816536,Morogoro,Morogoro,Urea,Commercial,TZS / 50kg,37059,48481,79351,61698,56745,,,38464,51400
Tanzania,37.661493,-6.816536,Morogoro,Morogoro,Urea,Subsidized,TZS / 50kg,,,,,,,,38464,48194
Tanzania,37.661493,-6.816536,Morogoro,Morogoro,NPK 17 17 17,Commercial,TZS / 50kg,54521,67601,69967,66283,61564,49817,,,
Tanzania,37.661493,-6.816536,Morogoro,Morogoro,MOP,Commercial,TZS / 50kg,,46018,,,,,,,
Tanzania,37.661493,-6.816536,Morogoro,Morogoro,Ammonium sulphate,Commercial,TZS / 50kg,,38864,,,,,,33000,33800
Tanzania,37.661493,-6.816536,Morogoro,Morogoro,Ammonium sulphate,Subsidized,TZS / 50kg,,,,,,,,33000,
Tanzania,37.661493,-6.816536,Morogoro,Morogoro,NPK 15 9 20,Commercial,TZS / 50kg,,,,,,,,30000,56333
Tanzania,37.661493,-6.816536,Morogoro,Morogoro,NPK 15 9 20,Subsidized,TZS / 50kg,,,,,,,,30000,
Tanzania,33.800019,-1.500152,Musoma,Musoma,CAN,Commercial,TZS / 50kg,40922,67725,74845,75018,,,1800,,
Tanzania,33.800019,-1.500152,Musoma,Musoma,DAP,Commercial,TZS / 50kg,65811,73287,74845,76223,,,1800,,
Tanzania,33.800019,-1.500152,Musoma,Musoma,Urea,Commercial,TZS / 50kg,39944,62266,82323,75018,,,1800,,
Tanzania,33.800019,-1.500152,Musoma,Musoma,NPK 17 17 17,Commercial,TZS / 50kg,69912,71572,79846,100351,,,,,
Tanzania,33.800019,-1.500152,Musoma,Musoma,NPK 20 10 10,Commercial,TZS / 50kg,,76591,74804,,,,,,
Tanzania,33.800019,-1.500152,Musoma,Musoma,Phosphate rock,Commercial,TZS / 50kg,,,74804,,,,,,
Tanzania,37.565349,-3.002242,Tarakea Rombo,Tarakea Rombo,CAN,Commercial,TZS / 50kg,32047,44793,49044,47686,,,47000,,
Tanzania,37.565349,-3.002242,Tarakea Rombo,Tarakea Rombo,CAN,Commercial,TZS / 25 kg,,,,,,,23000,,
Tanzania,37.565349,-3.002242,Tarakea Rombo,Tarakea Rombo,DAP,Commercial,TZS / 50kg,48597,70301,73794,71355,,,72000,,57200
Tanzania,37.565349,-3.002242,Tarakea Rombo,Tarakea Rombo,DAP,Commercial,TZS / 25 kg,,,,,,,35000,,
Tanzania,37.565349,-3.002242,Tarakea Rombo,Tarakea Rombo,DAP,Subsidized,TZS / 50kg,,,,,,,,,56725
Tanzania,37.565349,-3.002242,Tarakea Rombo,Tarakea Rombo,Urea,Commercial,TZS / 50kg,32047,55452,64231,60350,,,46250,,54000
Tanzania,37.565349,-3.002242,Tarakea Rombo,Tarakea Rombo,Urea,Subsidized,TZS / 50kg,,,,,,,,,53967
Tanzania,37.565349,-3.002242,Tarakea Rombo,Tarakea Rombo,NPK 20 10 10,Commercial,TZS / 50kg,,55465,,,,,,,
Tanzania,37.565349,-3.002242,Tarakea Rombo,Tarakea Rombo,NPK 23 10 5 + 3S + 2MgO + 0.3Zn,Commercial,TZS / 50kg,,,,,,,66000,,
Tanzania,37.565349,-3.002242,Tarakea Rombo,Tarakea Rombo,NPK 17 17 17,Commercial,TZS / 50kg,,,,,,,,,60500
Tanzania,36.694023,-3.372658,Arusha,Arusha,DAP,Commercial,TZS / 50kg,54504,84005,99977,100732,,,,,58000
Tanzania,36.694023,-3.372658,Arusha,Arusha,DAP,Subsidized,TZS / 50kg,,,,,,,,,56643
Tanzania,36.694023,-3.372658,Arusha,Arusha,Urea,Commercial,TZS / 50kg,36714,55387,76256,75542,,55000,55000,,55000
Tanzania,36.694023,-3.372658,Arusha,Arusha,Urea,Subsidized,TZS / 50kg,,,,,,,,,50562
Tanzania,36.694023,-3.372658,Arusha,Arusha,Ammonium sulphate,Commercial,TZS / 50kg,30163,37645,,,,,,40000,42000
Tanzania,36.694023,-3.372658,Arusha,Arusha,Ammonium sulphate,Subsidized,TZS / 50kg,,,,,,,,40000,
Tanzania,36.694023,-3.372658,Arusha,Arusha,CAN,Commercial,TZS / 50kg,34035,49067,74980,75542,,,,60000,50000
Tanzania,36.694023,-3.372658,Arusha,Arusha,CAN,Subsidized,TZS / 50kg,,,,,,,,60000,
Tanzania,36.694023,-3.372658,Arusha,Arusha,MOP,Commercial,TZS / 50kg,22935,,,,,,,,
Tanzania,36.694023,-3.372658,Arusha,Arusha,NPK 20 10 10,Commercial,TZS / 50kg,43815,83264,,,,,,,
Tanzania,36.694023,-3.372658,Arusha,Arusha,NPK 17 17 17,Commercial,TZS / 50kg,43704,73113,,,,,,,
Tanzania,37.470878,-3.392578,Moshi Rural,Uchira,DAP,Commercial,TZS / 50kg,49189,65182,,,,72500,72250,,56726
Tanzania,37.470878,-3.392578,Moshi Rural,Uchira,DAP,Commercial,TZS / 25 kg,,,,,,,53750,,
Tanzania,37.470878,-3.392578,Moshi Rural,Uchira,DAP,Subsidized,TZS / 50kg,,,,,,,,,55357
Tanzania,37.470878,-3.392578,Moshi Rural,Uchira,Urea,Commercial,TZS / 50kg,32761,43199,,,,53500,48667,,
Tanzania,37.470878,-3.392578,Moshi Rural,Uchira,Urea,Commercial,TZS / 25 kg,,,,,,,30000,,
Tanzania,37.470878,-3.392578,Moshi Rural,Uchira,CAN,Commercial,TZS / 50kg,31703,39008,,,,,51333,,45583
Tanzania,37.470878,-3.392578,Moshi Rural,Uchira,CAN,Commercial,TZS / 25 kg,,,,,,,38750,,
Tanzania,37.470878,-3.392578,Moshi Rural,Uchira,Ammonium sulphate,Commercial,TZS / 50kg,27886,35885,,,,40500,47000,,
Tanzania,37.470878,-3.392578,Moshi Rural,Uchira,Ammonium sulphate,Commercial,TZS / 25 kg,,,,,,,27000,,
Tanzania,37.470878,-3.392578,Moshi Rural,Uchira,NPK 20 10 10,Commercial,TZS / 50kg,42607,50709,,,,,,,
Tanzania,37.470878,-3.392578,Moshi Rural,Uchira,NPK 25 5 5 + 5S,Commercial,TZS / 50kg,31784,,,,,,,,
Tanzania,37.470878,-3.392578,Moshi Rural,Uchira,Phosphate rock,Commercial,TZS / 50kg,21534,,,,,,,,
Tanzania,37.470878,-3.392578,Moshi Rural,Uchira,TSP,Commercial,TZS / 50kg,47107,,,,,,,,
Tanzania,37.470878,-3.392578,Moshi Rural,Uchira,NPK 17 17 17,Commercial,TZS / 50kg,,,,,,51000,59333,,59333
Tanzania,37.470878,-3.392578,Moshi Rural,Uchira,NPK 17 17 17,Commercial,TZS / 25 kg,,,,,,,68000,,
Tanzania,37.470878,-3.392578,Moshi Rural,Uchira,Ammonium nitrate,Commercial,TZS / 50kg,,,,,,,38000,,
Tanzania,34.025154,-8.856616,Chimala,Chimala,CAN,Commercial,TZS / 50kg,35076,59711,49388,48512,41334,,40000,,
Tanzania,34.025154,-8.856616,Chimala,Chimala,DAP,Commercial,TZS / 50kg,48778,95693,93745,77744,69863,,73000,,
Tanzania,34.025154,-8.856616,Chimala,Chimala,Urea,Commercial,TZS / 50kg,31187,61762,57500,58591,51458,,49000,,
Tanzania,34.025154,-8.856616,Chimala,Chimala,Ammonium sulphate,Commercial,TZS / 50kg,,44820,,,,,33000,,
Tanzania,34.025154,-8.856616,Chimala,Chimala,NPK 20 10 10,Commercial,TZS / 50kg,,84034,87496,70504,,,,,
Tanzania,34.025154,-8.856616,Chimala,Chimala,MOP,Commercial,TZS / 50kg,,61057,,35062,,,,,
Tanzania,34.025154,-8.856616,Chimala,Chimala,Phosphate rock,Commercial,TZS / 50kg,,,,,35945,,,,
Tanzania,34.025154,-8.856616,Chimala,Chimala,NPK 17 17 17,Commercial,TZS / 50kg,,,,,70312,,,,
Tanzania,32.901387,-2.514888,Mwanza,Mwanza,CAN,Commercial,TZS / 50kg,50921,50033,,,,,,,47000
Tanzania,32.901387,-2.514888,Mwanza,Mwanza,NPK 20 10 10,Commercial,TZS / 50kg,66908,70031,,,,,,,
Tanzania,32.901387,-2.514888,Mwanza,Mwanza,Urea,Commercial,TZS / 50kg,48511,50033,,,,,,,55641
Tanzania,32.901387,-2.514888,Mwanza,Mwanza,Urea,Subsidized,TZS / 50kg,,,,,,,,,53461
Tanzania,32.901387,-2.514888,Mwanza,Mwanza,TSP,Commercial,TZS / 50kg,48551,50033,,,,,,,
Tanzania,32.901387,-2.514888,Mwanza,Mwanza,DAP,Commercial,TZS / 50kg,53358,,,,,,,,58316
Tanzania,32.901387,-2.514888,Mwanza,Mwanza,DAP,Subsidized,TZS / 50kg,,,,,,,,,59316
Tanzania,33.874593,-2.01862,Bunda,Bunda,CAN,Commercial,TZS / 50kg,48637,83642,,74951,60427,,,,
Tanzania,33.874593,-2.01862,Bunda,Bunda,DAP,Commercial,TZS / 50kg,53493,83642,97902,78779,87179,,,,
Tanzania,33.874593,-2.01862,Bunda,Bunda,Urea,Commercial,TZS / 50kg,48637,65860,94895,75026,72114,,,,
Tanzania,32.3107517,-8.9662272,Mbozi,,CAN,Commercial,TZS / 50kg,35952,50931,,,44729,44835,46500,,
Tanzania,32.3107517,-8.9662272,Mbozi,,CAN,Commercial,TZS / 25 kg,,,,,,,25000,,
Tanzania,32.3107517,-8.9662272,Mbozi,,Urea,Commercial,TZS / 50kg,37403,48399,,,46717,46828,54667,,
Tanzania,32.3107517,-8.9662272,Mbozi,,Urea,Commercial,TZS / 25 kg,,,,,,,27000,,
Tanzania,32.3107517,-8.9662272,Mbozi,,Urea,Commercial,TZS / 5 kg,,,,,,,7500,,
Tanzania,32.3107517,-8.9662272,Mbozi,,DAP,Commercial,TZS / 50kg,60316,69691,,,59639,59780,68429,,
Tanzania,32.3107517,-8.9662272,Mbozi,,DAP,Commercial,TZS / 25 kg,,,,,,,34000,,
Tanzania,32.3107517,-8.9662272,Mbozi,,DAP,Commercial,TZS / 5 kg,,,,,,,8000,,
Tanzania,32.3107517,-8.9662272,Mbozi,,Ammonium sulphate,Commercial,TZS / 50kg,,37896,,,,,46750,,
Tanzania,32.3107517,-8.9662272,Mbozi,,Ammonium sulphate,Commercial,TZS / 25 kg,,,,,,,31333,,
Tanzania,32.3107517,-8.9662272,Mbozi,,Ammonium sulphate,Commercial,TZS / 5 kg,,,,,,,6000,,
Tanzania,32.3107517,-8.9662272,Mbozi,,NPK 20 10 10,Commercial,TZS / 50kg,,59960,,,59639,59780,,,
Tanzania,32.3107517,-8.9662272,Mbozi,,NPK 22 6 12 + 3S + 1MgO + 2CaO + TE,Commercial,TZS / 50kg,,,,,,,69250,,
Tanzania,32.3107517,-8.9662272,Mbozi,,NPK 22 6 12 + 3S + 1MgO + 2CaO + TE,Commercial,TZS / 25 kg,,,,,,,53500,,
Tanzania,32.3107517,-8.9662272,Mbozi,,NPK 22 6 12 + 3S + 1MgO + 2CaO + TE,Commercial,TZS / 5 kg,,,,,,,8000,,
Tanzania,32.3107517,-8.9662272,Mbozi,,NPK 23 10 5 + 3S + 2MgO + 0.3Zn,Commercial,TZS / 50kg,,,,,,,69333,,
Tanzania,32.3107517,-8.9662272,Mbozi,,NPK 23 10 5 + 3S + 2MgO + 0.3Zn,Commercial,TZS / 25 kg,,,,,,,33000,,
Tanzania,32.3107517,-8.9662272,Mbozi,,NPK 23 10 5 + 3S + 2MgO + 0.3Zn,Commercial,TZS / 5 kg,,,,,,,7500,,
Tanzania,32.3107517,-8.9662272,Mbozi,,NPK 17 17 17,Commercial,TZS / 50kg,,,,,,,62000,,
Tanzania,32.3107517,-8.9662272,Mbozi,,NPK 5 7.5 5 + 5S + 5MgO + TE,Commercial,TZS / 1 litre,,,,,,,14000,,
Tanzania,32.3107517,-8.9662272,Mbozi,,NPK 5 7.5 5 + 5S + 5MgO + TE,Commercial,TZS / 10 kg,,,,,,,16000,,
Tanzania,32.3107517,-8.9662272,Mbozi,,NPK 15 9 20 + 4S + 2MgO + TE,Commercial,TZS / 50kg,,,,,,,70000,,
Tanzania,32.3107517,-8.9662272,Mbozi,,NPK 15 9 20 + 4S + 2MgO + TE,Commercial,TZS / 25 kg,,,,,,,36000,,
Tanzania,32.3107517,-8.9662272,Mbozi,,NPK 15 9 20 + 4S + 2MgO + TE,Commercial,TZS / 5 kg,,,,,,,8500,,
Tanzania,34.766688,-9.333318,Njombe,Njombe,Ammonium sulphate,Commercial,TZS / 50kg,,37896,,,,,,41500,37250
Tanzania,34.766688,-9.333318,Njombe,Njombe,Ammonium sulphate,Subsidized,TZS / 50kg,,,,,,,,31000,
Tanzania,34.766688,-9.333318,Njombe,Njombe,CAN,Commercial,TZS / 50kg,,50547,,,,,,40000,46667
Tanzania,34.766688,-9.333318,Njombe,Njombe,CAN,Subsidized,TZS / 50kg,,,,,,,,40000,
Tanzania,34.766688,-9.333318,Njombe,Njombe,DAP,Commercial,TZS / 50kg,,79616,,,,,,53000,57804
Tanzania,34.766688,-9.333318,Njombe,Njombe,DAP,Subsidized,TZS / 50kg,,,,,,,,53000,57901
Tanzania,34.766688,-9.333318,Njombe,Njombe,Urea,Commercial,TZS / 50kg,,52180,,,,,,40500,54508
Tanzania,34.766688,-9.333318,Njombe,Njombe,Urea,Subsidized,TZS / 50kg,,,,,,,,40500,51319
Tanzania,34.766688,-9.333318,Njombe,Njombe,NPK 23 10 5 + 3S + 2MgO + 0.3Zn,Commercial,TZS / 50kg,,,,,,,,58000,
Tanzania,34.766688,-9.333318,Njombe,Njombe,NPK 17 17 17,Commercial,TZS / 50kg,,,,,,,,,66500
Tanzania,34.380937,-8.706782,Rujewa,Rujewa,Ammonium sulphate,Commercial,TZS / 50kg,,37896,,,,,,,
Tanzania,34.380937,-8.706782,Rujewa,Rujewa,CAN,Commercial,TZS / 50kg,,54843,74958,64103,,,,,
Tanzania,34.380937,-8.706782,Rujewa,Rujewa,DAP,Commercial,TZS / 50kg,,72313,93983,85913,,,,,
Tanzania,34.380937,-8.706782,Rujewa,Rujewa,Urea,Commercial,TZS / 50kg,,61674,,53057,,,,,
Tanzania,34.380937,-8.706782,Rujewa,Rujewa,NPK 17 17 17,Commercial,TZS / 50kg,,75079,74958,76039,,,,,
Tanzania,34.380937,-8.706782,Rujewa,Rujewa,NPK 20 10 10,Commercial,TZS / 50kg,,75079,74958,75542,,,,,
Tanzania,34.380937,-8.706782,Rujewa,Rujewa,NPK 25 5 5 + 5S,Commercial,TZS / 50kg,,,,55064,,,,,
Tanzania,35.642366,-10.646216,Songea,Songea,Ammonium sulphate,Commercial,TZS / 50kg,,30059,,,,,36429,,38800
Tanzania,35.642366,-10.646216,Songea,Songea,Ammonium sulphate,Commercial,TZS / 25 kg,,,,,,,18500,,
Tanzania,35.642366,-10.646216,Songea,Songea,CAN,Commercial,TZS / 50kg,,38070,,,44507,,46200,42000,47600
Tanzania,35.642366,-10.646216,Songea,Songea,CAN,Commercial,TZS / 25 kg,,,,,,,24500,,
Tanzania,35.642366,-10.646216,Songea,Songea,DAP,Commercial,TZS / 50kg,,65060,,,80639,,67500,54000,57000
Tanzania,35.642366,-10.646216,Songea,Songea,DAP,Commercial,TZS / 25 kg,,,,,,,36500,,
Tanzania,35.642366,-10.646216,Songea,Songea,DAP,Commercial,TZS / 5 kg,,,,,,,8000,,
Tanzania,35.642366,-10.646216,Songea,Songea,DAP,Subsidized,TZS / 50kg,,,,,,,,,58932
Tanzania,35.642366,-10.646216,Songea,Songea,Urea,Commercial,TZS / 50kg,,40054,,,47892,,48333,45500,54000
Tanzania,35.642366,-10.646216,Songea,Songea,Urea,Commercial,TZS / 25 kg,,,,,,,24000,,
Tanzania,35.642366,-10.646216,Songea,Songea,Urea,Subsidized,TZS / 50kg,,,,,,,,,55932
Tanzania,35.642366,-10.646216,Songea,Songea,Phosphate rock,Commercial,TZS / 50kg,,,,,29932,,,,
Tanzania,35.642366,-10.646216,Songea,Songea,NPK 17 17 17,Commercial,TZS / 50kg,,,,,,,56500,,
Tanzania,35.642366,-10.646216,Songea,Songea,NPK 17 17 17,Commercial,TZS / 25 kg,,,,,,,11250,,
Tanzania,35.642366,-10.646216,Songea,Songea,NPK 15 9 20 + 4S + 2MgO + TE,Commercial,TZS / 25 kg,,,,,,,37500,,
Tanzania,35.642366,-10.646216,Songea,Songea,NPK 23 10 5 + 3S + 2MgO + 0.3Zn,Commercial,TZS / 50kg,,,,,,,70000,,
Tanzania,37.3699163,-3.4704552,Siha,,DAP,Commercial,TZS / 50kg,,73113,79641,75542,,78000,65167,,57550
Tanzania,37.3699163,-3.4704552,Siha,,Urea,Commercial,TZS / 50kg,,53600,72478,75542,,55000,55000,,53800
Tanzania,37.3699163,-3.4704552,Siha,,Phosphate rock,Commercial,TZS / 50kg,,,44942,,,,,,
Tanzania,37.3699163,-3.4704552,Siha,,Ammonium sulphate,Commercial,TZS / 50kg,,,,,,45000,49800,,
Tanzania,37.3699163,-3.4704552,Siha,,NPK 23 10 5 + 3S + 2MgO + 0.3Zn,Commercial,TZS / 50kg,,,,,,,79333,,
Tanzania,37.3699163,-3.4704552,Siha,,Minjingu rock phosphate,Commercial,TZS / 50kg,,,,,,,,,50000
Tanzania,37.3699163,-3.4704552,Siha,,CAN,Commercial,TZS / 50kg,,,,,,,,,43500
Tanzania,32.937921,-9.110307,Vwawa,Vwawa,CAN,Commercial,TZS / 50kg,,,52033,53498,44908,,,,
Tanzania,32.937921,-9.110307,Vwawa,Vwawa,DAP,Commercial,TZS / 50kg,,,75035,72580,62367,,,,
Tanzania,32.937921,-9.110307,Vwawa,Vwawa,NPK 20 10 10,Commercial,TZS / 50kg,,,64012,65064,,,,,
Tanzania,32.937921,-9.110307,Vwawa,Vwawa,Urea,Commercial,TZS / 50kg,,,66341,62594,47389,,,,
Tanzania,33.191639,-9.403939,Itumba mlale,,CAN,Commercial,TZS / 50kg,,,,50962,46770,,,,
Tanzania,33.191639,-9.403939,Itumba mlale,,DAP,Commercial,TZS / 50kg,,,,72113,69724,,,,
Tanzania,33.191639,-9.403939,Itumba mlale,,MOP,Commercial,TZS / 50kg,,,,36018,,,,,
Tanzania,33.191639,-9.403939,Itumba mlale,,NPK 25 5 5 + 5S,Commercial,TZS / 50kg,,,,74109,,,,,
Tanzania,33.191639,-9.403939,Itumba mlale,,Urea,Commercial,TZS / 50kg,,,,56432,49944,,,,
Tanzania,33.191639,-9.403939,Itumba mlale,,Phosphate rock,Commercial,TZS / 50kg,,,,,37162,,,,
Tanzania,36.716935,-8.682613,Mahenge,Mahenge,CAN,Commercial,TZS / 50kg,,,,55064,,,,,
Tanzania,36.716935,-8.682613,Mahenge,Mahenge,DAP,Commercial,TZS / 50kg,,,,85105,,,,,
Tanzania,36.716935,-8.682613,Mahenge,Mahenge,Urea,Commercial,TZS / 50kg,,,,60084,,,,,
Tanzania,34.888822,-6.369028,Mangula,,CAN,Commercial,TZS / 50kg,,,,60084,49547,49817,,,
Tanzania,34.888822,-6.369028,Mangula,,Urea,Commercial,TZS / 50kg,,,,62076,58360,54798,,,
Tanzania,34.888822,-6.369028,Mangula,,Phosphate rock,Commercial,TZS / 50kg,,,,,35419,,,,
Tanzania,34.888822,-6.369028,Mangula,,DAP,Commercial,TZS / 50kg,,,,,74619,74725,,,
Tanzania,35.8089055,-8.7824511,Mlimba,,CAN,Commercial,TZS / 50kg,,,,80085,,,,,
Tanzania,35.8089055,-8.7824511,Mlimba,,DAP,Commercial,TZS / 50kg,,,,75065,,,,,
Tanzania,35.8089055,-8.7824511,Mlimba,,Urea,Commercial,TZS / 50kg,,,,70045,,,,,
Tanzania,38.693748,-6.235617,Mvomero,,CAN,Commercial,TZS / 50kg,,,,50463,46723,47824,51500,48000,48250
Tanzania,38.693748,-6.235617,Mvomero,,CAN,Subsidized,TZS / 50kg,,,,,,,,48000,
Tanzania,38.693748,-6.235617,Mvomero,,DAP,Commercial,TZS / 50kg,,,,74198,70411,69743,73833,,57896
Tanzania,38.693748,-6.235617,Mvomero,,DAP,Subsidized,TZS / 50kg,,,,,,,,,54996
Tanzania,38.693748,-6.235617,Mvomero,,Urea,Commercial,TZS / 50kg,,,,65657,53381,51809,54667,,55500
Tanzania,38.693748,-6.235617,Mvomero,,Urea,Subsidized,TZS / 50kg,,,,,,,,,48649
Tanzania,38.693748,-6.235617,Mvomero,,NPK 17 17 17,Commercial,TZS / 50kg,,,,,80126,,,62000,60833
Tanzania,38.693748,-6.235617,Mvomero,,NPK 17 17 17,Subsidized,TZS / 50kg,,,,,,,,62000,
Tanzania,38.693748,-6.235617,Mvomero,,Phosphate rock,Commercial,TZS / 50kg,,,,,39753,39853,,,
Tanzania,38.693748,-6.235617,Mvomero,,Ammonium sulphate,Commercial,TZS / 50kg,,,,,,,,45000,45000
Tanzania,38.693748,-6.235617,Mvomero,,Ammonium sulphate,Subsidized,TZS / 50kg,,,,,,,,45000,
Tanzania,34.888822,-6.369028,Olboloti,,CAN,Commercial,TZS / 50kg,,,,50043,,,,,
Tanzania,34.888822,-6.369028,Olboloti,,DAP,Commercial,TZS / 50kg,,,,70045,,,,,
Tanzania,34.888822,-6.369028,Olboloti,,NPK 25 5 5 + 5S,Commercial,TZS / 50kg,,,,50043,,,,,
Tanzania,34.888822,-6.369028,Olboloti,,Urea,Commercial,TZS / 50kg,,,,55064,,,,,
Tanzania,32.768951,-9.30956,Tunduma,Tunduma,CAN,Commercial,TZS / 50kg,,,,57039,,,,,
Tanzania,32.768951,-9.30956,Tunduma,Tunduma,DAP,Commercial,TZS / 50kg,,,,72498,,,,,
Tanzania,32.768951,-9.30956,Tunduma,Tunduma,NPK 17 17 17,Commercial,TZS / 50kg,,,,60084,,,,,
Tanzania,32.768951,-9.30956,Tunduma,Tunduma,Urea,Commercial,TZS / 50kg,,,,57501,,,,,
Tanzania,37.1258593,-8.0677121,Kilombero,,DAP,Commercial,TZS / 50kg,,,,72116,,,75000,,
Tanzania,37.1258593,-8.0677121,Kilombero,,DAP,Commercial,TZS / 25 kg,,,,,,,38000,,
Tanzania,37.1258593,-8.0677121,Kilombero,,Urea,Commercial,TZS / 50kg,,,,65104,,,51667,,
Tanzania,37.1258593,-8.0677121,Kilombero,,Urea,Commercial,TZS / 25 kg,,,,,,,27000,,
Tanzania,37.1258593,-8.0677121,Kilombero,,CAN,Commercial,TZS / 50kg,,,,,,,45500,,
Tanzania,37.1258593,-8.0677121,Kilombero,,CAN,Commercial,TZS / 25 kg,,,,,,,29000,,
Tanzania,37.1258593,-8.0677121,Kilombero,,NPK 17 17 17,Commercial,TZS / 50kg,,,,,,,75000,,
Tanzania,37.1258593,-8.0677121,Kilombero,,NPK 17 17 17,Commercial,TZS / 25 kg,,,,,,,38000,,
Tanzania,37.1258593,-8.0677121,Kilombero,,NPK 15 9 20 + 4S + 2MgO + TE,Commercial,TZS / 50kg,,,,,,,75000,,
Tanzania,37.1258593,-8.0677121,Kilombero,,NPK 15 9 20 + 4S + 2MgO + TE,Commercial,TZS / 25 kg,,,,,,,39000,,
Tanzania,37.1258593,-8.0677121,Kilombero,,Ammonium sulphate,Commercial,TZS / 50kg,,,,,,,44000,,
Tanzania,35.745887,-4.21017,Babati,Babati,MOP,Commercial,TZS / 50kg,,,,30042,,,,,
Tanzania,35.745887,-4.21017,Babati,Babati,Urea,Commercial,TZS / 50kg,,,,75107,,,,,
Tanzania,36.681723,-8.139889,Ifakara,Ifakara,Urea,Commercial,TZS / 50kg,,,,62108,,,,,
Tanzania,36.7819505,-5.5527661,Kiteto,,Urea,Commercial,TZS / 50kg,,,,60084,73013,,51000,,
Tanzania,36.7819505,-5.5527661,Kiteto,,NPK 17 17 17,Commercial,TZS / 50kg,,,,62955,49955,,,,
Tanzania,36.7819505,-5.5527661,Kiteto,,CAN,Commercial,TZS / 50kg,,,,,46943,,,,
Tanzania,36.7819505,-5.5527661,Kiteto,,DAP,Commercial,TZS / 50kg,,,,,,,62333,,
Tanzania,36.7819505,-5.5527661,Kiteto,,NPK 23 10 5 + 3S + 2MgO + 0.3Zn,Commercial,TZS / 50kg,,,,,,,50000,,
Tanzania,36.7819505,-5.5527661,Kiteto,,MOP,Commercial,TZS / 50kg,,,,,,,49000,,
Tanzania,36.417495,-6.197011,Kongwa,Kongwa,Urea,Commercial,TZS / 50kg,,,,68570,60359,64762,49333,,
Tanzania,36.417495,-6.197011,Kongwa,Kongwa,Urea,Commercial,TZS / 5 kg,,,,,,,8250,,
Tanzania,36.417495,-6.197011,Kongwa,Kongwa,CAN,Commercial,TZS / 50kg,,,,48913,47870,47824,,,
Tanzania,36.417495,-6.197011,Kongwa,Kongwa,DAP,Commercial,TZS / 50kg,,,,71296,69554,,,,
Tanzania,36.417495,-6.197011,Kongwa,Kongwa,NPK 17 17 17,Commercial,TZS / 50kg,,,,76383,65809,64762,,,
Tanzania,39.213815,-6.978491,Mbande,Mbande,Urea,Commercial,TZS / 50kg,,,,100087,,,,,
Tanzania,34.4308824,-8.9029857,Mbarali,,Ammonium sulphate,Commercial,TZS / 50kg,,,,,38239,37436,,,
Tanzania,34.4308824,-8.9029857,Mbarali,,CAN,Commercial,TZS / 50kg,,,,,39840,50914,51500,,
Tanzania,34.4308824,-8.9029857,Mbarali,,Urea,Commercial,TZS / 50kg,,,,,45820,61575,57000,,
Tanzania,34.4308824,-8.9029857,Mbarali,,Phosphate rock,Commercial,TZS / 50kg,,,,,37804,39853,,,
Tanzania,34.4308824,-8.9029857,Mbarali,,DAP,Commercial,TZS / 50kg,,,,,81312,78229,70000,,
Tanzania,34.4308824,-8.9029857,Mbarali,,NPK 25 5 5 + 5S,Commercial,TZS / 50kg,,,,,59639,59780,,,
Tanzania,34.4308824,-8.9029857,Mbarali,,NPK 10 25 18,Commercial,TZS / 50kg,,,,,,77000,,,
Tanzania,34.4308824,-8.9029857,Mbarali,,NPK 23 10 5 + 3S + 2MgO + 0.3Zn,Commercial,TZS / 50kg,,,,,,,67000,,
Tanzania,33.3934943,-9.3930007,Ileje,,CAN,Commercial,TZS / 50kg,,,,,51078,,,,
Tanzania,33.3934943,-9.3930007,Ileje,,DAP,Commercial,TZS / 50kg,,,,,62758,65758,,,
Tanzania,33.3934943,-9.3930007,Ileje,,Urea,Commercial,TZS / 50kg,,,,,58565,45831,,,
Tanzania,33.3934943,-9.3930007,Ileje,,NPK 14 23 14,Commercial,TZS / 50kg,,,,,68331,,,,
Tanzania,39.112735,-6.77424,Kinondoni,Kinondoni,CAN,Commercial,TZS / 50kg,,,,,44932,57400,70000,,
Tanzania,39.112735,-6.77424,Kinondoni,Kinondoni,CAN,Commercial,TZS / 1 litre,,,,,,1500,,,
Tanzania,39.112735,-6.77424,Kinondoni,Kinondoni,DAP,Commercial,TZS / 50kg,,,,,69894,74833,80000,,
Tanzania,39.112735,-6.77424,Kinondoni,Kinondoni,DAP,Commercial,TZS / 1 litre,,,,,,2000,,,
Tanzania,39.112735,-6.77424,Kinondoni,Kinondoni,Urea,Commercial,TZS / 50kg,,,,,49925,57600,60000,,
Tanzania,39.112735,-6.77424,Kinondoni,Kinondoni,NPK 20 10 10,Commercial,TZS / 50kg,,,,,59730,70000,,,
Tanzania,39.112735,-6.77424,Kinondoni,Kinondoni,NPK 20 10 10,Commercial,TZS / 1 litre,,,,,,1500,,,
Tanzania,39.112735,-6.77424,Kinondoni,Kinondoni,NPK 17 17 17,Commercial,TZS / 50kg,,,,,,61667,,,
Tanzania,39.112735,-6.77424,Kinondoni,Kinondoni,NPK 17 17 17,Commercial,TZS / 1 litre,,,,,,1500,,,
Tanzania,39.112735,-6.77424,Kinondoni,Kinondoni,NPK 23 10 5,Commercial,TZS / 50kg,,,,,,67000,,,
Tanzania,37.6591144,-6.8277556,Morogoro Urban,,CAN,Commercial,TZS / 50kg,,,,,49800,55563,56333,,
Tanzania,37.6591144,-6.8277556,Morogoro Urban,,DAP,Commercial,TZS / 50kg,,,,,67885,72181,73833,,
Tanzania,37.6591144,-6.8277556,Morogoro Urban,,NPK 17 17 17,Commercial,TZS / 50kg,,,,,67072,69743,,,
Tanzania,37.6591144,-6.8277556,Morogoro Urban,,Urea,Commercial,TZS / 50kg,,,,,53952,56763,56444,,
Tanzania,37.6591144,-6.8277556,Morogoro Urban,,NPK 23 10 5 + 3S + 2MgO + 0.3Zn,Commercial,TZS / 25 kg,,,,,,,42000,,
Tanzania,37.430586,-3.533042,Moshi Urban,Moshi Urban,CAN,Commercial,TZS / 50kg,,,,,44967,50000,,,
Tanzania,37.430586,-3.533042,Moshi Urban,Moshi Urban,DAP,Commercial,TZS / 50kg,,,,,67955,,,,
Tanzania,37.430586,-3.533042,Moshi Urban,Moshi Urban,NPK 20 10 10,Commercial,TZS / 50kg,,,,,58085,,,,
Tanzania,37.430586,-3.533042,Moshi Urban,Moshi Urban,Phosphate rock,Commercial,TZS / 50kg,,,,,33975,,,,
Tanzania,37.430586,-3.533042,Moshi Urban,Moshi Urban,Urea,Commercial,TZS / 50kg,,,,,52468,50000,,,
Tanzania,37.1258593,-4.439505,Simanjiro,,CAN,Commercial,TZS / 50kg,,,,,59813,,,,
Tanzania,37.1258593,-4.439505,Simanjiro,,DAP,Commercial,TZS / 50kg,,,,,87197,88333,100000,,
Tanzania,37.1258593,-4.439505,Simanjiro,,Urea,Commercial,TZS / 50kg,,,,,73489,81667,100000,,
Tanzania,32.232937,-2.886514,Geita,Geita,DAP,Commercial,TZS / 50kg,,,,,,76750,72500,,60500
Tanzania,32.232937,-2.886514,Geita,Geita,DAP,Subsidized,TZS / 50kg,,,,,,,,,60220
Tanzania,32.232937,-2.886514,Geita,Geita,NPK,Commercial,TZS / 50kg,,,,,,73000,,,
Tanzania,32.232937,-2.886514,Geita,Geita,Urea,Commercial,TZS / 50kg,,,,,,63500,64000,,56000
Tanzania,32.232937,-2.886514,Geita,Geita,Urea,Subsidized,TZS / 50kg,,,,,,,,,53885
Tanzania,32.232937,-2.886514,Geita,Geita,NPK 20 10 10,Commercial,TZS / 50kg,,,,,,80000,,,
Tanzania,32.232937,-2.886514,Geita,Geita,CAN,Commercial,TZS / 50kg,,,,,,,60333,,50000
Tanzania,32.232937,-2.886514,Geita,Geita,NPK 17 17 17,Commercial,TZS / 50kg,,,,,,,70000,,63000
Tanzania,33.800019,-1.500152,Musoma Urban,Musoma,DAP,Commercial,TZS / 1 litre,,,,,,1800,,,
Tanzania,33.800019,-1.500152,Musoma Urban,Musoma,DAP,Commercial,TZS / 50kg,,,,,,,75000,,
Tanzania,33.800019,-1.500152,Musoma Urban,Musoma,DAP,Commercial,TZS / 1 kg,,,,,,,1800,,
Tanzania,33.800019,-1.500152,Musoma Urban,Musoma,NPK,Commercial,TZS / 1 litre,,,,,,1800,,,
Tanzania,33.800019,-1.500152,Musoma Urban,Musoma,CAN,Commercial,TZS / 50kg,,,,,,75000,82500,,
Tanzania,33.800019,-1.500152,Musoma Urban,Musoma,CAN,Commercial,TZS / 1 kg,,,,,,,1800,,
Tanzania,33.800019,-1.500152,Musoma Urban,Musoma,NPK 20 10 10,Commercial,TZS / 50kg,,,,,,75000,,,
Tanzania,33.800019,-1.500152,Musoma Urban,Musoma,Urea,Commercial,TZS / 50kg,,,,,,75000,82500,,
Tanzania,33.800019,-1.500152,Musoma Urban,Musoma,Urea,Commercial,TZS / 1 kg,,,,,,,1800,,
Tanzania,33.800019,-1.500152,Musoma Urban,Musoma,NPK 17 17 17,Commercial,TZS / 1 kg,,,,,,,1800,,
Tanzania,33.449365,-8.899421,Mbeya,Mbeya,DAP,Commercial,TZS / 50kg,,,,,,75000,,54500,58160
Tanzania,33.449365,-8.899421,Mbeya,Mbeya,DAP,Subsidized,TZS / 50kg,,,,,,,,,58595
Tanzania,33.449365,-8.899421,Mbeya,Mbeya,NPK 20 10 10,Commercial,TZS / 50kg,,,,,,80000,,,
Tanzania,33.449365,-8.899421,Mbeya,Mbeya,Urea,Commercial,TZS / 50kg,,,,,,65000,,43500,55400
Tanzania,33.449365,-8.899421,Mbeya,Mbeya,Urea,Subsidized,TZS / 50kg,,,,,,,,,52767
Tanzania,33.449365,-8.899421,Mbeya,Mbeya,CAN,Commercial,TZS / 50kg,,,,,,,,43500,46250
Tanzania,33.449365,-8.899421,Mbeya,Mbeya,NPK 23 10 5 + 3S + 2MgO + 0.3Zn,Commercial,TZS / 50kg,,,,,,,,60000,
Tanzania,33.449365,-8.899421,Mbeya,Mbeya,Ammonium sulphate,Commercial,TZS / 50kg,,,,,,,,50000,
Tanzania,33.449365,-8.899421,Mbeya,Mbeya,NPK 17 17 17,Commercial,TZS / 50kg,,,,,,,,,61333
Tanzania,34.6856509,-9.8217342,Ludewa,,Ammonium sulphate,Commercial,TZS / 50kg,,,,,,,44000,,
Tanzania,34.6856509,-9.8217342,Ludewa,,Ammonium sulphate,Commercial,TZS / 25 kg,,,,,,,27000,,
Tanzania,34.6856509,-9.8217342,Ludewa,,CAN,Commercial,TZS / 50kg,,,,,,,56800,,
Tanzania,34.6856509,-9.8217342,Ludewa,,DAP,Commercial,TZS / 50kg,,,,,,,76143,,
Tanzania,34.6856509,-9.8217342,Ludewa,,DAP,Commercial,TZS / 25 kg,,,,,,,37000,,
Tanzania,34.6856509,-9.8217342,Ludewa,,Urea,Commercial,TZS / 50kg,,,,,,,57625,,
Tanzania,34.6856509,-9.8217342,Ludewa,,Urea,Commercial,TZS / 25 kg,,,,,,,27000,,
Tanzania,36.130088,-10.46641,Namtumbo,Namtumbo,Ammonium sulphate,Commercial,TZS / 50kg,,,,,,,44800,,
Tanzania,36.130088,-10.46641,Namtumbo,Namtumbo,Ammonium sulphate,Commercial,TZS / 25 kg,,,,,,,22500,,
Tanzania,36.130088,-10.46641,Namtumbo,Namtumbo,CAN,Commercial,TZS / 50kg,,,,,,,54333,,
Tanzania,36.130088,-10.46641,Namtumbo,Namtumbo,CAN,Commercial,TZS / 25 kg,,,,,,,27125,,
Tanzania,36.130088,-10.46641,Namtumbo,Namtumbo,Urea,Commercial,TZS / 50kg,,,,,,,50667,,
Tanzania,35.751812,-6.162996,Dodoma,Dodoma,CAN,Commercial,TZS / 50kg,,,,,,,69286,58000,46167
Tanzania,35.751812,-6.162996,Dodoma,Dodoma,CAN,Commercial,TZS / 1 kg,,,,,,,1500,,
Tanzania,35.751812,-6.162996,Dodoma,Dodoma,CAN,Subsidized,TZS / 50kg,,,,,,,,58000,
Tanzania,35.751812,-6.162996,Dodoma,Dodoma,NPK 17 17 17,Commercial,TZS / 50kg,,,,,,,77143,,
Tanzania,35.751812,-6.162996,Dodoma,Dodoma,Urea,Commercial,TZS / 50kg,,,,,,,68571,,53059
Tanzania,35.751812,-6.162996,Dodoma,Dodoma,Urea,Commercial,TZS / 1 kg,,,,,,,2000,,
Tanzania,35.751812,-6.162996,Dodoma,Dodoma,Urea,Subsidized,TZS / 50kg,,,,,,,,,49744
Tanzania,35.751812,-6.162996,Dodoma,Dodoma,DAP,Commercial,TZS / 50kg,,,,,,,69000,,56332
Tanzania,35.751812,-6.162996,Dodoma,Dodoma,DAP,Commercial,TZS / 1 kg,,,,,,,1500,,
Tanzania,35.751812,-6.162996,Dodoma,Dodoma,DAP,Subsidized,TZS / 50kg,,,,,,,,,56508
Tanzania,35.751812,-6.162996,Dodoma,Dodoma,NPK 23 10 5 + 3S + 2MgO + 0.3Zn,Commercial,TZS / 1 kg,,,,,,,1500,,
Tanzania,35.751812,-6.162996,Dodoma,Dodoma,Minjingu rock phosphate,Commercial,TZS / 50kg,,,,,,,,,53000
Tanzania,35.84289,-8.005491,Kilolo,Kilolo,CAN,Commercial,TZS / 50kg,,,,,,,52000,,
Tanzania,35.84289,-8.005491,Kilolo,Kilolo,DAP,Commercial,TZS / 50kg,,,,,,,72000,,
Tanzania,35.84289,-8.005491,Kilolo,Kilolo,NPK 17 17 17,Commercial,TZS / 50kg,,,,,,,74000,,
Tanzania,35.84289,-8.005491,Kilolo,Kilolo,Urea,Commercial,TZS / 50kg,,,,,,,52000,,
Tanzania,34.85228,-8.563663,Malangali,Malangali,CAN,Commercial,TZS / 50kg,,,,,,,50000,,
Tanzania,34.85228,-8.563663,Malangali,Malangali,DAP,Commercial,TZS / 50kg,,,,,,,50000,,
Tanzania,34.85228,-8.563663,Malangali,Malangali,Urea,Commercial,TZS / 50kg,,,,,,,55000,,
Tanzania,35.2697802,0.5142775,Eldoret,,Minjingu rock phosphate,Commercial,TZS / 50kg,,,,,,,,45000,49667
Tanzania,35.2697802,0.5142775,Eldoret,,Minjingu rock phosphate,Subsidized,TZS / 50kg,,,,,,,,42500,
Tanzania,31.616483,-7.966793,Sumbawanga,Sumbawanga,DAP,Commercial,TZS / 50kg,,,,,,,,59267,
Tanzania,31.616483,-7.966793,Sumbawanga,Sumbawanga,DAP,Subsidized,TZS / 50kg,,,,,,,,56800,
Tanzania,31.616483,-7.966793,Sumbawanga,Sumbawanga,Urea,Commercial,TZS / 50kg,,,,,,,,45500,
Tanzania,31.616483,-7.966793,Sumbawanga,Sumbawanga,Urea,Subsidized,TZS / 50kg,,,,,,,,44000,
Tanzania,31.616483,-7.966793,Sumbawanga,Sumbawanga,CAN,Commercial,TZS / 50kg,,,,,,,,46000,
Tanzania,34.364363,-1.343751,Tarime,Tarime,CAN,Commercial,TZS / 50kg,,,,,,,,,54583
Tanzania,34.364363,-1.343751,Tarime,Tarime,NPK 17 17 17,Commercial,TZS / 50kg,,,,,,,,,61667
Tanzania,36.983223,-6.833238,Kilosa,Kilosa,CAN,Commercial,TZS / 50kg,,,,,,,,,47400
Tanzania,36.983223,-6.833238,Kilosa,Kilosa,DAP,Subsidized,TZS / 50kg,,,,,,,,,55305
Tanzania,36.983223,-6.833238,Kilosa,Kilosa,DAP,Commercial,TZS / 50kg,,,,,,,,,55000
Tanzania,32.9437667,-2.3652992,Nyamagana,,CAN,Commercial,TZS / 50kg,,,,,,,,,51500
Tanzania,32.9437667,-2.3652992,Nyamagana,,DAP,Commercial,TZS / 50kg,,,,,,,,,61500
Tanzania,32.9437667,-2.3652992,Nyamagana,,NPK 17 17 17,Commercial,TZS / 50kg,,,,,,,,,63000
Tanzania,32.9437667,-2.3652992,Nyamagana,,Urea,Commercial,TZS / 50kg,,,,,,,,,60000
