Country,longitude,latitude,Town,Town-District,Fertilizer,Type,Unit,avg_2010,avg_2011,avg_2012,avg_2013,avg_2014,avg_2015,avg_2016,avg_2017,avg_2018
Uganda,30.911824,3.037872,Arua,Arua,CAN,Commercial,UGX / 50kg,104025,131771,140185,128677,150300,150000,150000,150000,150000
Uganda,30.911824,3.037872,Arua,Arua,DAP,Commercial,UGX / 50kg,147922,154450,163320,149869,175329,150000,174000,140000,163333
Uganda,30.911824,3.037872,Arua,Arua,NPK 17 17 17,Commercial,UGX / 50kg,121172,128872,138086,134813,150300,150000,150000,133333,145833
Uganda,30.911824,3.037872,Arua,Arua,NPK 25 5 5 + 5S,Commercial,UGX / 50kg,123925,122007,150464,137244,,,,,
Uganda,30.911824,3.037872,Arua,Arua,SSP,Commercial,UGX / 50kg,148717,100128,151424,,,125000,,,
Uganda,30.911824,3.037872,Arua,Arua,TSP,Commercial,UGX / 50kg,146368,,,,,,,,
Uganda,30.911824,3.037872,Arua,Arua,Urea,Commercial,UGX / 50kg,145025,135803,148277,149764,150369,150000,150000,133333,145833
Uganda,30.911824,3.037872,Arua,Arua,NPK 20 18 18,Commercial,UGX / 50kg,,,,,,150000,,,
Uganda,30.911824,3.037872,Arua,Arua,Super Green,Commercial,UGX / 1 litre,,,,,,10000,12000,,
Uganda,30.911824,3.037872,Arua,Arua,Super Grow,Commercial,UGX / 5 litre,,,,,,190000,200000,,
Uganda,30.911824,3.037872,Arua,Arua,Super Grow,Commercial,UGX / 1 litre,,,,,,50000,,,
Uganda,30.911824,3.037872,Arua,Arua,NPK 19 9 19,Commercial,UGX / 50kg,,,,,,150000,,,
Uganda,30.911824,3.037872,Arua,Arua,Dia Grow,Commercial,UGX / 1 litre,,,,,,43000,43000,,
Uganda,30.911824,3.037872,Arua,Arua,Rapid grow,Commercial,UGX / 1 litre,,,,,,7000,7000,,
Uganda,30.911824,3.037872,Arua,Arua,Veg Max,Commercial,UGX / 1 litre,,,,,,120000,120000,,
Uganda,34.446284,1.395277,Kapchorwa,Kapchorwa,CAN,Commercial,UGX / 50kg,62747,83509,100573,93917,83231,89719,97500,87500,96667
Uganda,34.446284,1.395277,Kapchorwa,Kapchorwa,DAP,Commercial,UGX / 50kg,86320,121649,128203,125103,107925,123364,135000,115000,123333
Uganda,34.446284,1.395277,Kapchorwa,Kapchorwa,NPK 17 17 17,Commercial,UGX / 50kg,76572,102977,126532,132238,115297,123333,122500,113750,117500
Uganda,34.446284,1.395277,Kapchorwa,Kapchorwa,NPK 25 5 5 + 5S,Commercial,UGX / 50kg,75607,95508,122427,113731,109393,,,,
Uganda,34.446284,1.395277,Kapchorwa,Kapchorwa,Urea,Commercial,UGX / 50kg,64781,88417,112074,105789,83369,91269,100000,97500,92500
Uganda,34.446284,1.395277,Kapchorwa,Kapchorwa,TSP,Commercial,UGX / 50kg,,85133,,,,,,,
Uganda,34.446284,1.395277,Kapchorwa,Kapchorwa,NPK 19 19 19,Commercial,UGX / 50kg,,,,,,130000,,,
Uganda,34.446284,1.395277,Kapchorwa,Kapchorwa,NPK 25 5 5,Commercial,UGX / 50kg,,,,,,122500,125000,,
Uganda,34.446284,1.395277,Kapchorwa,Kapchorwa,NPK Foliar,Commercial,UGX / 1 litre,,,,,,5000,,,
Uganda,34.446284,1.395277,Kapchorwa,Kapchorwa,Super Green,Commercial,UGX / 1 litre,,,,,,10000,,,
Uganda,34.446284,1.395277,Kapchorwa,Kapchorwa,Super Grow,Commercial,UGX / 5 litre,,,,,,97500,,,
Uganda,34.446284,1.395277,Kapchorwa,Kapchorwa,Super Grow,Commercial,UGX / 1 litre,,,,,,,3000,,
Uganda,34.446284,1.395277,Kapchorwa,Kapchorwa,Nguvu,Commercial,UGX / 1 litre,,,,,,4250,5000,,
Uganda,34.446284,1.395277,Kapchorwa,Kapchorwa,NPK 23 5 10,Commercial,UGX / 50kg,,,,,,125000,,,
Uganda,34.446284,1.395277,Kapchorwa,Kapchorwa,Rapid grow,Commercial,UGX / 1 litre,,,,,,3500,5000,,
Uganda,34.446284,1.395277,Kapchorwa,Kapchorwa,SSP,Commercial,UGX / 50kg,,,,,,,,90000,
Uganda,31.740414,-0.339648,Masaka,Masaka,CAN,Commercial,UGX / 50kg,64186,90612,94807,97060,86803,95000,92500,90000,100000
Uganda,31.740414,-0.339648,Masaka,Masaka,DAP,Commercial,UGX / 50kg,88714,134884,150991,,125186,128333,137500,122500,129167
Uganda,31.740414,-0.339648,Masaka,Masaka,MOP,Commercial,UGX / 50kg,78764,100128,,,90219,,,,
Uganda,31.740414,-0.339648,Masaka,Masaka,NPK 17 17 17,Commercial,UGX / 50kg,83064,118314,136650,129565,105200,112500,117500,117500,126667
Uganda,31.740414,-0.339648,Masaka,Masaka,NPK 25 5 5 + 5S,Commercial,UGX / 50kg,76866,111097,132789,,110204,,,,
Uganda,31.740414,-0.339648,Masaka,Masaka,Urea,Commercial,UGX / 50kg,63644,105280,135036,123771,93517,105000,95000,90000,100000
Uganda,31.740414,-0.339648,Masaka,Masaka,TSP,Commercial,UGX / 50kg,78195,,,,,,,,
Uganda,31.740414,-0.339648,Masaka,Masaka,SSP,Commercial,UGX / 50kg,,,131269,,,,,,
Uganda,31.740414,-0.339648,Masaka,Masaka,NPK 25 5 5,Commercial,UGX / 50kg,,,,,,111667,117500,,
Uganda,31.740414,-0.339648,Masaka,Masaka,Super Green,Commercial,UGX / 1 litre,,,,,,9333,9500,,
Uganda,31.740414,-0.339648,Masaka,Masaka,Super Grow,Commercial,UGX / 5 litre,,,,,,140000,140000,,
Uganda,31.740414,-0.339648,Masaka,Masaka,Super Grow,Commercial,UGX / 1 litre,,,,,,30000,,,
Uganda,31.740414,-0.339648,Masaka,Masaka,Dia Grow,Commercial,UGX / 1 litre,,,,,,25000,,,
Uganda,31.740414,-0.339648,Masaka,Masaka,Dia Grow,Commercial,UGX / 5 litre,,,,,,150000,150000,,
Uganda,31.740414,-0.339648,Masaka,Masaka,Rapid grow,Commercial,UGX / 1 litre,,,,,,2250,,,
Uganda,31.740414,-0.339648,Masaka,Masaka,Veg Max,Commercial,UGX / 1 litre,,,,,,80000,,,
Uganda,34.175356,1.080555,Mbale,Mbale,CAN,Commercial,UGX / 50kg,60979,79205,109207,87430,86924,95000,87500,100000,101667
Uganda,34.175356,1.080555,Mbale,Mbale,DAP,Commercial,UGX / 50kg,83614,113686,147458,127263,119199,125829,122500,137500,130000
Uganda,34.175356,1.080555,Mbale,Mbale,NPK 17 17 17,Commercial,UGX / 50kg,79377,98819,119595,106944,106049,108705,130000,135000,130000
Uganda,34.175356,1.080555,Mbale,Mbale,NPK 25 5 5 + 5S,Commercial,UGX / 50kg,82476,107485,146450,104928,100477,101798,,,
Uganda,34.175356,1.080555,Mbale,Mbale,Urea,Commercial,UGX / 50kg,58753,78306,127631,98067,94003,92733,87500,100000,101667
Uganda,34.175356,1.080555,Mbale,Mbale,NPK 15 15 15,Commercial,UGX / 50kg,37206,,,,,,,,
Uganda,34.175356,1.080555,Mbale,Mbale,TSP,Commercial,UGX / 50kg,,,,,108001,108455,,,
Uganda,34.175356,1.080555,Mbale,Mbale,Dia Grow,Commercial,UGX / 1 litre,,,,,,45000,,,
Uganda,34.175356,1.080555,Mbale,Mbale,NPK 25 5 5,Commercial,UGX / 50kg,,,,,,100000,130000,,
Uganda,34.175356,1.080555,Mbale,Mbale,NPK Foliar,Commercial,UGX / 1 litre,,,,,,35000,,,
Uganda,34.175356,1.080555,Mbale,Mbale,Rapid grow,Commercial,UGX / 1 litre,,,,,,34000,,,
Uganda,34.175356,1.080555,Mbale,Mbale,Super Grow,Commercial,UGX / 5 litre,,,,,,140000,,,
Uganda,34.175356,1.080555,Mbale,Mbale,Super Grow,Commercial,UGX / 1 litre,,,,,,39000,,,
Uganda,33.485079,0.615111,Iganga,Iganga,DAP,Commercial,UGX / 50kg,105686,141511,145072,143156,147868,140000,150000,130000,126667
Uganda,33.485079,0.615111,Iganga,Iganga,SSP,Commercial,UGX / 50kg,79623,,,,,,,,
Uganda,33.485079,0.615111,Iganga,Iganga,Urea,Commercial,UGX / 50kg,93422,112343,119068,119818,114790,120000,125000,105000,100833
Uganda,33.485079,0.615111,Iganga,Iganga,NPK 17 17 17,Commercial,UGX / 50kg,,117170,125159,129715,124638,133200,137500,130000,125833
Uganda,33.485079,0.615111,Iganga,Iganga,NPK 25 5 5 + 5S,Commercial,UGX / 50kg,,123382,124878,125109,,,,,
Uganda,33.485079,0.615111,Iganga,Iganga,CAN,Commercial,UGX / 50kg,,,,125038,,85000,,95000,98333
Uganda,33.485079,0.615111,Iganga,Iganga,Dia Grow,Commercial,UGX / 5 litre,,,,,,125000,,,
Uganda,33.485079,0.615111,Iganga,Iganga,Dia Grow,Commercial,UGX / 1 litre,,,,,,30000,,,
Uganda,33.485079,0.615111,Iganga,Iganga,NPK 25 5 5,Commercial,UGX / 50kg,,,,,,125000,137500,,
Uganda,33.485079,0.615111,Iganga,Iganga,Super Green,Commercial,UGX / 1 litre,,,,,,19250,8500,,
Uganda,33.485079,0.615111,Iganga,Iganga,Super Grow,Commercial,UGX / 5 litre,,,,,,108750,145000,,
Uganda,33.485079,0.615111,Iganga,Iganga,Super Grow,Commercial,UGX / 1 litre,,,,,,42500,,,
Uganda,33.485079,0.615111,Iganga,Iganga,NPK Foliar,Commercial,UGX / 1 litre,,,,,,20000,,,
Uganda,33.485079,0.615111,Iganga,Iganga,Rapid grow,Commercial,UGX / 1 litre,,,,,,4000,3000,,
Uganda,33.485079,0.615111,Iganga,Iganga,Veg Max,Commercial,UGX / 1 litre,,,,,,72000,,,
Uganda,29.99024,-1.250343,Kabale,Kabale,DAP,Commercial,UGX / 50kg,113059,115724,124678,119503,115696,130677,120000,120000,132500
Uganda,29.99024,-1.250343,Kabale,Kabale,NPK 17 17 17,Commercial,UGX / 50kg,99640,112819,130065,133705,118462,123663,125000,109500,119000
Uganda,29.99024,-1.250343,Kabale,Kabale,Urea,Commercial,UGX / 50kg,78219,94010,108349,119649,104532,136667,125000,110000,118333
Uganda,29.99024,-1.250343,Kabale,Kabale,NPK 25 5 5 + 5S,Commercial,UGX / 50kg,97453,105946,120893,122133,,,,,
Uganda,29.99024,-1.250343,Kabale,Kabale,CAN,Commercial,UGX / 50kg,,122984,99588,,119274,,,110000,111250
Uganda,29.99024,-1.250343,Kabale,Kabale,Super Grow,Commercial,UGX / 5 litre,,,,,,150000,,,
Uganda,29.99024,-1.250343,Kabale,Kabale,Super Grow,Commercial,UGX / 1 litre,,,,,,,30000,,
Uganda,29.99024,-1.250343,Kabale,Kabale,Rapid grow,Commercial,UGX / 1 litre,,,,,,3000,4500,,
Uganda,29.99024,-1.250343,Kabale,Kabale,Super Green,Commercial,UGX / 1 litre,,,,,,3500,36000,,
Uganda,29.99024,-1.250343,Kabale,Kabale,Veg Max,Commercial,UGX / 1 litre,,,,,,68000,72000,,
Uganda,29.99024,-1.250343,Kabale,Kabale,NPK 25 5 5,Commercial,UGX / 50kg,,,,,,125000,125000,,
Uganda,32.900075,2.247356,Lira,Lira,DAP,Commercial,UGX / 50kg,129343,126712,163539,150079,,200000,,141250,145000
Uganda,32.900075,2.247356,Lira,Lira,Urea,Commercial,UGX / 50kg,94056,100373,130577,116189,99764,139298,,102500,124167
Uganda,32.900075,2.247356,Lira,Lira,CAN,Commercial,UGX / 50kg,120947,107614,,,,,,100000,126667
Uganda,32.900075,2.247356,Lira,Lira,NPK 17 17 17,Commercial,UGX / 50kg,130562,129893,147619,137018,119716,159157,,142500,140833
Uganda,32.900075,2.247356,Lira,Lira,TSP,Commercial,UGX / 50kg,107213,107006,,,,,,,
Uganda,32.900075,2.247356,Lira,Lira,SSP,Commercial,UGX / 50kg,106742,107006,,,,,,,
Uganda,32.900075,2.247356,Lira,Lira,NPK 25 5 5 + 5S,Commercial,UGX / 50kg,,133566,126344,,,,,,
Uganda,32.900075,2.247356,Lira,Lira,Super Grow,Commercial,UGX / 5 litre,,,,,,150000,,,
Uganda,32.900075,2.247356,Lira,Lira,NPK 25 5 5,Commercial,UGX / 50kg,,,,,,,,142500,140833
Uganda,30.088255,0.186889,Kasese,Kasese,NPK 17 17 17,Commercial,UGX / 50kg,87947,109360,136966,,125308,133750,,126667,
Uganda,30.088255,0.186889,Kasese,Kasese,Urea,Commercial,UGX / 50kg,66429,99561,146956,129700,129698,107500,,101667,
Uganda,30.088255,0.186889,Kasese,Kasese,DAP,Commercial,UGX / 50kg,104231,116303,205990,,149438,105000,,126667,
Uganda,30.088255,0.186889,Kasese,Kasese,NPK 14 14 14 + 1MgO,Commercial,UGX / 50kg,87245,,,,,,,,
Uganda,30.088255,0.186889,Kasese,Kasese,NPK 25 5 5 + 5S,Commercial,UGX / 50kg,92566,116429,154523,,,,,,
Uganda,30.088255,0.186889,Kasese,Kasese,CAN,Commercial,UGX / 50kg,,130536,,,101245,143333,,90000,
Uganda,30.088255,0.186889,Kasese,Kasese,NPK 19 19 19,Commercial,UGX / 50kg,,,,,,150000,,,
Uganda,30.088255,0.186889,Kasese,Kasese,NPK 25 5 5,Commercial,UGX / 50kg,,,,,,175000,,,
Uganda,30.088255,0.186889,Kasese,Kasese,Rapid grow,Commercial,UGX / 1 litre,,,,,,4250,,,
Uganda,30.088255,0.186889,Kasese,Kasese,NPK Foliar,Commercial,UGX / 1 litre,,,,,,10000,,,
Uganda,30.088255,0.186889,Kasese,Kasese,Bi Grow,Commercial,UGX / 1 litre,,,,,,6000,,,
Uganda,30.088255,0.186889,Kasese,Kasese,Super Green,Commercial,UGX / 1 litre,,,,,,17500,,,
Uganda,30.088255,0.186889,Kasese,Kasese,Super Grow,Commercial,UGX / 5 litre,,,,,,130000,,,
Uganda,32.580616,0.313692,Kampala,Kampala,CAN,Commercial,UGX / 50kg,62578,101189,119497,117800,99695,98750,100000,95000,106667
Uganda,32.580616,0.313692,Kampala,Kampala,DAP,Commercial,UGX / 50kg,83103,104015,134774,139875,129200,135750,137500,116250,116667
Uganda,32.580616,0.313692,Kampala,Kampala,NPK 17 17 17,Commercial,UGX / 50kg,76298,108758,141250,121539,114685,123750,125000,112750,115000
Uganda,32.580616,0.313692,Kampala,Kampala,NPK 25 5 5 + 5S,Commercial,UGX / 50kg,74290,94267,127975,,,,,,
Uganda,32.580616,0.313692,Kampala,Kampala,Urea,Commercial,UGX / 50kg,62578,100140,124445,125038,109696,106667,110000,93750,95000
Uganda,32.580616,0.313692,Kampala,Kampala,NPK 25 5 5,Commercial,UGX / 50kg,,,,,,123750,127500,,
Uganda,32.580616,0.313692,Kampala,Kampala,Dia Grow,Commercial,UGX / 1 litre,,,,,,42333,68000,,
Uganda,32.580616,0.313692,Kampala,Kampala,Super Green,Commercial,UGX / 1 litre,,,,,,9333,11000,,
Uganda,32.580616,0.313692,Kampala,Kampala,Super Grow,Commercial,UGX / 5 litre,,,,,,153333,145000,,
Uganda,32.580616,0.313692,Kampala,Kampala,Rapid grow,Commercial,UGX / 1 litre,,,,,,3000,,,
Uganda,32.580616,0.313692,Kampala,Kampala,SSP,Commercial,UGX / 50kg,,,,,,115000,,132500,115833
Uganda,32.580616,0.313692,Kampala,Kampala,Veg Max,Commercial,UGX / 1 litre,,,,,,106500,80000,,
Uganda,32.580616,0.313692,Kampala,Kampala,Bi Grow,Commercial,UGX / 1 litre,,,,,,65000,,,
Uganda,32.580616,0.313692,Kampala,Kampala,Bi Grow,Commercial,UGX / 5 litre,,,,,,,160000,,
Uganda,32.580616,0.313692,Kampala,Kampala,NPK Foliar,Commercial,UGX / 1 litre,,,,,,20000,19000,,
Uganda,32.580616,0.313692,Kampala,Kampala,MOP,Commercial,UGX / 50kg,,,,,,,,117500,110833
Uganda,31.718503,1.681505,Masindi,Masindi,CAN,Commercial,UGX / 50kg,,105470,121682,124908,110088,90000,87500,,
Uganda,31.718503,1.681505,Masindi,Masindi,DAP,Commercial,UGX / 50kg,,123028,155421,149597,140768,121058,125000,138750,135000
Uganda,31.718503,1.681505,Masindi,Masindi,NPK 17 17 17,Commercial,UGX / 50kg,,132342,148279,139654,114593,94532,100000,133750,122500
Uganda,31.718503,1.681505,Masindi,Masindi,Urea,Commercial,UGX / 50kg,,101521,123548,124675,115219,95899,90000,117500,105000
Uganda,31.718503,1.681505,Masindi,Masindi,NPK 25 5 5 + 5S,Commercial,UGX / 50kg,,,161631,,79226,,,,
Uganda,31.718503,1.681505,Masindi,Masindi,Super Grow,Commercial,UGX / 5 litre,,,,,,130000,,,
Uganda,31.718503,1.681505,Masindi,Masindi,Super Grow,Commercial,UGX / 1 litre,,,,,,12000,,,
Uganda,31.718503,1.681505,Masindi,Masindi,NPK 25 5 5,Commercial,UGX / 50kg,,,,,,92500,105000,,
Uganda,31.718503,1.681505,Masindi,Masindi,Rapid grow,Commercial,UGX / 1 litre,,,,,,7500,6500,,
Uganda,31.718503,1.681505,Masindi,Masindi,Dia Grow,Commercial,UGX / 5 litre,,,,,,185000,185000,,
Uganda,31.718503,1.681505,Masindi,Masindi,Veg Max,Commercial,UGX / 1 litre,,,,,,48000,56000,,
Uganda,31.718503,1.681505,Masindi,Masindi,NPK 23 17 10,Commercial,UGX / 50kg,,,,,,,,,126000
Uganda,31.718503,1.681505,Masindi,Masindi,NPK 19 19 19,Commercial,UGX / 50kg,,,,,,,,,120000
Uganda,34.119114,1.213602,Kachumbala,Kachumbala,NPK 17 17 17,Commercial,UGX / 50kg,,,151424,,,,,,
Uganda,34.119114,1.213602,Kachumbala,Kachumbala,Urea,Commercial,UGX / 50kg,,,121191,,,,,,
Uganda,33.934913,1.489899,Kumi,Kumi,NPK 17 17 17,Commercial,UGX / 50kg,,,151424,,150271,,,,
Uganda,33.934913,1.489899,Kumi,Kumi,NPK 25 5 5 + 5S,Commercial,UGX / 50kg,,,252460,,,,,,
Uganda,33.934913,1.489899,Kumi,Kumi,SSP,Commercial,UGX / 50kg,,,151424,,,,,,
Uganda,33.934913,1.489899,Kumi,Kumi,DAP,Commercial,UGX / 50kg,,,,,149112,,,,
Uganda,33.934913,1.489899,Kumi,Kumi,Urea,Commercial,UGX / 50kg,,,,,125143,,,,
Uganda,34.045391,1.347226,Bukedea,Bukedea,DAP,Commercial,UGX / 50kg,,,,,149196,,,,
Uganda,33.030245,0.340534,Buikwe,Buikwe,CAN,Commercial,UGX / 50kg,,,,,,125000,105000,107500,119167
Uganda,33.030245,0.340534,Buikwe,Buikwe,Dia Grow,Commercial,UGX / 1 litre,,,,,,30000,,,
Uganda,33.030245,0.340534,Buikwe,Buikwe,DAP,Commercial,UGX / 50kg,,,,,,150000,140000,150000,132500
Uganda,33.030245,0.340534,Buikwe,Buikwe,NPK 17 17 17,Commercial,UGX / 50kg,,,,,,130000,132500,150000,132500
Uganda,33.030245,0.340534,Buikwe,Buikwe,Rapid grow,Commercial,UGX / 1 litre,,,,,,2500,2750,,
Uganda,33.030245,0.340534,Buikwe,Buikwe,Super Green,Commercial,UGX / 1 litre,,,,,,7150,10000,,
Uganda,33.030245,0.340534,Buikwe,Buikwe,Super Grow,Commercial,UGX / 5 litre,,,,,,45000,162500,,
Uganda,33.030245,0.340534,Buikwe,Buikwe,Super Grow,Commercial,UGX / 1 litre,,,,,,55000,,,
Uganda,33.030245,0.340534,Buikwe,Buikwe,Urea,Commercial,UGX / 50kg,,,,,,95000,85000,106250,113333
Uganda,33.030245,0.340534,Buikwe,Buikwe,NPK 25 5 5,Commercial,UGX / 50kg,,,,,,132000,125000,,
Uganda,33.030245,0.340534,Buikwe,Buikwe,SSP,Commercial,UGX / 50kg,,,,,,,,150000,150000
Uganda,32.30056,2.780066,Gulu,Gulu,CAN,Commercial,UGX / 50kg,,,,,,162500,135000,140000,135000
Uganda,32.30056,2.780066,Gulu,Gulu,DAP,Commercial,UGX / 50kg,,,,,,177500,200000,162500,156667
Uganda,32.30056,2.780066,Gulu,Gulu,NPK 17 17 17,Commercial,UGX / 50kg,,,,,,150000,180000,162500,156667
Uganda,32.30056,2.780066,Gulu,Gulu,NPK 25 5 5,Commercial,UGX / 50kg,,,,,,150000,,,
Uganda,32.30056,2.780066,Gulu,Gulu,Super Grow,Commercial,UGX / 1 litre,,,,,,55000,,,
Uganda,32.30056,2.780066,Gulu,Gulu,Super Grow,Commercial,UGX / 5 litre,,,,,,170000,170000,,
Uganda,32.30056,2.780066,Gulu,Gulu,Urea,Commercial,UGX / 50kg,,,,,,158333,140000,140000,135000
Uganda,32.30056,2.780066,Gulu,Gulu,Dia Grow,Commercial,UGX / 1 litre,,,,,,60000,60000,,
Uganda,32.30056,2.780066,Gulu,Gulu,Rapid grow,Commercial,UGX / 5 litre,,,,,,165000,160000,,
Uganda,32.30056,2.780066,Gulu,Gulu,Rapid grow,Commercial,UGX / 1 litre,,,,,,,3200,,
Uganda,32.30056,2.780066,Gulu,Gulu,SSP,Commercial,UGX / 50kg,,,,,,,,200000,
Uganda,32.333635,0.23355,Mpigi,Mpigi,Dia Grow,Commercial,UGX / 1 litre,,,,,,37500,,,
Uganda,32.333635,0.23355,Mpigi,Mpigi,NPK 17 17 17,Commercial,UGX / 50kg,,,,,,130000,122500,122500,121667
Uganda,32.333635,0.23355,Mpigi,Mpigi,Super Green,Commercial,UGX / 1 litre,,,,,,11000,10000,,
Uganda,32.333635,0.23355,Mpigi,Mpigi,Super Grow,Commercial,UGX / 5 litre,,,,,,145000,150000,,
Uganda,32.333635,0.23355,Mpigi,Mpigi,Urea,Commercial,UGX / 50kg,,,,,,113333,102500,90000,98333
Uganda,32.333635,0.23355,Mpigi,Mpigi,DAP,Commercial,UGX / 50kg,,,,,,137500,137500,125000,125833
Uganda,32.333635,0.23355,Mpigi,Mpigi,Rapid grow,Commercial,UGX / 1 litre,,,,,,,3000,,
Uganda,32.333635,0.23355,Mpigi,Mpigi,Veg Max,Commercial,UGX / 1 litre,,,,,,,64000,,
Uganda,32.333635,0.23355,Mpigi,Mpigi,CAN,Commercial,UGX / 50kg,,,,,,,,92500,100000
Uganda,32.333635,0.23355,Mpigi,Mpigi,SSP,Commercial,UGX / 50kg,,,,,,,,150000,
Uganda,32.333635,0.23355,Mpigi,Mpigi,TSP,Commercial,UGX / 50kg,,,,,,,,150000,
Uganda,30.503208,-0.119518,Ibanda,Ibanda,DAP,Commercial,UGX / 50kg,,,,,,175000,170000,170000,
Uganda,30.503208,-0.119518,Ibanda,Ibanda,NPK 17 17 17,Commercial,UGX / 50kg,,,,,,155000,160000,170000,
Uganda,30.503208,-0.119518,Ibanda,Ibanda,Rapid grow,Commercial,UGX / 1 litre,,,,,,3500,3000,,
Uganda,30.503208,-0.119518,Ibanda,Ibanda,Urea,Commercial,UGX / 50kg,,,,,,135000,130000,,
Uganda,30.503208,-0.119518,Ibanda,Ibanda,CAN,Commercial,UGX / 50kg,,,,,,160000,160000,,
Uganda,30.503208,-0.119518,Ibanda,Ibanda,Super Green,Commercial,UGX / 1 litre,,,,,,10000,10000,,
Uganda,30.503208,-0.119518,Ibanda,Ibanda,Super Grow,Commercial,UGX / 5 litre,,,,,,150000,150000,,
Uganda,32.452605,0.061177,Wakiso,Wakiso,DAP,Commercial,UGX / 50kg,,,,,,125000,,113750,120833
Uganda,32.452605,0.061177,Wakiso,Wakiso,NPK 17 17 17,Commercial,UGX / 50kg,,,,,,126667,120000,116250,114167
Uganda,32.452605,0.061177,Wakiso,Wakiso,Rapid grow,Commercial,UGX / 1 litre,,,,,,3500,,,
Uganda,32.452605,0.061177,Wakiso,Wakiso,Super Green,Commercial,UGX / 1 litre,,,,,,10667,9000,,
Uganda,32.452605,0.061177,Wakiso,Wakiso,Urea,Commercial,UGX / 50kg,,,,,,113333,105000,90000,106667
Uganda,32.452605,0.061177,Wakiso,Wakiso,CAN,Commercial,UGX / 50kg,,,,,,107500,100000,88750,100000
Uganda,32.452605,0.061177,Wakiso,Wakiso,Super Grow,Commercial,UGX / 5 litre,,,,,,160000,147500,,
Uganda,32.452605,0.061177,Wakiso,Wakiso,NPK 25 5 5,Commercial,UGX / 50kg,,,,,,130000,122500,,
Uganda,31.394967,0.557423,Mubende,Mubende,CAN,Commercial,UGX / 50kg,,,,,,130000,,110000,109167
Uganda,31.394967,0.557423,Mubende,Mubende,Dia Grow,Commercial,UGX / 1 litre,,,,,,27500,,,
Uganda,31.394967,0.557423,Mubende,Mubende,DAP,Commercial,UGX / 50kg,,,,,,135000,,127500,133333
Uganda,31.394967,0.557423,Mubende,Mubende,NPK 17 17 17,Commercial,UGX / 50kg,,,,,,132500,112500,127500,126667
Uganda,31.394967,0.557423,Mubende,Mubende,Rapid grow,Commercial,UGX / 1 litre,,,,,,7500,10000,,
Uganda,31.394967,0.557423,Mubende,Mubende,Super Grow,Commercial,UGX / 1 litre,,,,,,14000,,,
Uganda,31.394967,0.557423,Mubende,Mubende,Super Grow,Commercial,UGX / 5 litre,,,,,,160000,137500,,
Uganda,31.394967,0.557423,Mubende,Mubende,Urea,Commercial,UGX / 50kg,,,,,,112500,97500,110000,109167
Uganda,31.394967,0.557423,Mubende,Mubende,NPK 25 5 5,Commercial,UGX / 50kg,,,,,,135000,110000,,
Uganda,31.394967,0.557423,Mubende,Mubende,Super Green,Commercial,UGX / 1 litre,,,,,,16000,9000,,
Uganda,31.394967,0.557423,Mubende,Mubende,Veg Max,Commercial,UGX / 1 litre,,,,,,72000,76000,,
Uganda,34.249954,1.233308,Sironko,Sironko,DAP,Commercial,UGX / 50kg,,,,,,140000,130000,,133333
Uganda,34.249954,1.233308,Sironko,Sironko,NPK 17 17 17,Commercial,UGX / 50kg,,,,,,140000,130000,,128333
Uganda,34.249954,1.233308,Sironko,Sironko,NPK 25 5 5,Commercial,UGX / 50kg,,,,,,140000,130000,,133333
Uganda,34.249954,1.233308,Sironko,Sironko,Rapid grow,Commercial,UGX / 1 litre,,,,,,6000,6000,,
Uganda,34.249954,1.233308,Sironko,Sironko,Super Green,Commercial,UGX / 1 litre,,,,,,4500,4500,,
Uganda,34.249954,1.233308,Sironko,Sironko,Super Grow,Commercial,UGX / 5 litre,,,,,,125000,130000,,
Uganda,34.249954,1.233308,Sironko,Sironko,Urea,Commercial,UGX / 50kg,,,,,,120000,110000,,100000
Uganda,34.249954,1.233308,Sironko,Sironko,CAN,Commercial,UGX / 50kg,,,,,,,,,100000
Uganda,34.249954,1.233308,Sironko,Sironko,NPK 20 10 10,Commercial,UGX / 50kg,,,,,,,,,130000
Uganda,33.124982,0.94525,Kamuli,Kamuli,CAN,Commercial,UGX / 50kg,,,,,,,,90000,103333
Uganda,33.124982,0.94525,Kamuli,Kamuli,DAP,Commercial,UGX / 50kg,,,,,,,,120000,126667
Uganda,33.124982,0.94525,Kamuli,Kamuli,NPK 17 17 17,Commercial,UGX / 50kg,,,,,,,,111667,118333
Uganda,33.124982,0.94525,Kamuli,Kamuli,TSP,Commercial,UGX / 50kg,,,,,,,,95000,95000
Uganda,33.124982,0.94525,Kamuli,Kamuli,Urea,Commercial,UGX / 50kg,,,,,,,,96667,105000
Uganda,31.5370003,-0.7069135,Rakai,Rakai,CAN,Commercial,UGX / 50kg,,,,,,,,91250,100000
Uganda,31.5370003,-0.7069135,Rakai,Rakai,DAP,Commercial,UGX / 50kg,,,,,,,,120000,123333
Uganda,31.5370003,-0.7069135,Rakai,Rakai,NPK 17 17 17,Commercial,UGX / 50kg,,,,,,,,118750,119167
Uganda,31.5370003,-0.7069135,Rakai,Rakai,Urea,Commercial,UGX / 50kg,,,,,,,,103750,105833
Uganda,34.333657,1.003083,Bududa,Bududa,CAN,Commercial,UGX / 50kg,,,,,,,,95000,105000
Uganda,34.333657,1.003083,Bududa,Bududa,DAP,Commercial,UGX / 50kg,,,,,,,,140000,151667
Uganda,34.333657,1.003083,Bududa,Bududa,NPK 17 17 17,Commercial,UGX / 50kg,,,,,,,,122500,131667
Uganda,34.333657,1.003083,Bududa,Bududa,NPK 20 10 10,Commercial,UGX / 50kg,,,,,,,,124000,130000
Uganda,34.333657,1.003083,Bududa,Bududa,NPK 25 5 5,Commercial,UGX / 50kg,,,,,,,,122500,130833
Uganda,34.333657,1.003083,Bududa,Bududa,Urea,Commercial,UGX / 50kg,,,,,,,,97500,106667
Uganda,33.204635,0.424505,jinja,jinja,MOP,Commercial,UGX / 50kg,,,,,,,,,80000
Uganda,33.204635,0.424505,jinja,jinja,DAP,Commercial,UGX / 50kg,,,,,,,,,126000
Uganda,33.204635,0.424505,jinja,jinja,NPK 17 17 17,Commercial,UGX / 50kg,,,,,,,,,120000
Uganda,33.204635,0.424505,jinja,jinja,SSP,Commercial,UGX / 50kg,,,,,,,,,120000
Uganda,33.204635,0.424505,jinja,jinja,CAN,Commercial,UGX / 50kg,,,,,,,,,120000
Uganda,33.204635,0.424505,jinja,jinja,Urea,Commercial,UGX / 50kg,,,,,,,,,87000
Uganda,32.87895,3.288485,Kitgum,Kitgum,DAP,Commercial,UGX / 50kg,,,,,,,,,135000
Uganda,32.87895,3.288485,Kitgum,Kitgum,NPK 17 17 17,Commercial,UGX / 50kg,,,,,,,,,125000
Uganda,32.87895,3.288485,Kitgum,Kitgum,Urea,Commercial,UGX / 50kg,,,,,,,,,120000
