Country,longitude,latitude,Town,Town-District,Fertilizer,Type,Unit,avg_2010,avg_2011,avg_2012,avg_2013,avg_2014,avg_2015,avg_2016,avg_2017,avg_2018
Zambia,28.088858,-14.655428,Chibombo,Chibombo,NPK 10 20 10 + 6.5S,Commercial,ZMW / 50kg,,,,219,216,326,,276,280
Zambia,28.088858,-14.655428,Chibombo,Chibombo,NPK 10 20 10 + 6.5S,Subsidized,ZMW / 50kg,,,,,,100,,66,47
Zambia,28.088858,-14.655428,Chibombo,Chibombo,Urea,Commercial,ZMW / 50kg,,,,220,211,344,353,266,270
Zambia,28.088858,-14.655428,Chibombo,Chibombo,Urea,Subsidized,ZMW / 50kg,,,,,,100,100,48,48
Zambia,28.088858,-14.655428,Chibombo,Chibombo,CAN,Commercial,ZMW / 50kg,,,,213,219,,,,
Zambia,28.088858,-14.655428,Chibombo,Chibombo,NPK,Commercial,ZMW / 50kg,,,,,,267,,,
Zambia,28.088858,-14.655428,Chibombo,Chibombo,NP 20 20 0 + 5S,Commercial,ZMW / 50kg,,,,,,350,343,,
Zambia,28.088858,-14.655428,Chibombo,Chibombo,NP 20 20 0 + 5S,Subsidized,ZMW / 50kg,,,,,,100,100,,
Zambia,32.6447,-13.64451,Chipata,Chipata,NPK 10 20 10 + 6.5S,Commercial,ZMW / 50kg,,,,195,,425,,278,287
Zambia,32.6447,-13.64451,Chipata,Chipata,NPK 10 20 10 + 6.5S,Subsidized,ZMW / 50kg,,,,,,100,,72,64
Zambia,32.6447,-13.64451,Chipata,Chipata,Urea,Commercial,ZMW / 50kg,,,,200,,393,376,263,285
Zambia,32.6447,-13.64451,Chipata,Chipata,Urea,Subsidized,ZMW / 50kg,,,,,,100,100,64,64
Zambia,32.6447,-13.64451,Chipata,Chipata,NPK,Commercial,ZMW / 50kg,,,,,,285,,,
Zambia,32.6447,-13.64451,Chipata,Chipata,NP 20 20 0 + 5S,Commercial,ZMW / 50kg,,,,,,380,368,,
Zambia,32.6447,-13.64451,Chipata,Chipata,NP 20 20 0 + 5S,Subsidized,ZMW / 50kg,,,,,,100,100,,
Zambia,26.997015,-16.805422,Choma,Choma,NPK 10 20 10 + 6.5S,Commercial,ZMW / 50kg,,,,229,214,425,,,
Zambia,26.997015,-16.805422,Choma,Choma,NPK 10 20 10 + 6.5S,Subsidized,ZMW / 50kg,,,,,,100,,,
Zambia,26.997015,-16.805422,Choma,Choma,Urea,Commercial,ZMW / 50kg,,,,224,214,440,420,,
Zambia,26.997015,-16.805422,Choma,Choma,Urea,Subsidized,ZMW / 50kg,,,,,,100,100,,
Zambia,26.997015,-16.805422,Choma,Choma,NPK,Commercial,ZMW / 50kg,,,,,,295,,,
Zambia,26.997015,-16.805422,Choma,Choma,NP 20 20 0 + 5S,Commercial,ZMW / 50kg,,,,,,400,388,,
Zambia,26.997015,-16.805422,Choma,Choma,NP 20 20 0 + 5S,Subsidized,ZMW / 50kg,,,,,,100,100,,
Zambia,28.218601,-12.823527,Kitwe,Kitwe,NPK 10 20 10 + 6.5S,Commercial,ZMW / 50kg,,,,220,222,357,,276,295
Zambia,28.218601,-12.823527,Kitwe,Kitwe,NPK 10 20 10 + 6.5S,Subsidized,ZMW / 50kg,,,,,,100,,74,63
Zambia,28.218601,-12.823527,Kitwe,Kitwe,Urea,Commercial,ZMW / 50kg,,,,225,223,365,384,255,285
Zambia,28.218601,-12.823527,Kitwe,Kitwe,Urea,Subsidized,ZMW / 50kg,,,,,,100,100,52,53
Zambia,28.218601,-12.823527,Kitwe,Kitwe,CAN,Commercial,ZMW / 50kg,,,,220,225,,,,
Zambia,28.218601,-12.823527,Kitwe,Kitwe,NPK,Commercial,ZMW / 50kg,,,,,,280,,,
Zambia,28.218601,-12.823527,Kitwe,Kitwe,NP 20 20 0 + 5S,Commercial,ZMW / 50kg,,,,,,380,362,,
Zambia,28.218601,-12.823527,Kitwe,Kitwe,NP 20 20 0 + 5S,Subsidized,ZMW / 50kg,,,,,,100,100,,
Zambia,28.888804,-11.18922,Mansa,Mansa,NPK 10 20 10 + 6.5S,Commercial,ZMW / 50kg,,,,230,233,438,,292,283
Zambia,28.888804,-11.18922,Mansa,Mansa,NPK 10 20 10 + 6.5S,Subsidized,ZMW / 50kg,,,,,,100,,84,54
Zambia,28.888804,-11.18922,Mansa,Mansa,Urea,Commercial,ZMW / 50kg,,,,220,227,417,390,285,276
Zambia,28.888804,-11.18922,Mansa,Mansa,Urea,Subsidized,ZMW / 50kg,,,,,,100,100,76,53
Zambia,28.888804,-11.18922,Mansa,Mansa,CAN,Commercial,ZMW / 50kg,,,,,234,,,,
Zambia,28.888804,-11.18922,Mansa,Mansa,NP 20 20 0 + 5S,Commercial,ZMW / 50kg,,,,,,380,374,,
Zambia,28.888804,-11.18922,Mansa,Mansa,NP 20 20 0 + 5S,Subsidized,ZMW / 50kg,,,,,,100,100,,
Zambia,31.451364,-11.82829,Mpika,Mpika,NPK 10 20 10 + 6.5S,Commercial,ZMW / 50kg,,,,250,,490,,,
Zambia,31.451364,-11.82829,Mpika,Mpika,NPK 10 20 10 + 6.5S,Subsidized,ZMW / 50kg,,,,,,100,,,
Zambia,31.451364,-11.82829,Mpika,Mpika,Urea,Commercial,ZMW / 50kg,,,,250,,417,390,,
Zambia,31.451364,-11.82829,Mpika,Mpika,Urea,Subsidized,ZMW / 50kg,,,,,,100,100,,
Zambia,31.451364,-11.82829,Mpika,Mpika,NP 20 20 0 + 5S,Commercial,ZMW / 50kg,,,,,,380,374,,
Zambia,31.451364,-11.82829,Mpika,Mpika,NP 20 20 0 + 5S,Subsidized,ZMW / 50kg,,,,,,100,100,,
Zambia,31.319849,-14.241257,Petauke,Petauke,NPK 10 20 10 + 6.5S,Commercial,ZMW / 50kg,,,,238,223,336,,276,275
Zambia,31.319849,-14.241257,Petauke,Petauke,NPK 10 20 10 + 6.5S,Subsidized,ZMW / 50kg,,,,,,100,,68,54
Zambia,31.319849,-14.241257,Petauke,Petauke,Urea,Commercial,ZMW / 50kg,,,,233,215,353,370,248,265
Zambia,31.319849,-14.241257,Petauke,Petauke,Urea,Subsidized,ZMW / 50kg,,,,,,100,100,56,56
Zambia,31.319849,-14.241257,Petauke,Petauke,NPK,Commercial,ZMW / 50kg,,,,,,298,,,
Zambia,31.319849,-14.241257,Petauke,Petauke,NP 20 20 0 + 5S,Commercial,ZMW / 50kg,,,,,,360,354,,
Zambia,31.319849,-14.241257,Petauke,Petauke,NP 20 20 0 + 5S,Subsidized,ZMW / 50kg,,,,,,100,100,,
Zambia,27.061896,-14.984488,Mumbwa,Mumbwa,Urea,Commercial,ZMW / 50kg,,,,218,215,356,351,242,275
Zambia,27.061896,-14.984488,Mumbwa,Mumbwa,Urea,Subsidized,ZMW / 50kg,,,,,,100,100,48,48
Zambia,27.061896,-14.984488,Mumbwa,Mumbwa,NPK 10 20 10 + 6.5S,Commercial,ZMW / 50kg,,,,210,210,354,,273,280
Zambia,27.061896,-14.984488,Mumbwa,Mumbwa,NPK 10 20 10 + 6.5S,Subsidized,ZMW / 50kg,,,,,,100,,66,66
Zambia,27.061896,-14.984488,Mumbwa,Mumbwa,NPK,Commercial,ZMW / 50kg,,,,,,290,,,
Zambia,27.061896,-14.984488,Mumbwa,Mumbwa,NP 20 20 0 + 5S,Commercial,ZMW / 50kg,,,,,,347,343,,
Zambia,27.061896,-14.984488,Mumbwa,Mumbwa,NP 20 20 0 + 5S,Subsidized,ZMW / 50kg,,,,,,100,100,,
Zambia,33.174189,-12.284932,Lundazi,Lundazi,NPK 10 20 10 + 6.5S,Commercial,ZMW / 50kg,,,,220,221,381,,,258
Zambia,33.174189,-12.284932,Lundazi,Lundazi,NPK 10 20 10 + 6.5S,Subsidized,ZMW / 50kg,,,,,,100,,,44
Zambia,33.174189,-12.284932,Lundazi,Lundazi,Urea,Commercial,ZMW / 50kg,,,,218,213,382,366,,250
Zambia,33.174189,-12.284932,Lundazi,Lundazi,Urea,Subsidized,ZMW / 50kg,,,,,,100,100,,43
Zambia,33.174189,-12.284932,Lundazi,Lundazi,NPK,Commercial,ZMW / 50kg,,,,,,290,,,
Zambia,33.174189,-12.284932,Lundazi,Lundazi,NP 20 20 0 + 5S,Commercial,ZMW / 50kg,,,,,,340,352,,
Zambia,33.174189,-12.284932,Lundazi,Lundazi,NP 20 20 0 + 5S,Subsidized,ZMW / 50kg,,,,,,100,100,,
Zambia,29.388906,-13.621158,Mkushi,Mkushi,NPK 10 20 10 + 6.5S,Commercial,ZMW / 50kg,,,,249,,364,,280,278
Zambia,29.388906,-13.621158,Mkushi,Mkushi,NPK 10 20 10 + 6.5S,Subsidized,ZMW / 50kg,,,,,,100,,66,57
Zambia,29.388906,-13.621158,Mkushi,Mkushi,NPK,Commercial,ZMW / 50kg,,,,,,295,,,
Zambia,29.388906,-13.621158,Mkushi,Mkushi,Urea,Commercial,ZMW / 50kg,,,,,,372,364,260,268
Zambia,29.388906,-13.621158,Mkushi,Mkushi,Urea,Subsidized,ZMW / 50kg,,,,,,100,100,48,49
Zambia,29.388906,-13.621158,Mkushi,Mkushi,NP 20 20 0 + 5S,Commercial,ZMW / 50kg,,,,,,360,354,,
Zambia,29.388906,-13.621158,Mkushi,Mkushi,NP 20 20 0 + 5S,Subsidized,ZMW / 50kg,,,,,,100,100,,
Zambia,28.284084,-15.415584,Lusaka,Lusaka,CAN,Commercial,ZMW / 50kg,,,,199,203,216,,,
Zambia,28.284084,-15.415584,Lusaka,Lusaka,NPK 10 20 10 + 6.5S,Commercial,ZMW / 50kg,,,,214,208,382,,270,275
Zambia,28.284084,-15.415584,Lusaka,Lusaka,NPK 10 20 10 + 6.5S,Subsidized,ZMW / 50kg,,,,,,100,,66,66
Zambia,28.284084,-15.415584,Lusaka,Lusaka,Urea,Commercial,ZMW / 50kg,,,,218,200,387,374,253,260
Zambia,28.284084,-15.415584,Lusaka,Lusaka,Urea,Subsidized,ZMW / 50kg,,,,,,100,100,56,56
Zambia,28.284084,-15.415584,Lusaka,Lusaka,NPK,Commercial,ZMW / 50kg,,,,,,295,,,
Zambia,28.284084,-15.415584,Lusaka,Lusaka,NP 20 20 0 + 5S,Commercial,ZMW / 50kg,,,,,,390,384,,
Zambia,28.284084,-15.415584,Lusaka,Lusaka,NP 20 20 0 + 5S,Subsidized,ZMW / 50kg,,,,,,100,100,,
Zambia,28.684811,-13.977868,Kapiri Mposhi,Kapiri Mposhi,CAN,Commercial,ZMW / 50kg,,,,208,,,,,
Zambia,28.684811,-13.977868,Kapiri Mposhi,Kapiri Mposhi,Urea,Commercial,ZMW / 50kg,,,,215,219,342,362,242,264
Zambia,28.684811,-13.977868,Kapiri Mposhi,Kapiri Mposhi,Urea,Subsidized,ZMW / 50kg,,,,,,100,100,52,51
Zambia,28.684811,-13.977868,Kapiri Mposhi,Kapiri Mposhi,NPK 10 20 10 + 6.5S,Commercial,ZMW / 50kg,,,,,220,331,,268,271
Zambia,28.684811,-13.977868,Kapiri Mposhi,Kapiri Mposhi,NPK 10 20 10 + 6.5S,Subsidized,ZMW / 50kg,,,,,,100,,68,58
Zambia,28.684811,-13.977868,Kapiri Mposhi,Kapiri Mposhi,NPK,Commercial,ZMW / 50kg,,,,,,275,,,
Zambia,28.684811,-13.977868,Kapiri Mposhi,Kapiri Mposhi,NP 20 20 0 + 5S,Commercial,ZMW / 50kg,,,,,,340,343,,
Zambia,28.684811,-13.977868,Kapiri Mposhi,Kapiri Mposhi,NP 20 20 0 + 5S,Subsidized,ZMW / 50kg,,,,,,100,100,,
Zambia,28.684811,-13.977868,Kapiri Mposhi,Kapiri Mposhi,Ammonium nitrate,Subsidized,ZMW / 50kg,,,,,,,,,68
Zambia,28.684811,-13.977868,Kapiri Mposhi,Kapiri Mposhi,Ammonium nitrate,Commercial,ZMW / 50kg,,,,,,,,,288
Zambia,28.684811,-13.977868,Kapiri Mposhi,Kapiri Mposhi,NK 16 0 24,Commercial,ZMW / 50kg,,,,,,,,,224
Zambia,28.684811,-13.977868,Kapiri Mposhi,Kapiri Mposhi,NK 16 0 24,Subsidized,ZMW / 50kg,,,,,,,,,42
Zambia,28.684811,-13.977868,kapir,Kapiri Mposhi,NPK 10 20 10 + 6.5S,Commercial,ZMW / 50kg,,,,,206,,,,
Zambia,28.684811,-13.977868,kapir,Kapiri Mposhi,Urea,Commercial,ZMW / 50kg,,,,,201,,,,
Zambia,27.849332,-13.133897,Chakwa,Chakwa,NPK 10 20 10 + 6.5S,Commercial,ZMW / 50kg,,,,,214,215,,,
Zambia,27.849332,-13.133897,Chakwa,Chakwa,Urea,Commercial,ZMW / 50kg,,,,,214,215,,,
Zambia,33.8801952,-24.7057037,Manjacaze,Manjacaze,NPK 10 20 10 + 6.5S,Commercial,ZMW / 50kg,,,,,242,,,,
Zambia,33.8801952,-24.7057037,Manjacaze,Manjacaze,Urea,Commercial,ZMW / 50kg,,,,,229,,,,
Zambia,33.8801952,-24.7057037,Manjacaze,Manjacaze,CAN,Commercial,ZMW / 50kg,,,,,228,,,,
Zambia,32.043969,-14.058413,Katete,Katete,NPK,Commercial,ZMW / 50kg,,,,,,280,,,
Zambia,32.043969,-14.058413,Katete,Katete,NPK 10 20 10 + 6.5S,Commercial,ZMW / 50kg,,,,,,370,,,265
Zambia,32.043969,-14.058413,Katete,Katete,NPK 10 20 10 + 6.5S,Subsidized,ZMW / 50kg,,,,,,100,,,45
Zambia,32.043969,-14.058413,Katete,Katete,Urea,Commercial,ZMW / 50kg,,,,,,381,370,,260
Zambia,32.043969,-14.058413,Katete,Katete,Urea,Subsidized,ZMW / 50kg,,,,,,100,100,,43
Zambia,32.043969,-14.058413,Katete,Katete,NP 20 20 0 + 5S,Commercial,ZMW / 50kg,,,,,,360,354,,
Zambia,32.043969,-14.058413,Katete,Katete,NP 20 20 0 + 5S,Subsidized,ZMW / 50kg,,,,,,100,100,,
Zambia,28.416286,-13.143462,Luanshya,Luanshya,NPK,Commercial,ZMW / 50kg,,,,,,280,,,
Zambia,28.416286,-13.143462,Luanshya,Luanshya,NPK 10 20 10 + 6.5S,Commercial,ZMW / 50kg,,,,,,426,,275,275
Zambia,28.416286,-13.143462,Luanshya,Luanshya,NPK 10 20 10 + 6.5S,Subsidized,ZMW / 50kg,,,,,,100,,71,55
Zambia,28.416286,-13.143462,Luanshya,Luanshya,Urea,Commercial,ZMW / 50kg,,,,,,409,388,265,265
Zambia,28.416286,-13.143462,Luanshya,Luanshya,Urea,Subsidized,ZMW / 50kg,,,,,,100,100,57,57
Zambia,28.416286,-13.143462,Luanshya,Luanshya,NP 20 20 0 + 5S,Commercial,ZMW / 50kg,,,,,,380,362,,
Zambia,28.416286,-13.143462,Luanshya,Luanshya,NP 20 20 0 + 5S,Subsidized,ZMW / 50kg,,,,,,100,100,,
Zambia,28.416286,-13.143462,Luanshya,Luanshya,NK 16 0 24,Commercial,ZMW / 50kg,,,,,,,,,250
Zambia,28.416286,-13.143462,Luanshya,Luanshya,NK 16 0 24,Subsidized,ZMW / 50kg,,,,,,,,,40
Zambia,31.760862,-14.214011,Sinda,Sinda,NPK,Commercial,ZMW / 50kg,,,,,,285,,,
Zambia,31.760862,-14.214011,Sinda,Sinda,NPK 10 20 10 + 6.5S,Commercial,ZMW / 50kg,,,,,,353,,,
Zambia,31.760862,-14.214011,Sinda,Sinda,NPK 10 20 10 + 6.5S,Subsidized,ZMW / 50kg,,,,,,100,,,
Zambia,31.760862,-14.214011,Sinda,Sinda,Urea,Commercial,ZMW / 50kg,,,,,,360,370,,
Zambia,31.760862,-14.214011,Sinda,Sinda,Urea,Subsidized,ZMW / 50kg,,,,,,100,100,,
Zambia,31.760862,-14.214011,Sinda,Sinda,NP 20 20 0 + 5S,Commercial,ZMW / 50kg,,,,,,360,360,,
Zambia,31.760862,-14.214011,Sinda,Sinda,NP 20 20 0 + 5S,Subsidized,ZMW / 50kg,,,,,,100,100,,
Zambia,26.478399,-17.029904,Kalomo,Kalomo,NPK 10 20 10 + 6.5S,Commercial,ZMW / 50kg,,,,,,443,,,
Zambia,26.478399,-17.029904,Kalomo,Kalomo,NPK 10 20 10 + 6.5S,Subsidized,ZMW / 50kg,,,,,,100,,,
Zambia,26.478399,-17.029904,Kalomo,Kalomo,Urea,Commercial,ZMW / 50kg,,,,,,443,402,,
Zambia,26.478399,-17.029904,Kalomo,Kalomo,Urea,Subsidized,ZMW / 50kg,,,,,,100,100,,
Zambia,26.478399,-17.029904,Kalomo,Kalomo,NP 20 20 0 + 5S,Commercial,ZMW / 50kg,,,,,,400,382,,
Zambia,26.478399,-17.029904,Kalomo,Kalomo,NP 20 20 0 + 5S,Subsidized,ZMW / 50kg,,,,,,100,100,,
Zambia,24.797744,-14.811734,Kaoma,Kaoma,NPK 10 20 10 + 6.5S,Commercial,ZMW / 50kg,,,,,,460,,,
Zambia,24.797744,-14.811734,Kaoma,Kaoma,NPK 10 20 10 + 6.5S,Subsidized,ZMW / 50kg,,,,,,100,,,
Zambia,24.797744,-14.811734,Kaoma,Kaoma,Urea,Commercial,ZMW / 50kg,,,,,,423,392,,
Zambia,24.797744,-14.811734,Kaoma,Kaoma,Urea,Subsidized,ZMW / 50kg,,,,,,100,100,,
Zambia,24.797744,-14.811734,Kaoma,Kaoma,NP 20 20 0 + 5S,Commercial,ZMW / 50kg,,,,,,400,388,,
Zambia,24.797744,-14.811734,Kaoma,Kaoma,NP 20 20 0 + 5S,Subsidized,ZMW / 50kg,,,,,,100,100,,
Zambia,31.193901,-10.229122,Kasama,Kasama,NPK 10 20 10 + 6.5S,Commercial,ZMW / 50kg,,,,,,435,,,
Zambia,31.193901,-10.229122,Kasama,Kasama,NPK 10 20 10 + 6.5S,Subsidized,ZMW / 50kg,,,,,,100,,,
Zambia,31.193901,-10.229122,Kasama,Kasama,Urea,Commercial,ZMW / 50kg,,,,,,410,386,,
Zambia,31.193901,-10.229122,Kasama,Kasama,Urea,Subsidized,ZMW / 50kg,,,,,,100,100,,
Zambia,31.193901,-10.229122,Kasama,Kasama,NP 20 20 0 + 5S,Commercial,ZMW / 50kg,,,,,,390,378,,
Zambia,31.193901,-10.229122,Kasama,Kasama,NP 20 20 0 + 5S,Subsidized,ZMW / 50kg,,,,,,100,100,,
Zambia,28.451491,-14.42837,Kabwe,Kabwe,NPK 10 20 10 + 6.5S,Commercial,ZMW / 50kg,,,,,,400,,270,270
Zambia,28.451491,-14.42837,Kabwe,Kabwe,NPK 10 20 10 + 6.5S,Subsidized,ZMW / 50kg,,,,,,100,,68,65
Zambia,28.451491,-14.42837,Kabwe,Kabwe,Urea,Commercial,ZMW / 50kg,,,,,,395,370,244,267
Zambia,28.451491,-14.42837,Kabwe,Kabwe,Urea,Subsidized,ZMW / 50kg,,,,,,100,100,56,56
Zambia,28.451491,-14.42837,Kabwe,Kabwe,NP 20 20 0 + 5S,Commercial,ZMW / 50kg,,,,,,390,366,,
Zambia,28.451491,-14.42837,Kabwe,Kabwe,NP 20 20 0 + 5S,Subsidized,ZMW / 50kg,,,,,,100,100,,
Zambia,28.094709,-12.842646,Kalulushi,Kalulushi,NPK 10 20 10 + 6.5S,Commercial,ZMW / 50kg,,,,,,450,,285,282
Zambia,28.094709,-12.842646,Kalulushi,Kalulushi,NPK 10 20 10 + 6.5S,Subsidized,ZMW / 50kg,,,,,,100,,71,62
Zambia,28.094709,-12.842646,Kalulushi,Kalulushi,Urea,Commercial,ZMW / 50kg,,,,,,410,384,275,275
Zambia,28.094709,-12.842646,Kalulushi,Kalulushi,Urea,Subsidized,ZMW / 50kg,,,,,,100,100,56,56
Zambia,28.094709,-12.842646,Kalulushi,Kalulushi,NP 20 20 0 + 5S,Commercial,ZMW / 50kg,,,,,,380,362,,
Zambia,28.094709,-12.842646,Kalulushi,Kalulushi,NP 20 20 0 + 5S,Subsidized,ZMW / 50kg,,,,,,100,100,,
Zambia,28.377795,-14.981206,Chisamba,Chisamba,NPK 10 20 10 + 6.5S,Commercial,ZMW / 50kg,,,,,,,,273,275
Zambia,28.377795,-14.981206,Chisamba,Chisamba,NPK 10 20 10 + 6.5S,Subsidized,ZMW / 50kg,,,,,,,,66,63
Zambia,28.377795,-14.981206,Chisamba,Chisamba,Urea,Commercial,ZMW / 50kg,,,,,,,,243,255
Zambia,28.377795,-14.981206,Chisamba,Chisamba,Urea,Subsidized,ZMW / 50kg,,,,,,,,56,56
Zambia,28.377795,-14.981206,Chisamba,Chisamba,Ammonium nitrate,Commercial,ZMW / 50kg,,,,,,,,,237
Zambia,28.377795,-14.981206,Chisamba,Chisamba,Ammonium nitrate,Subsidized,ZMW / 50kg,,,,,,,,,37
Zambia,28.240967,-12.550271,Mufulira,Mufulira,NPK 10 20 10 + 6.5S,Commercial,ZMW / 50kg,,,,,,,,283,295
Zambia,28.240967,-12.550271,Mufulira,Mufulira,NPK 10 20 10 + 6.5S,Subsidized,ZMW / 50kg,,,,,,,,66,66
Zambia,28.240967,-12.550271,Mufulira,Mufulira,Urea,Commercial,ZMW / 50kg,,,,,,,,269,280
Zambia,28.240967,-12.550271,Mufulira,Mufulira,Urea,Subsidized,ZMW / 50kg,,,,,,,,56,56
Zambia,32.636191,-10.153139,Isoka,Isoka,NPK 10 20 10 + 6.5S,Commercial,ZMW / 50kg,,,,,,,,269,280
Zambia,32.636191,-10.153139,Isoka,Isoka,NPK 10 20 10 + 6.5S,Subsidized,ZMW / 50kg,,,,,,,,66,66
Zambia,32.636191,-10.153139,Isoka,Isoka,Urea,Commercial,ZMW / 50kg,,,,,,,,255,270
Zambia,32.636191,-10.153139,Isoka,Isoka,Urea,Subsidized,ZMW / 50kg,,,,,,,,50,48
Zambia,27.4733,-16.280381,Monze,Monze,NPK 10 20 10 + 6.5S,Commercial,ZMW / 50kg,,,,,,,,272,275
Zambia,27.4733,-16.280381,Monze,Monze,NPK 10 20 10 + 6.5S,Subsidized,ZMW / 50kg,,,,,,,,66,54
Zambia,27.4733,-16.280381,Monze,Monze,Urea,Commercial,ZMW / 50kg,,,,,,,,243,270
Zambia,27.4733,-16.280381,Monze,Monze,Urea,Subsidized,ZMW / 50kg,,,,,,,,56,52
Zambia,32.6447,-13.64451,Chipata,Chipata,NPK 10 20 10 + 6.5S,Commercial,ZMW / 50kg,,,,,,,,290,
Zambia,32.6447,-13.64451,Chipata,Chipata,NPK 10 20 10 + 6.5S,Subsidized,ZMW / 50kg,,,,,,,,84,
Zambia,32.6447,-13.64451,Chipata,Chipata,Urea,Commercial,ZMW / 50kg,,,,,,,,285,
Zambia,32.6447,-13.64451,Chipata,Chipata,Urea,Subsidized,ZMW / 50kg,,,,,,,,79,
Zambia,27.749072,-15.861225,Mazabuka,Mazabuka,Urea,Commercial,ZMW / 50kg,,,,,,,,265,266
Zambia,27.749072,-15.861225,Mazabuka,Mazabuka,Urea,Subsidized,ZMW / 50kg,,,,,,,,45,49
Zambia,27.749072,-15.861225,Mazabuka,Mazabuka,NPK 10 20 10 + 6.5S,Commercial,ZMW / 50kg,,,,,,,,285,283
Zambia,27.749072,-15.861225,Mazabuka,Mazabuka,NPK 10 20 10 + 6.5S,Subsidized,ZMW / 50kg,,,,,,,,79,57
Zambia,27.373737,-12.893094,Lufwanyama,Marys Mission,Urea,Commercial,ZMW / 50kg,,,,,,,,290,285
Zambia,27.373737,-12.893094,Lufwanyama,Marys Mission,Urea,Subsidized,ZMW / 50kg,,,,,,,,85,56
Zambia,27.373737,-12.893094,Lufwanyama,Marys Mission,NPK 10 20 10 + 6.5S,Commercial,ZMW / 50kg,,,,,,,,300,290
Zambia,27.373737,-12.893094,Lufwanyama,Marys Mission,NPK 10 20 10 + 6.5S,Subsidized,ZMW / 50kg,,,,,,,,88,62
Zambia,28.16673,-13.508254,Mpongwe,Mpongwe,NPK 10 20 10 + 6.5S,Subsidized,ZMW / 50kg,,,,,,,,,57
Zambia,28.16673,-13.508254,Mpongwe,Mpongwe,NPK 10 20 10 + 6.5S,Commercial,ZMW / 50kg,,,,,,,,,290
Zambia,26.383976,-12.166871,Solwezi,Solwezi,NPK 10 20 10 + 6.5S,Commercial,ZMW / 50kg,,,,,,,,,285
Zambia,26.383976,-12.166871,Solwezi,Solwezi,NPK 10 20 10 + 6.5S,Subsidized,ZMW / 50kg,,,,,,,,,62
Zambia,26.383976,-12.166871,Solwezi,Solwezi,Urea,Commercial,ZMW / 50kg,,,,,,,,,275
Zambia,26.383976,-12.166871,Solwezi,Solwezi,Urea,Subsidized,ZMW / 50kg,,,,,,,,,56
Zambia,26.437093,-15.752458,Namwala,Namwala,NPK 10 20 10 + 6.5S,Commercial,ZMW / 50kg,,,,,,,,,270
Zambia,26.437093,-15.752458,Namwala,Namwala,NPK 10 20 10 + 6.5S,Subsidized,ZMW / 50kg,,,,,,,,,45
Zambia,26.437093,-15.752458,Namwala,Namwala,Urea,Commercial,ZMW / 50kg,,,,,,,,,265
Zambia,26.437093,-15.752458,Namwala,Namwala,Urea,Subsidized,ZMW / 50kg,,,,,,,,,45
Zambia,28.147145,-16.231351,Chikankata,Chikankata,NPK 10 20 10 + 6.5S,Commercial,ZMW / 50kg,,,,,,,,,270
Zambia,28.147145,-16.231351,Chikankata,Chikankata,NPK 10 20 10 + 6.5S,Subsidized,ZMW / 50kg,,,,,,,,,45
Zambia,28.147145,-16.231351,Chikankata,Chikankata,Urea,Commercial,ZMW / 50kg,,,,,,,,,265
Zambia,28.147145,-16.231351,Chikankata,Chikankata,Urea,Subsidized,ZMW / 50kg,,,,,,,,,45
Zambia,28.711054,-16.532338,Siavonga,Siavonga,NPK 10 20 10 + 6.5S,Commercial,ZMW / 50kg,,,,,,,,,280
Zambia,28.711054,-16.532338,Siavonga,Siavonga,NPK 10 20 10 + 6.5S,Subsidized,ZMW / 50kg,,,,,,,,,48
Zambia,28.711054,-16.532338,Siavonga,Siavonga,Urea,Commercial,ZMW / 50kg,,,,,,,,,260
Zambia,28.711054,-16.532338,Siavonga,Siavonga,Urea,Subsidized,ZMW / 50kg,,,,,,,,,44
Zambia,31.1710389,-14.1700712,Nyimba,Nyimba,NPK 10 20 10 + 6.5S,Commercial,ZMW / 50kg,,,,,,,,,275
Zambia,31.1710389,-14.1700712,Nyimba,Nyimba,NPK 10 20 10 + 6.5S,Subsidized,ZMW / 50kg,,,,,,,,,46
Zambia,31.1710389,-14.1700712,Nyimba,Nyimba,Urea,Commercial,ZMW / 50kg,,,,,,,,,270
Zambia,31.1710389,-14.1700712,Nyimba,Nyimba,Urea,Subsidized,ZMW / 50kg,,,,,,,,,45
Zambia,30.233971,-13.232564,Serenje,Serenje,NPK 10 20 10 + 6.5S,Commercial,ZMW / 50kg,,,,,,,,,270
Zambia,30.233971,-13.232564,Serenje,Serenje,NPK 10 20 10 + 6.5S,Subsidized,ZMW / 50kg,,,,,,,,,55
Zambia,30.233971,-13.232564,Serenje,Serenje,Urea,Commercial,ZMW / 50kg,,,,,,,,,260
Zambia,30.233971,-13.232564,Serenje,Serenje,Urea,Subsidized,ZMW / 50kg,,,,,,,,,43
Zambia,30.233971,-13.232564,Serenje,Serenje,CAN,Commercial,ZMW / 50kg,,,,,,,,,238
Zambia,30.233971,-13.232564,Serenje,Serenje,CAN,Subsidized,ZMW / 50kg,,,,,,,,,37
Zambia,30.233971,-13.232564,Serenje,Serenje,NK 16 0 24,Commercial,ZMW / 50kg,,,,,,,,,260
Zambia,30.233971,-13.232564,Serenje,Serenje,NK 16 0 24,Subsidized,ZMW / 50kg,,,,,,,,,43
